image_path,label,label_id
c:\Users\hasibul shaikh\Documents\Car_Color_Detection_AI\data\raw\archive (6)\train\tan\5cfb1f816b.jpg,tan,12
c:\Users\hasibul shaikh\Documents\Car_Color_Detection_AI\data\raw\archive (6)\train\green\b34c18d32a.jpg,green,5
c:\Users\hasibul shaikh\Documents\Car_Color_Detection_AI\data\raw\archive (6)\train\white\07e38253c0.jpg,white,13
c:\Users\hasibul shaikh\Documents\Car_Color_Detection_AI\data\raw\archive (6)\val\red\3aed793ca1.jpg,red,10
c:\Users\hasibul shaikh\Documents\Car_Color_Detection_AI\data\raw\archive (6)\train\yellow\75856eeb18.jpg,yellow,14
c:\Users\hasibul shaikh\Documents\Car_Color_Detection_AI\data\raw\archive (6)\train\red\df0a4eabcb.jpg,red,10
c:\Users\hasibul shaikh\Documents\Car_Color_Detection_AI\data\raw\archive (6)\train\brown\1e1820bf2c.jpg,brown,3
c:\Users\hasibul shaikh\Documents\Car_Color_Detection_AI\data\raw\archive (6)\train\purple\a9f4e28b14.jpg,purple,9
c:\Users\hasibul shaikh\Documents\Car_Color_Detection_AI\data\raw\archive (6)\train\green\654969f62d.jpg,green,5
c:\Users\hasibul shaikh\Documents\Car_Color_Detection_AI\data\raw\archive (6)\val\brown\e5eb7f1771.jpg,brown,3
c:\Users\hasibul shaikh\Documents\Car_Color_Detection_AI\data\raw\archive (6)\train\purple\5e6db93149.jpg,purple,9
c:\Users\hasibul shaikh\Documents\Car_Color_Detection_AI\data\raw\archive (6)\train\pink\2cdde9f255.jpg,pink,8
c:\Users\hasibul shaikh\Documents\Car_Color_Detection_AI\data\raw\archive (6)\train\blue\be55872e30.jpg,blue,2
c:\Users\hasibul shaikh\Documents\Car_Color_Detection_AI\data\raw\archive (6)\train\yellow\b5bde2d3f8.jpg,yellow,14
c:\Users\hasibul shaikh\Documents\Car_Color_Detection_AI\data\raw\archive (6)\train\green\9212e8c67e.jpg,green,5
c:\Users\hasibul shaikh\Documents\Car_Color_Detection_AI\data\raw\archive (6)\train\pink\1bd147646f.jpg,pink,8
c:\Users\hasibul shaikh\Documents\Car_Color_Detection_AI\data\raw\archive (6)\train\blue\3bd9e96864.jpg,blue,2
c:\Users\hasibul shaikh\Documents\Car_Color_Detection_AI\data\raw\archive (6)\train\beige\a689966d35.jpg,beige,0
c:\Users\hasibul shaikh\Documents\Car_Color_Detection_AI\data\raw\archive (6)\train\blue\812073198e.jpg,blue,2
c:\Users\hasibul shaikh\Documents\Car_Color_Detection_AI\data\raw\archive (6)\test\green\17632bf148.jpg,green,5
c:\Users\hasibul shaikh\Documents\Car_Color_Detection_AI\data\raw\archive (6)\test\blue\d21e577bac.jpg,blue,2
c:\Users\hasibul shaikh\Documents\Car_Color_Detection_AI\data\raw\archive (6)\val\brown\6d775b4182.jpg,brown,3
c:\Users\hasibul shaikh\Documents\Car_Color_Detection_AI\data\raw\archive (6)\val\yellow\2ad1e5cecd.jpg,yellow,14
c:\Users\hasibul shaikh\Documents\Car_Color_Detection_AI\data\raw\archive (6)\train\blue\69df79600c.jpg,blue,2
c:\Users\hasibul shaikh\Documents\Car_Color_Detection_AI\data\raw\archive (6)\train\pink\58320d3132.jpg,pink,8
c:\Users\hasibul shaikh\Documents\Car_Color_Detection_AI\data\raw\archive (6)\train\blue\fbf32ac0b7.jpg,blue,2
c:\Users\hasibul shaikh\Documents\Car_Color_Detection_AI\data\raw\archive (6)\train\green\d1d1b550d4.jpg,green,5
c:\Users\hasibul shaikh\Documents\Car_Color_Detection_AI\data\raw\archive (6)\train\orange\bc0555e277.jpg,orange,7
c:\Users\hasibul shaikh\Documents\Car_Color_Detection_AI\data\raw\archive (6)\train\red\e0d1bc48fb.jpg,red,10
c:\Users\hasibul shaikh\Documents\Car_Color_Detection_AI\data\raw\archive (6)\train\black\04035fad8c.jpg,black,1
c:\Users\hasibul shaikh\Documents\Car_Color_Detection_AI\data\raw\archive (6)\val\yellow\49e3db7dc3.jpg,yellow,14
c:\Users\hasibul shaikh\Documents\Car_Color_Detection_AI\data\raw\archive (6)\test\tan\ce374f4f88.jpg,tan,12
c:\Users\hasibul shaikh\Documents\Car_Color_Detection_AI\data\raw\archive (6)\train\brown\be173d8742.jpg,brown,3
c:\Users\hasibul shaikh\Documents\Car_Color_Detection_AI\data\raw\archive (6)\train\purple\7a6578c064.jpg,purple,9
c:\Users\hasibul shaikh\Documents\Car_Color_Detection_AI\data\raw\archive (6)\val\brown\779e767704.jpg,brown,3
c:\Users\hasibul shaikh\Documents\Car_Color_Detection_AI\data\raw\archive (6)\train\purple\d8d9dcb4f1.jpg,purple,9
c:\Users\hasibul shaikh\Documents\Car_Color_Detection_AI\data\raw\archive (6)\train\pink\5f4ce4cee3.jpg,pink,8
c:\Users\hasibul shaikh\Documents\Car_Color_Detection_AI\data\raw\archive (6)\train\beige\1543077d36.jpg,beige,0
c:\Users\hasibul shaikh\Documents\Car_Color_Detection_AI\data\raw\archive (6)\train\orange\4a1fd14bae.jpg,orange,7
c:\Users\hasibul shaikh\Documents\Car_Color_Detection_AI\data\raw\archive (6)\train\black\9cfff4fcb1.jpg,black,1
c:\Users\hasibul shaikh\Documents\Car_Color_Detection_AI\data\raw\archive (6)\train\white\add8628329.jpg,white,13
c:\Users\hasibul shaikh\Documents\Car_Color_Detection_AI\data\raw\archive (6)\val\white\f67b465452.jpg,white,13
c:\Users\hasibul shaikh\Documents\Car_Color_Detection_AI\data\raw\archive (6)\train\green\2e24e9742c.jpg,green,5
c:\Users\hasibul shaikh\Documents\Car_Color_Detection_AI\data\raw\archive (6)\val\pink\55e0decb64.jpg,pink,8
c:\Users\hasibul shaikh\Documents\Car_Color_Detection_AI\data\raw\archive (6)\test\orange\e3407f4247.jpg,orange,7
c:\Users\hasibul shaikh\Documents\Car_Color_Detection_AI\data\raw\archive (6)\test\blue\2a433ab3a9.jpg,blue,2
c:\Users\hasibul shaikh\Documents\Car_Color_Detection_AI\data\raw\archive (6)\train\beige\43cd6c2593.jpg,beige,0
c:\Users\hasibul shaikh\Documents\Car_Color_Detection_AI\data\raw\archive (6)\test\white\12af095f70.jpg,white,13
c:\Users\hasibul shaikh\Documents\Car_Color_Detection_AI\data\raw\archive (6)\train\tan\a3e5ff0b7c.jpg,tan,12
c:\Users\hasibul shaikh\Documents\Car_Color_Detection_AI\data\raw\archive (6)\val\pink\5f11d37917.jpg,pink,8
c:\Users\hasibul shaikh\Documents\Car_Color_Detection_AI\data\raw\archive (6)\train\grey\e443272309.jpg,grey,6
c:\Users\hasibul shaikh\Documents\Car_Color_Detection_AI\data\raw\archive (6)\train\yellow\c88a2777ee.jpg,yellow,14
c:\Users\hasibul shaikh\Documents\Car_Color_Detection_AI\data\raw\archive (6)\train\blue\7033167f96.jpg,blue,2
c:\Users\hasibul shaikh\Documents\Car_Color_Detection_AI\data\raw\archive (6)\train\purple\b8cfc59f4a.jpg,purple,9
c:\Users\hasibul shaikh\Documents\Car_Color_Detection_AI\data\raw\archive (6)\train\blue\e03bb05e9b.jpg,blue,2
c:\Users\hasibul shaikh\Documents\Car_Color_Detection_AI\data\raw\archive (6)\train\blue\7753a40c2e.jpg,blue,2
c:\Users\hasibul shaikh\Documents\Car_Color_Detection_AI\data\raw\archive (6)\train\green\07b80f8d4b.jpg,green,5
c:\Users\hasibul shaikh\Documents\Car_Color_Detection_AI\data\raw\archive (6)\train\black\8b3d91ceca.jpg,black,1
c:\Users\hasibul shaikh\Documents\Car_Color_Detection_AI\data\raw\archive (6)\train\grey\fa1e4fc0ce.jpg,grey,6
c:\Users\hasibul shaikh\Documents\Car_Color_Detection_AI\data\raw\archive (6)\train\red\2713a12bc1.jpg,red,10
c:\Users\hasibul shaikh\Documents\Car_Color_Detection_AI\data\raw\archive (6)\train\yellow\416301d6b2.jpg,yellow,14
c:\Users\hasibul shaikh\Documents\Car_Color_Detection_AI\data\raw\archive (6)\train\pink\c89cfdd94a.jpg,pink,8
c:\Users\hasibul shaikh\Documents\Car_Color_Detection_AI\data\raw\archive (6)\train\tan\4f1790f39f.jpg,tan,12
c:\Users\hasibul shaikh\Documents\Car_Color_Detection_AI\data\raw\archive (6)\train\green\9370f7c7c5.jpg,green,5
c:\Users\hasibul shaikh\Documents\Car_Color_Detection_AI\data\raw\archive (6)\train\blue\22051e3c75.jpg,blue,2
c:\Users\hasibul shaikh\Documents\Car_Color_Detection_AI\data\raw\archive (6)\test\beige\33fe711bdb.jpg,beige,0
c:\Users\hasibul shaikh\Documents\Car_Color_Detection_AI\data\raw\archive (6)\train\purple\8730717ee6.jpg,purple,9
c:\Users\hasibul shaikh\Documents\Car_Color_Detection_AI\data\raw\archive (6)\train\orange\da16acf5df.jpg,orange,7
c:\Users\hasibul shaikh\Documents\Car_Color_Detection_AI\data\raw\archive (6)\val\beige\d479eb3f38.jpg,beige,0
c:\Users\hasibul shaikh\Documents\Car_Color_Detection_AI\data\raw\archive (6)\test\gold\dce5200403.jpg,gold,4
c:\Users\hasibul shaikh\Documents\Car_Color_Detection_AI\data\raw\archive (6)\test\gold\0dd82921f0.jpg,gold,4
c:\Users\hasibul shaikh\Documents\Car_Color_Detection_AI\data\raw\archive (6)\train\pink\9c7219f4b3.jpg,pink,8
c:\Users\hasibul shaikh\Documents\Car_Color_Detection_AI\data\raw\archive (6)\train\tan\7ff4694b22.jpg,tan,12
c:\Users\hasibul shaikh\Documents\Car_Color_Detection_AI\data\raw\archive (6)\train\grey\60f7e48e8a.jpg,grey,6
c:\Users\hasibul shaikh\Documents\Car_Color_Detection_AI\data\raw\archive (6)\train\tan\e2b8c596d4.jpg,tan,12
c:\Users\hasibul shaikh\Documents\Car_Color_Detection_AI\data\raw\archive (6)\train\pink\30d96b97af.jpg,pink,8
c:\Users\hasibul shaikh\Documents\Car_Color_Detection_AI\data\raw\archive (6)\train\tan\1c79d3d85f.jpg,tan,12
c:\Users\hasibul shaikh\Documents\Car_Color_Detection_AI\data\raw\archive (6)\train\pink\610a69550f.jpg,pink,8
c:\Users\hasibul shaikh\Documents\Car_Color_Detection_AI\data\raw\archive (6)\train\yellow\2411ca0fbe.jpg,yellow,14
c:\Users\hasibul shaikh\Documents\Car_Color_Detection_AI\data\raw\archive (6)\test\purple\8b9a713016.jpg,purple,9
c:\Users\hasibul shaikh\Documents\Car_Color_Detection_AI\data\raw\archive (6)\train\pink\ed3aba1f19.jpg,pink,8
c:\Users\hasibul shaikh\Documents\Car_Color_Detection_AI\data\raw\archive (6)\train\beige\c24aa4c8d9.jpg,beige,0
c:\Users\hasibul shaikh\Documents\Car_Color_Detection_AI\data\raw\archive (6)\train\silver\4993775ce0.jpg,silver,11
c:\Users\hasibul shaikh\Documents\Car_Color_Detection_AI\data\raw\archive (6)\train\purple\42a7ee7b7c.jpg,purple,9
c:\Users\hasibul shaikh\Documents\Car_Color_Detection_AI\data\raw\archive (6)\train\blue\f6014c10be.jpg,blue,2
c:\Users\hasibul shaikh\Documents\Car_Color_Detection_AI\data\raw\archive (6)\train\yellow\d95701c7cd.jpg,yellow,14
c:\Users\hasibul shaikh\Documents\Car_Color_Detection_AI\data\raw\archive (6)\test\beige\c7fe225e5c.jpg,beige,0
c:\Users\hasibul shaikh\Documents\Car_Color_Detection_AI\data\raw\archive (6)\test\green\1d8c22e15a.jpg,green,5
c:\Users\hasibul shaikh\Documents\Car_Color_Detection_AI\data\raw\archive (6)\val\tan\f4e1826343.jpg,tan,12
c:\Users\hasibul shaikh\Documents\Car_Color_Detection_AI\data\raw\archive (6)\train\black\9fa8a84cd8.jpg,black,1
c:\Users\hasibul shaikh\Documents\Car_Color_Detection_AI\data\raw\archive (6)\test\red\b34edb2e61.jpg,red,10
c:\Users\hasibul shaikh\Documents\Car_Color_Detection_AI\data\raw\archive (6)\train\white\799120c98f.jpg,white,13
c:\Users\hasibul shaikh\Documents\Car_Color_Detection_AI\data\raw\archive (6)\train\orange\1d01c54877.jpg,orange,7
c:\Users\hasibul shaikh\Documents\Car_Color_Detection_AI\data\raw\archive (6)\test\beige\a00b3fe655.jpg,beige,0
c:\Users\hasibul shaikh\Documents\Car_Color_Detection_AI\data\raw\archive (6)\train\blue\ba63e1827e.jpg,blue,2
c:\Users\hasibul shaikh\Documents\Car_Color_Detection_AI\data\raw\archive (6)\train\white\aea5217078.jpg,white,13
c:\Users\hasibul shaikh\Documents\Car_Color_Detection_AI\data\raw\archive (6)\train\yellow\2c3cfd1a0f.jpg,yellow,14
c:\Users\hasibul shaikh\Documents\Car_Color_Detection_AI\data\raw\archive (6)\train\yellow\2630b56445.jpg,yellow,14
c:\Users\hasibul shaikh\Documents\Car_Color_Detection_AI\data\raw\archive (6)\val\beige\3b495070b3.jpg,beige,0
c:\Users\hasibul shaikh\Documents\Car_Color_Detection_AI\data\raw\archive (6)\train\orange\fa4321c513.jpg,orange,7
c:\Users\hasibul shaikh\Documents\Car_Color_Detection_AI\data\raw\archive (6)\test\brown\c12d94db13.jpg,brown,3
c:\Users\hasibul shaikh\Documents\Car_Color_Detection_AI\data\raw\archive (6)\test\silver\f96e08bb92.jpg,silver,11
c:\Users\hasibul shaikh\Documents\Car_Color_Detection_AI\data\raw\archive (6)\train\beige\3c7e355a0c.jpg,beige,0
c:\Users\hasibul shaikh\Documents\Car_Color_Detection_AI\data\raw\archive (6)\train\purple\b8dc9a3199.jpg,purple,9
c:\Users\hasibul shaikh\Documents\Car_Color_Detection_AI\data\raw\archive (6)\train\red\8fa73e6c39.jpg,red,10
c:\Users\hasibul shaikh\Documents\Car_Color_Detection_AI\data\raw\archive (6)\val\yellow\7fdbf1f63a.jpg,yellow,14
c:\Users\hasibul shaikh\Documents\Car_Color_Detection_AI\data\raw\archive (6)\train\purple\e2afe811c6.jpg,purple,9
c:\Users\hasibul shaikh\Documents\Car_Color_Detection_AI\data\raw\archive (6)\train\blue\1823cab19c.jpg,blue,2
c:\Users\hasibul shaikh\Documents\Car_Color_Detection_AI\data\raw\archive (6)\test\silver\1c80e5b519.jpg,silver,11
c:\Users\hasibul shaikh\Documents\Car_Color_Detection_AI\data\raw\archive (6)\train\black\edc93c1185.jpg,black,1
c:\Users\hasibul shaikh\Documents\Car_Color_Detection_AI\data\raw\archive (6)\train\red\3350933999.jpg,red,10
c:\Users\hasibul shaikh\Documents\Car_Color_Detection_AI\data\raw\archive (6)\train\yellow\2b945c37a3.jpg,yellow,14
c:\Users\hasibul shaikh\Documents\Car_Color_Detection_AI\data\raw\archive (6)\train\tan\444ff56df5.jpg,tan,12
c:\Users\hasibul shaikh\Documents\Car_Color_Detection_AI\data\raw\archive (6)\train\grey\242941e583.jpg,grey,6
c:\Users\hasibul shaikh\Documents\Car_Color_Detection_AI\data\raw\archive (6)\train\silver\818f8095ca.jpg,silver,11
c:\Users\hasibul shaikh\Documents\Car_Color_Detection_AI\data\raw\archive (6)\train\green\74724d0750.jpg,green,5
c:\Users\hasibul shaikh\Documents\Car_Color_Detection_AI\data\raw\archive (6)\train\yellow\9ff95e0e5e.jpg,yellow,14
c:\Users\hasibul shaikh\Documents\Car_Color_Detection_AI\data\raw\archive (6)\train\pink\cecb6ad487.jpg,pink,8
c:\Users\hasibul shaikh\Documents\Car_Color_Detection_AI\data\raw\archive (6)\train\brown\ff47afe5fe.jpg,brown,3
c:\Users\hasibul shaikh\Documents\Car_Color_Detection_AI\data\raw\archive (6)\train\beige\7b920a0335.jpg,beige,0
c:\Users\hasibul shaikh\Documents\Car_Color_Detection_AI\data\raw\archive (6)\train\yellow\2b4c1698cc.jpg,yellow,14
c:\Users\hasibul shaikh\Documents\Car_Color_Detection_AI\data\raw\archive (6)\train\yellow\dfca8f17fe.jpg,yellow,14
c:\Users\hasibul shaikh\Documents\Car_Color_Detection_AI\data\raw\archive (6)\train\beige\3408cef820.jpg,beige,0
c:\Users\hasibul shaikh\Documents\Car_Color_Detection_AI\data\raw\archive (6)\train\red\aed1b2e993.jpg,red,10
c:\Users\hasibul shaikh\Documents\Car_Color_Detection_AI\data\raw\archive (6)\train\red\4113abe29f.jpg,red,10
c:\Users\hasibul shaikh\Documents\Car_Color_Detection_AI\data\raw\archive (6)\test\yellow\91e7db6ffc.jpg,yellow,14
c:\Users\hasibul shaikh\Documents\Car_Color_Detection_AI\data\raw\archive (6)\val\pink\a9472500a7.jpg,pink,8
c:\Users\hasibul shaikh\Documents\Car_Color_Detection_AI\data\raw\archive (6)\train\pink\0dfcdae04d.jpg,pink,8
c:\Users\hasibul shaikh\Documents\Car_Color_Detection_AI\data\raw\archive (6)\train\beige\91f58b9854.jpg,beige,0
c:\Users\hasibul shaikh\Documents\Car_Color_Detection_AI\data\raw\archive (6)\train\black\d0e048f08d.jpg,black,1
c:\Users\hasibul shaikh\Documents\Car_Color_Detection_AI\data\raw\archive (6)\train\green\108b3e81b4.jpg,green,5
c:\Users\hasibul shaikh\Documents\Car_Color_Detection_AI\data\raw\archive (6)\train\green\85c228227d.jpg,green,5
c:\Users\hasibul shaikh\Documents\Car_Color_Detection_AI\data\raw\archive (6)\test\brown\accea89876.jpg,brown,3
c:\Users\hasibul shaikh\Documents\Car_Color_Detection_AI\data\raw\archive (6)\train\yellow\e6f20774b0.jpg,yellow,14
c:\Users\hasibul shaikh\Documents\Car_Color_Detection_AI\data\raw\archive (6)\train\purple\342bdebc3a.jpg,purple,9
c:\Users\hasibul shaikh\Documents\Car_Color_Detection_AI\data\raw\archive (6)\val\pink\db5a2855fc.jpg,pink,8
c:\Users\hasibul shaikh\Documents\Car_Color_Detection_AI\data\raw\archive (6)\test\silver\0978881df0.jpg,silver,11
c:\Users\hasibul shaikh\Documents\Car_Color_Detection_AI\data\raw\archive (6)\train\green\75414f60a8.jpg,green,5
c:\Users\hasibul shaikh\Documents\Car_Color_Detection_AI\data\raw\archive (6)\test\yellow\cf44d5b723.jpg,yellow,14
c:\Users\hasibul shaikh\Documents\Car_Color_Detection_AI\data\raw\archive (6)\train\green\7e96c04ae4.jpg,green,5
c:\Users\hasibul shaikh\Documents\Car_Color_Detection_AI\data\raw\archive (6)\test\pink\1b60b2d9b7.jpg,pink,8
c:\Users\hasibul shaikh\Documents\Car_Color_Detection_AI\data\raw\archive (6)\val\red\13c97afed0.jpg,red,10
c:\Users\hasibul shaikh\Documents\Car_Color_Detection_AI\data\raw\archive (6)\train\yellow\e772286f6a.jpg,yellow,14
c:\Users\hasibul shaikh\Documents\Car_Color_Detection_AI\data\raw\archive (6)\val\orange\92c6b16308.jpg,orange,7
c:\Users\hasibul shaikh\Documents\Car_Color_Detection_AI\data\raw\archive (6)\train\white\9c13e01322.jpg,white,13
c:\Users\hasibul shaikh\Documents\Car_Color_Detection_AI\data\raw\archive (6)\train\tan\695639a2e9.jpg,tan,12
c:\Users\hasibul shaikh\Documents\Car_Color_Detection_AI\data\raw\archive (6)\train\pink\54a0e9955d.jpg,pink,8
c:\Users\hasibul shaikh\Documents\Car_Color_Detection_AI\data\raw\archive (6)\train\beige\9e9eb67641.jpg,beige,0
c:\Users\hasibul shaikh\Documents\Car_Color_Detection_AI\data\raw\archive (6)\train\purple\bbff7e6232.jpg,purple,9
c:\Users\hasibul shaikh\Documents\Car_Color_Detection_AI\data\raw\archive (6)\train\purple\ca1657ee23.jpg,purple,9
c:\Users\hasibul shaikh\Documents\Car_Color_Detection_AI\data\raw\archive (6)\train\red\f99099fb9c.jpg,red,10
c:\Users\hasibul shaikh\Documents\Car_Color_Detection_AI\data\raw\archive (6)\train\brown\f0416a0070.jpg,brown,3
c:\Users\hasibul shaikh\Documents\Car_Color_Detection_AI\data\raw\archive (6)\train\blue\09354ebb93.jpg,blue,2
c:\Users\hasibul shaikh\Documents\Car_Color_Detection_AI\data\raw\archive (6)\train\red\4fd084e990.jpg,red,10
c:\Users\hasibul shaikh\Documents\Car_Color_Detection_AI\data\raw\archive (6)\train\beige\f359331694.jpg,beige,0
c:\Users\hasibul shaikh\Documents\Car_Color_Detection_AI\data\raw\archive (6)\val\pink\e86b440df8.jpg,pink,8
c:\Users\hasibul shaikh\Documents\Car_Color_Detection_AI\data\raw\archive (6)\train\green\ae4c70cba5.jpg,green,5
c:\Users\hasibul shaikh\Documents\Car_Color_Detection_AI\data\raw\archive (6)\train\brown\451005f4bd.jpg,brown,3
c:\Users\hasibul shaikh\Documents\Car_Color_Detection_AI\data\raw\archive (6)\train\brown\05c088c96b.jpg,brown,3
c:\Users\hasibul shaikh\Documents\Car_Color_Detection_AI\data\raw\archive (6)\train\pink\252b3c875f.jpg,pink,8
c:\Users\hasibul shaikh\Documents\Car_Color_Detection_AI\data\raw\archive (6)\train\brown\43886016cf.jpg,brown,3
c:\Users\hasibul shaikh\Documents\Car_Color_Detection_AI\data\raw\archive (6)\train\grey\bb2699d11f.jpg,grey,6
c:\Users\hasibul shaikh\Documents\Car_Color_Detection_AI\data\raw\archive (6)\test\brown\c6479216af.jpg,brown,3
c:\Users\hasibul shaikh\Documents\Car_Color_Detection_AI\data\raw\archive (6)\train\red\bf35bacbed.jpg,red,10
c:\Users\hasibul shaikh\Documents\Car_Color_Detection_AI\data\raw\archive (6)\train\purple\2e9bb09777.jpg,purple,9
c:\Users\hasibul shaikh\Documents\Car_Color_Detection_AI\data\raw\archive (6)\train\purple\8ae7fc0027.jpg,purple,9
c:\Users\hasibul shaikh\Documents\Car_Color_Detection_AI\data\raw\archive (6)\train\pink\c05a7f115b.jpg,pink,8
c:\Users\hasibul shaikh\Documents\Car_Color_Detection_AI\data\raw\archive (6)\train\grey\f9c8f1169a.jpg,grey,6
c:\Users\hasibul shaikh\Documents\Car_Color_Detection_AI\data\raw\archive (6)\train\purple\9854b62a88.jpg,purple,9
c:\Users\hasibul shaikh\Documents\Car_Color_Detection_AI\data\raw\archive (6)\train\brown\fe7c5ccbf0.jpg,brown,3
c:\Users\hasibul shaikh\Documents\Car_Color_Detection_AI\data\raw\archive (6)\train\silver\60075055a4.jpg,silver,11
c:\Users\hasibul shaikh\Documents\Car_Color_Detection_AI\data\raw\archive (6)\train\green\6d742dbf93.jpg,green,5
c:\Users\hasibul shaikh\Documents\Car_Color_Detection_AI\data\raw\archive (6)\train\orange\e45f4313ce.jpg,orange,7
c:\Users\hasibul shaikh\Documents\Car_Color_Detection_AI\data\raw\archive (6)\train\orange\03d1ecaa63.jpg,orange,7
c:\Users\hasibul shaikh\Documents\Car_Color_Detection_AI\data\raw\archive (6)\test\black\2f9f999f61.jpg,black,1
c:\Users\hasibul shaikh\Documents\Car_Color_Detection_AI\data\raw\archive (6)\test\yellow\50d99d3884.jpg,yellow,14
c:\Users\hasibul shaikh\Documents\Car_Color_Detection_AI\data\raw\archive (6)\train\black\04b2cbd14a.jpg,black,1
c:\Users\hasibul shaikh\Documents\Car_Color_Detection_AI\data\raw\archive (6)\train\pink\94db1441a9.jpg,pink,8
c:\Users\hasibul shaikh\Documents\Car_Color_Detection_AI\data\raw\archive (6)\val\red\1bbd1bb9fe.jpg,red,10
c:\Users\hasibul shaikh\Documents\Car_Color_Detection_AI\data\raw\archive (6)\train\black\9457caf725.jpg,black,1
c:\Users\hasibul shaikh\Documents\Car_Color_Detection_AI\data\raw\archive (6)\train\gold\a8617f796f.jpg,gold,4
c:\Users\hasibul shaikh\Documents\Car_Color_Detection_AI\data\raw\archive (6)\train\white\80beb74442.jpg,white,13
c:\Users\hasibul shaikh\Documents\Car_Color_Detection_AI\data\raw\archive (6)\val\brown\5d10d7b481.jpg,brown,3
c:\Users\hasibul shaikh\Documents\Car_Color_Detection_AI\data\raw\archive (6)\train\yellow\6ed4e1b768.jpg,yellow,14
c:\Users\hasibul shaikh\Documents\Car_Color_Detection_AI\data\raw\archive (6)\train\purple\ce3712c457.jpg,purple,9
c:\Users\hasibul shaikh\Documents\Car_Color_Detection_AI\data\raw\archive (6)\train\pink\cea570296d.jpg,pink,8
c:\Users\hasibul shaikh\Documents\Car_Color_Detection_AI\data\raw\archive (6)\train\pink\eaecf725bb.jpg,pink,8
c:\Users\hasibul shaikh\Documents\Car_Color_Detection_AI\data\raw\archive (6)\train\yellow\02bf1fa8dd.jpg,yellow,14
c:\Users\hasibul shaikh\Documents\Car_Color_Detection_AI\data\raw\archive (6)\train\tan\98bb5aa826.jpg,tan,12
c:\Users\hasibul shaikh\Documents\Car_Color_Detection_AI\data\raw\archive (6)\train\red\d38ab1e34d.jpg,red,10
c:\Users\hasibul shaikh\Documents\Car_Color_Detection_AI\data\raw\archive (6)\test\green\c6f5a824e0.jpg,green,5
c:\Users\hasibul shaikh\Documents\Car_Color_Detection_AI\data\raw\archive (6)\train\beige\917937e5b9.jpg,beige,0
c:\Users\hasibul shaikh\Documents\Car_Color_Detection_AI\data\raw\archive (6)\test\silver\6a3303dc66.jpg,silver,11
c:\Users\hasibul shaikh\Documents\Car_Color_Detection_AI\data\raw\archive (6)\val\orange\f215b3b51a.jpg,orange,7
c:\Users\hasibul shaikh\Documents\Car_Color_Detection_AI\data\raw\archive (6)\train\brown\1cd5de923e.jpg,brown,3
c:\Users\hasibul shaikh\Documents\Car_Color_Detection_AI\data\raw\archive (6)\train\tan\b7d485e4f6.jpg,tan,12
c:\Users\hasibul shaikh\Documents\Car_Color_Detection_AI\data\raw\archive (6)\train\green\1a96b6e84e.jpg,green,5
c:\Users\hasibul shaikh\Documents\Car_Color_Detection_AI\data\raw\archive (6)\test\brown\192fc68f27.jpg,brown,3
c:\Users\hasibul shaikh\Documents\Car_Color_Detection_AI\data\raw\archive (6)\val\pink\8a1b76f098.jpg,pink,8
c:\Users\hasibul shaikh\Documents\Car_Color_Detection_AI\data\raw\archive (6)\train\yellow\44ba32fc31.jpg,yellow,14
c:\Users\hasibul shaikh\Documents\Car_Color_Detection_AI\data\raw\archive (6)\train\red\7b2ffb0334.jpg,red,10
c:\Users\hasibul shaikh\Documents\Car_Color_Detection_AI\data\raw\archive (6)\test\yellow\c5aa3e66e6.jpg,yellow,14
c:\Users\hasibul shaikh\Documents\Car_Color_Detection_AI\data\raw\archive (6)\val\yellow\8702ccb98c.jpg,yellow,14
c:\Users\hasibul shaikh\Documents\Car_Color_Detection_AI\data\raw\archive (6)\train\white\0a4ab87042.jpg,white,13
c:\Users\hasibul shaikh\Documents\Car_Color_Detection_AI\data\raw\archive (6)\train\purple\8ae1cc3bf7.jpg,purple,9
c:\Users\hasibul shaikh\Documents\Car_Color_Detection_AI\data\raw\archive (6)\test\red\34c055891f.jpg,red,10
c:\Users\hasibul shaikh\Documents\Car_Color_Detection_AI\data\raw\archive (6)\train\green\933b6463eb.jpg,green,5
c:\Users\hasibul shaikh\Documents\Car_Color_Detection_AI\data\raw\archive (6)\train\purple\5b93bb35c2.jpg,purple,9
c:\Users\hasibul shaikh\Documents\Car_Color_Detection_AI\data\raw\archive (6)\val\beige\5612927e33.jpg,beige,0
c:\Users\hasibul shaikh\Documents\Car_Color_Detection_AI\data\raw\archive (6)\val\purple\75aeda82c6.jpg,purple,9
c:\Users\hasibul shaikh\Documents\Car_Color_Detection_AI\data\raw\archive (6)\train\black\91859d06f5.jpg,black,1
c:\Users\hasibul shaikh\Documents\Car_Color_Detection_AI\data\raw\archive (6)\train\white\ff1039ae11.jpg,white,13
c:\Users\hasibul shaikh\Documents\Car_Color_Detection_AI\data\raw\archive (6)\train\beige\0e9acc9c07.jpg,beige,0
c:\Users\hasibul shaikh\Documents\Car_Color_Detection_AI\data\raw\archive (6)\train\pink\5e202b0921.jpg,pink,8
c:\Users\hasibul shaikh\Documents\Car_Color_Detection_AI\data\raw\archive (6)\test\grey\3e2a7ac811.jpg,grey,6
c:\Users\hasibul shaikh\Documents\Car_Color_Detection_AI\data\raw\archive (6)\train\tan\f3e7f6ef98.jpg,tan,12
c:\Users\hasibul shaikh\Documents\Car_Color_Detection_AI\data\raw\archive (6)\train\orange\331d1b4b35.jpg,orange,7
c:\Users\hasibul shaikh\Documents\Car_Color_Detection_AI\data\raw\archive (6)\train\grey\339b1faea4.jpg,grey,6
c:\Users\hasibul shaikh\Documents\Car_Color_Detection_AI\data\raw\archive (6)\test\beige\423683c20d.jpg,beige,0
c:\Users\hasibul shaikh\Documents\Car_Color_Detection_AI\data\raw\archive (6)\train\white\b3e2816ea2.jpg,white,13
c:\Users\hasibul shaikh\Documents\Car_Color_Detection_AI\data\raw\archive (6)\train\red\82d81b556a.jpg,red,10
c:\Users\hasibul shaikh\Documents\Car_Color_Detection_AI\data\raw\archive (6)\train\tan\ccb039e3c0.jpg,tan,12
c:\Users\hasibul shaikh\Documents\Car_Color_Detection_AI\data\raw\archive (6)\val\red\0c09b94122.jpg,red,10
c:\Users\hasibul shaikh\Documents\Car_Color_Detection_AI\data\raw\archive (6)\train\white\41aee4a3ef.jpg,white,13
c:\Users\hasibul shaikh\Documents\Car_Color_Detection_AI\data\raw\archive (6)\train\green\0920e92f43.jpg,green,5
c:\Users\hasibul shaikh\Documents\Car_Color_Detection_AI\data\raw\archive (6)\train\purple\6b2ff6522c.jpg,purple,9
c:\Users\hasibul shaikh\Documents\Car_Color_Detection_AI\data\raw\archive (6)\val\purple\b881e7bdcf.jpg,purple,9
c:\Users\hasibul shaikh\Documents\Car_Color_Detection_AI\data\raw\archive (6)\train\tan\7bda268ef2.jpg,tan,12
c:\Users\hasibul shaikh\Documents\Car_Color_Detection_AI\data\raw\archive (6)\train\yellow\79b60abb3a.jpg,yellow,14
c:\Users\hasibul shaikh\Documents\Car_Color_Detection_AI\data\raw\archive (6)\val\orange\caa958a5c4.jpg,orange,7
c:\Users\hasibul shaikh\Documents\Car_Color_Detection_AI\data\raw\archive (6)\train\grey\4f87e2d2b7.jpg,grey,6
c:\Users\hasibul shaikh\Documents\Car_Color_Detection_AI\data\raw\archive (6)\train\black\51e01f23c2.jpg,black,1
c:\Users\hasibul shaikh\Documents\Car_Color_Detection_AI\data\raw\archive (6)\train\red\b9496dd062.jpg,red,10
c:\Users\hasibul shaikh\Documents\Car_Color_Detection_AI\data\raw\archive (6)\val\yellow\4cfcb7e33e.jpg,yellow,14
c:\Users\hasibul shaikh\Documents\Car_Color_Detection_AI\data\raw\archive (6)\train\white\12159ae1c3.jpg,white,13
c:\Users\hasibul shaikh\Documents\Car_Color_Detection_AI\data\raw\archive (6)\val\tan\fa717a04e0.jpg,tan,12
c:\Users\hasibul shaikh\Documents\Car_Color_Detection_AI\data\raw\archive (6)\train\silver\58804cec2a.jpg,silver,11
c:\Users\hasibul shaikh\Documents\Car_Color_Detection_AI\data\raw\archive (6)\train\green\9d7c141c4a.jpg,green,5
c:\Users\hasibul shaikh\Documents\Car_Color_Detection_AI\data\raw\archive (6)\train\purple\2dc55f423a.jpg,purple,9
c:\Users\hasibul shaikh\Documents\Car_Color_Detection_AI\data\raw\archive (6)\train\silver\94df90c780.jpg,silver,11
c:\Users\hasibul shaikh\Documents\Car_Color_Detection_AI\data\raw\archive (6)\train\blue\ef2219034b.jpg,blue,2
c:\Users\hasibul shaikh\Documents\Car_Color_Detection_AI\data\raw\archive (6)\train\beige\666b47beaa.jpg,beige,0
c:\Users\hasibul shaikh\Documents\Car_Color_Detection_AI\data\raw\archive (6)\train\yellow\9799d57599.jpg,yellow,14
c:\Users\hasibul shaikh\Documents\Car_Color_Detection_AI\data\raw\archive (6)\test\beige\faa4f72eca.jpg,beige,0
c:\Users\hasibul shaikh\Documents\Car_Color_Detection_AI\data\raw\archive (6)\train\red\689e47538f.jpg,red,10
c:\Users\hasibul shaikh\Documents\Car_Color_Detection_AI\data\raw\archive (6)\train\purple\da1f84e405.jpg,purple,9
c:\Users\hasibul shaikh\Documents\Car_Color_Detection_AI\data\raw\archive (6)\train\yellow\84e805fef3.jpg,yellow,14
c:\Users\hasibul shaikh\Documents\Car_Color_Detection_AI\data\raw\archive (6)\train\purple\ee660267a1.jpg,purple,9
c:\Users\hasibul shaikh\Documents\Car_Color_Detection_AI\data\raw\archive (6)\train\purple\a29346d9bd.jpg,purple,9
c:\Users\hasibul shaikh\Documents\Car_Color_Detection_AI\data\raw\archive (6)\test\red\a820b47c0a.jpg,red,10
c:\Users\hasibul shaikh\Documents\Car_Color_Detection_AI\data\raw\archive (6)\train\black\83ea006732.jpg,black,1
c:\Users\hasibul shaikh\Documents\Car_Color_Detection_AI\data\raw\archive (6)\val\green\ba700f7b46.jpg,green,5
c:\Users\hasibul shaikh\Documents\Car_Color_Detection_AI\data\raw\archive (6)\val\orange\b50989504b.jpg,orange,7
c:\Users\hasibul shaikh\Documents\Car_Color_Detection_AI\data\raw\archive (6)\val\yellow\92c4079d68.jpg,yellow,14
c:\Users\hasibul shaikh\Documents\Car_Color_Detection_AI\data\raw\archive (6)\test\black\ce7e46c40c.jpg,black,1
c:\Users\hasibul shaikh\Documents\Car_Color_Detection_AI\data\raw\archive (6)\train\yellow\1977056e19.jpg,yellow,14
c:\Users\hasibul shaikh\Documents\Car_Color_Detection_AI\data\raw\archive (6)\val\green\2075052f55.jpg,green,5
c:\Users\hasibul shaikh\Documents\Car_Color_Detection_AI\data\raw\archive (6)\train\green\6e0e3fc6db.jpg,green,5
c:\Users\hasibul shaikh\Documents\Car_Color_Detection_AI\data\raw\archive (6)\train\red\b05dc80fd1.jpg,red,10
c:\Users\hasibul shaikh\Documents\Car_Color_Detection_AI\data\raw\archive (6)\train\grey\5d6fc48316.jpg,grey,6
c:\Users\hasibul shaikh\Documents\Car_Color_Detection_AI\data\raw\archive (6)\train\purple\d144baba33.jpg,purple,9
c:\Users\hasibul shaikh\Documents\Car_Color_Detection_AI\data\raw\archive (6)\val\yellow\afe316e46e.jpg,yellow,14
c:\Users\hasibul shaikh\Documents\Car_Color_Detection_AI\data\raw\archive (6)\val\purple\10996c6370.jpg,purple,9
c:\Users\hasibul shaikh\Documents\Car_Color_Detection_AI\data\raw\archive (6)\train\red\eadd605782.jpg,red,10
c:\Users\hasibul shaikh\Documents\Car_Color_Detection_AI\data\raw\archive (6)\train\gold\0d8451a905.jpg,gold,4
c:\Users\hasibul shaikh\Documents\Car_Color_Detection_AI\data\raw\archive (6)\train\silver\e4ea8173c7.jpg,silver,11
c:\Users\hasibul shaikh\Documents\Car_Color_Detection_AI\data\raw\archive (6)\train\red\28782e58c8.jpg,red,10
c:\Users\hasibul shaikh\Documents\Car_Color_Detection_AI\data\raw\archive (6)\val\blue\568da6c89a.jpg,blue,2
c:\Users\hasibul shaikh\Documents\Car_Color_Detection_AI\data\raw\archive (6)\val\blue\7822022bf5.jpg,blue,2
c:\Users\hasibul shaikh\Documents\Car_Color_Detection_AI\data\raw\archive (6)\train\beige\4a1f596897.jpg,beige,0
c:\Users\hasibul shaikh\Documents\Car_Color_Detection_AI\data\raw\archive (6)\test\red\c538164529.jpg,red,10
c:\Users\hasibul shaikh\Documents\Car_Color_Detection_AI\data\raw\archive (6)\train\purple\f44b35a7bb.jpg,purple,9
c:\Users\hasibul shaikh\Documents\Car_Color_Detection_AI\data\raw\archive (6)\train\blue\77a220e181.jpg,blue,2
c:\Users\hasibul shaikh\Documents\Car_Color_Detection_AI\data\raw\archive (6)\train\pink\bf46b67bc6.jpg,pink,8
c:\Users\hasibul shaikh\Documents\Car_Color_Detection_AI\data\raw\archive (6)\train\red\a164de9a87.jpg,red,10
c:\Users\hasibul shaikh\Documents\Car_Color_Detection_AI\data\raw\archive (6)\train\blue\85a72886bf.jpg,blue,2
c:\Users\hasibul shaikh\Documents\Car_Color_Detection_AI\data\raw\archive (6)\train\blue\9adc4f4d04.jpg,blue,2
c:\Users\hasibul shaikh\Documents\Car_Color_Detection_AI\data\raw\archive (6)\train\tan\a57c76d6b7.jpg,tan,12
c:\Users\hasibul shaikh\Documents\Car_Color_Detection_AI\data\raw\archive (6)\train\brown\20063f0473.jpg,brown,3
c:\Users\hasibul shaikh\Documents\Car_Color_Detection_AI\data\raw\archive (6)\val\white\908d01599d.jpg,white,13
c:\Users\hasibul shaikh\Documents\Car_Color_Detection_AI\data\raw\archive (6)\train\beige\f332b08a17.jpg,beige,0
c:\Users\hasibul shaikh\Documents\Car_Color_Detection_AI\data\raw\archive (6)\test\brown\2b4a787b7d - Copy.jpg,brown,3
c:\Users\hasibul shaikh\Documents\Car_Color_Detection_AI\data\raw\archive (6)\train\beige\1098fd6572.jpg,beige,0
c:\Users\hasibul shaikh\Documents\Car_Color_Detection_AI\data\raw\archive (6)\val\grey\195ca86baa.jpg,grey,6
c:\Users\hasibul shaikh\Documents\Car_Color_Detection_AI\data\raw\archive (6)\test\yellow\42cbda0430.jpg,yellow,14
c:\Users\hasibul shaikh\Documents\Car_Color_Detection_AI\data\raw\archive (6)\train\red\f6a8260d0d.jpg,red,10
c:\Users\hasibul shaikh\Documents\Car_Color_Detection_AI\data\raw\archive (6)\train\white\0c18a3a36b.jpg,white,13
c:\Users\hasibul shaikh\Documents\Car_Color_Detection_AI\data\raw\archive (6)\train\green\29bd61b635.jpg,green,5
c:\Users\hasibul shaikh\Documents\Car_Color_Detection_AI\data\raw\archive (6)\train\blue\2d7a37986b.jpg,blue,2
c:\Users\hasibul shaikh\Documents\Car_Color_Detection_AI\data\raw\archive (6)\train\pink\3a18f4ec26.jpg,pink,8
c:\Users\hasibul shaikh\Documents\Car_Color_Detection_AI\data\raw\archive (6)\train\black\d396ecb62b.jpg,black,1
c:\Users\hasibul shaikh\Documents\Car_Color_Detection_AI\data\raw\archive (6)\train\white\f5880bb3de.jpg,white,13
c:\Users\hasibul shaikh\Documents\Car_Color_Detection_AI\data\raw\archive (6)\train\beige\9978a34b5d.jpg,beige,0
c:\Users\hasibul shaikh\Documents\Car_Color_Detection_AI\data\raw\archive (6)\train\tan\052a91f13e.jpg,tan,12
c:\Users\hasibul shaikh\Documents\Car_Color_Detection_AI\data\raw\archive (6)\val\yellow\e8e5a940bd.jpg,yellow,14
c:\Users\hasibul shaikh\Documents\Car_Color_Detection_AI\data\raw\archive (6)\val\blue\0b2ca4bb14.jpg,blue,2
c:\Users\hasibul shaikh\Documents\Car_Color_Detection_AI\data\raw\archive (6)\train\gold\603c76f950.jpg,gold,4
c:\Users\hasibul shaikh\Documents\Car_Color_Detection_AI\data\raw\archive (6)\train\grey\64b57deaf6.jpg,grey,6
c:\Users\hasibul shaikh\Documents\Car_Color_Detection_AI\data\raw\archive (6)\train\blue\2bb9e3e7c7.jpg,blue,2
c:\Users\hasibul shaikh\Documents\Car_Color_Detection_AI\data\raw\archive (6)\train\white\9a395a96c8.jpg,white,13
c:\Users\hasibul shaikh\Documents\Car_Color_Detection_AI\data\raw\archive (6)\test\tan\641657a9ec.jpg,tan,12
c:\Users\hasibul shaikh\Documents\Car_Color_Detection_AI\data\raw\archive (6)\train\gold\7bfb277394.jpg,gold,4
c:\Users\hasibul shaikh\Documents\Car_Color_Detection_AI\data\raw\archive (6)\train\brown\7b04a0549a.jpg,brown,3
c:\Users\hasibul shaikh\Documents\Car_Color_Detection_AI\data\raw\archive (6)\train\grey\cc0ef46157.jpg,grey,6
c:\Users\hasibul shaikh\Documents\Car_Color_Detection_AI\data\raw\archive (6)\test\blue\3ea30365fc.jpg,blue,2
c:\Users\hasibul shaikh\Documents\Car_Color_Detection_AI\data\raw\archive (6)\train\blue\273af822f3.jpg,blue,2
c:\Users\hasibul shaikh\Documents\Car_Color_Detection_AI\data\raw\archive (6)\val\orange\85110a62cb.jpg,orange,7
c:\Users\hasibul shaikh\Documents\Car_Color_Detection_AI\data\raw\archive (6)\train\white\65b1e7774b.jpg,white,13
c:\Users\hasibul shaikh\Documents\Car_Color_Detection_AI\data\raw\archive (6)\train\black\de9f7450d3.jpg,black,1
c:\Users\hasibul shaikh\Documents\Car_Color_Detection_AI\data\raw\archive (6)\train\pink\82cad45d8d.jpg,pink,8
c:\Users\hasibul shaikh\Documents\Car_Color_Detection_AI\data\raw\archive (6)\train\orange\fbdfbdf503.jpg,orange,7
c:\Users\hasibul shaikh\Documents\Car_Color_Detection_AI\data\raw\archive (6)\test\grey\7340e83561.jpg,grey,6
c:\Users\hasibul shaikh\Documents\Car_Color_Detection_AI\data\raw\archive (6)\val\grey\b911284579.jpg,grey,6
c:\Users\hasibul shaikh\Documents\Car_Color_Detection_AI\data\raw\archive (6)\val\black\b5133eb9b4.jpg,black,1
c:\Users\hasibul shaikh\Documents\Car_Color_Detection_AI\data\raw\archive (6)\train\blue\61253b193a.jpg,blue,2
c:\Users\hasibul shaikh\Documents\Car_Color_Detection_AI\data\raw\archive (6)\val\blue\d931b20fbe.jpg,blue,2
c:\Users\hasibul shaikh\Documents\Car_Color_Detection_AI\data\raw\archive (6)\train\blue\45c1a38727.jpg,blue,2
c:\Users\hasibul shaikh\Documents\Car_Color_Detection_AI\data\raw\archive (6)\test\pink\d8bce385a0.jpg,pink,8
c:\Users\hasibul shaikh\Documents\Car_Color_Detection_AI\data\raw\archive (6)\val\blue\765d66ec6a.jpg,blue,2
c:\Users\hasibul shaikh\Documents\Car_Color_Detection_AI\data\raw\archive (6)\test\silver\cf5c51fb5f.jpg,silver,11
c:\Users\hasibul shaikh\Documents\Car_Color_Detection_AI\data\raw\archive (6)\train\black\6f22df81b0.jpg,black,1
c:\Users\hasibul shaikh\Documents\Car_Color_Detection_AI\data\raw\archive (6)\train\orange\9fa0bd50c3.jpg,orange,7
c:\Users\hasibul shaikh\Documents\Car_Color_Detection_AI\data\raw\archive (6)\val\grey\2dec8c0438.jpg,grey,6
c:\Users\hasibul shaikh\Documents\Car_Color_Detection_AI\data\raw\archive (6)\val\tan\ff449ba3ea.jpg,tan,12
c:\Users\hasibul shaikh\Documents\Car_Color_Detection_AI\data\raw\archive (6)\train\green\541e991562.jpg,green,5
c:\Users\hasibul shaikh\Documents\Car_Color_Detection_AI\data\raw\archive (6)\train\orange\757d7bdfb7.jpg,orange,7
c:\Users\hasibul shaikh\Documents\Car_Color_Detection_AI\data\raw\archive (6)\train\brown\55155a9293.jpg,brown,3
c:\Users\hasibul shaikh\Documents\Car_Color_Detection_AI\data\raw\archive (6)\train\yellow\f24d68f4e0.jpg,yellow,14
c:\Users\hasibul shaikh\Documents\Car_Color_Detection_AI\data\raw\archive (6)\train\tan\66203fa6d8.jpg,tan,12
c:\Users\hasibul shaikh\Documents\Car_Color_Detection_AI\data\raw\archive (6)\train\tan\cafffcb89c.jpg,tan,12
c:\Users\hasibul shaikh\Documents\Car_Color_Detection_AI\data\raw\archive (6)\train\blue\cd557a6bb5.jpg,blue,2
c:\Users\hasibul shaikh\Documents\Car_Color_Detection_AI\data\raw\archive (6)\train\pink\0e313c24de.jpg,pink,8
c:\Users\hasibul shaikh\Documents\Car_Color_Detection_AI\data\raw\archive (6)\train\blue\b4f0c28dff.jpg,blue,2
c:\Users\hasibul shaikh\Documents\Car_Color_Detection_AI\data\raw\archive (6)\train\purple\11e3c03ad0.jpg,purple,9
c:\Users\hasibul shaikh\Documents\Car_Color_Detection_AI\data\raw\archive (6)\train\tan\74c8fa5203.jpg,tan,12
c:\Users\hasibul shaikh\Documents\Car_Color_Detection_AI\data\raw\archive (6)\test\black\2201ea59f7.jpg,black,1
c:\Users\hasibul shaikh\Documents\Car_Color_Detection_AI\data\raw\archive (6)\train\black\6b59afe0fa.jpg,black,1
c:\Users\hasibul shaikh\Documents\Car_Color_Detection_AI\data\raw\archive (6)\train\silver\60baae6a9e.jpg,silver,11
c:\Users\hasibul shaikh\Documents\Car_Color_Detection_AI\data\raw\archive (6)\test\pink\38c1f1290d.jpg,pink,8
c:\Users\hasibul shaikh\Documents\Car_Color_Detection_AI\data\raw\archive (6)\test\tan\6ced5fdba1.jpg,tan,12
c:\Users\hasibul shaikh\Documents\Car_Color_Detection_AI\data\raw\archive (6)\val\yellow\9973c857ab.jpg,yellow,14
c:\Users\hasibul shaikh\Documents\Car_Color_Detection_AI\data\raw\archive (6)\train\purple\dcec03b11b.jpg,purple,9
c:\Users\hasibul shaikh\Documents\Car_Color_Detection_AI\data\raw\archive (6)\val\red\1e9f7a6a61.jpg,red,10
c:\Users\hasibul shaikh\Documents\Car_Color_Detection_AI\data\raw\archive (6)\test\purple\e21279e129.jpg,purple,9
c:\Users\hasibul shaikh\Documents\Car_Color_Detection_AI\data\raw\archive (6)\train\black\3e20d9b94a.jpg,black,1
c:\Users\hasibul shaikh\Documents\Car_Color_Detection_AI\data\raw\archive (6)\test\beige\4c2d996043.jpg,beige,0
c:\Users\hasibul shaikh\Documents\Car_Color_Detection_AI\data\raw\archive (6)\train\orange\de81494a13.jpg,orange,7
c:\Users\hasibul shaikh\Documents\Car_Color_Detection_AI\data\raw\archive (6)\val\tan\342c771676.jpg,tan,12
c:\Users\hasibul shaikh\Documents\Car_Color_Detection_AI\data\raw\archive (6)\train\silver\bbeb8be1a5.jpg,silver,11
c:\Users\hasibul shaikh\Documents\Car_Color_Detection_AI\data\raw\archive (6)\train\yellow\849753b894.jpg,yellow,14
c:\Users\hasibul shaikh\Documents\Car_Color_Detection_AI\data\raw\archive (6)\test\white\9ea1a411b5.jpg,white,13
c:\Users\hasibul shaikh\Documents\Car_Color_Detection_AI\data\raw\archive (6)\train\grey\4a443f4fff.jpg,grey,6
c:\Users\hasibul shaikh\Documents\Car_Color_Detection_AI\data\raw\archive (6)\train\grey\de1cf91288.jpg,grey,6
c:\Users\hasibul shaikh\Documents\Car_Color_Detection_AI\data\raw\archive (6)\train\blue\3f2f939552.jpg,blue,2
c:\Users\hasibul shaikh\Documents\Car_Color_Detection_AI\data\raw\archive (6)\val\blue\0c904d870e.jpg,blue,2
c:\Users\hasibul shaikh\Documents\Car_Color_Detection_AI\data\raw\archive (6)\train\blue\fd40ecc199.jpg,blue,2
c:\Users\hasibul shaikh\Documents\Car_Color_Detection_AI\data\raw\archive (6)\train\yellow\2e678b74cd.jpg,yellow,14
c:\Users\hasibul shaikh\Documents\Car_Color_Detection_AI\data\raw\archive (6)\test\yellow\4cd9239b41.jpg,yellow,14
c:\Users\hasibul shaikh\Documents\Car_Color_Detection_AI\data\raw\archive (6)\train\purple\6eac609860.jpg,purple,9
c:\Users\hasibul shaikh\Documents\Car_Color_Detection_AI\data\raw\archive (6)\val\purple\ec874c867e.jpg,purple,9
c:\Users\hasibul shaikh\Documents\Car_Color_Detection_AI\data\raw\archive (6)\train\grey\f16d7a131f.jpg,grey,6
c:\Users\hasibul shaikh\Documents\Car_Color_Detection_AI\data\raw\archive (6)\train\blue\54ec0e5e91.jpg,blue,2
c:\Users\hasibul shaikh\Documents\Car_Color_Detection_AI\data\raw\archive (6)\train\purple\8c6c77b82d.jpg,purple,9
c:\Users\hasibul shaikh\Documents\Car_Color_Detection_AI\data\raw\archive (6)\test\blue\5bfae8709b.jpg,blue,2
c:\Users\hasibul shaikh\Documents\Car_Color_Detection_AI\data\raw\archive (6)\train\black\5c03ac7b91.jpg,black,1
c:\Users\hasibul shaikh\Documents\Car_Color_Detection_AI\data\raw\archive (6)\test\pink\e9fa596994.jpg,pink,8
c:\Users\hasibul shaikh\Documents\Car_Color_Detection_AI\data\raw\archive (6)\train\blue\f8973fc3f7.jpg,blue,2
c:\Users\hasibul shaikh\Documents\Car_Color_Detection_AI\data\raw\archive (6)\test\purple\37756b7ebe.jpg,purple,9
c:\Users\hasibul shaikh\Documents\Car_Color_Detection_AI\data\raw\archive (6)\train\black\f667b21500.jpg,black,1
c:\Users\hasibul shaikh\Documents\Car_Color_Detection_AI\data\raw\archive (6)\train\blue\5c44dce9b2.jpg,blue,2
c:\Users\hasibul shaikh\Documents\Car_Color_Detection_AI\data\raw\archive (6)\train\blue\917a3d9ee1.jpg,blue,2
c:\Users\hasibul shaikh\Documents\Car_Color_Detection_AI\data\raw\archive (6)\test\white\c2a2040996.jpg,white,13
c:\Users\hasibul shaikh\Documents\Car_Color_Detection_AI\data\raw\archive (6)\val\red\da1d629657.jpg,red,10
c:\Users\hasibul shaikh\Documents\Car_Color_Detection_AI\data\raw\archive (6)\train\white\3b8ee259f4.jpg,white,13
c:\Users\hasibul shaikh\Documents\Car_Color_Detection_AI\data\raw\archive (6)\test\black\dbdf4800f4.jpg,black,1
c:\Users\hasibul shaikh\Documents\Car_Color_Detection_AI\data\raw\archive (6)\train\brown\f6857758a2.jpg,brown,3
c:\Users\hasibul shaikh\Documents\Car_Color_Detection_AI\data\raw\archive (6)\train\green\c0e4a33da8.jpg,green,5
c:\Users\hasibul shaikh\Documents\Car_Color_Detection_AI\data\raw\archive (6)\val\gold\32763128a4.jpg,gold,4
c:\Users\hasibul shaikh\Documents\Car_Color_Detection_AI\data\raw\archive (6)\train\brown\94aaa86b1f.jpg,brown,3
c:\Users\hasibul shaikh\Documents\Car_Color_Detection_AI\data\raw\archive (6)\test\yellow\aba6ab2189.jpg,yellow,14
c:\Users\hasibul shaikh\Documents\Car_Color_Detection_AI\data\raw\archive (6)\train\purple\fb65b5c0cf.jpg,purple,9
c:\Users\hasibul shaikh\Documents\Car_Color_Detection_AI\data\raw\archive (6)\train\green\cf78d87ff8.jpg,green,5
c:\Users\hasibul shaikh\Documents\Car_Color_Detection_AI\data\raw\archive (6)\train\grey\df03c51b5e.jpg,grey,6
c:\Users\hasibul shaikh\Documents\Car_Color_Detection_AI\data\raw\archive (6)\train\tan\bd4492d661.jpg,tan,12
c:\Users\hasibul shaikh\Documents\Car_Color_Detection_AI\data\raw\archive (6)\train\beige\db2b640f73.jpg,beige,0
c:\Users\hasibul shaikh\Documents\Car_Color_Detection_AI\data\raw\archive (6)\train\blue\368747e677.jpg,blue,2
c:\Users\hasibul shaikh\Documents\Car_Color_Detection_AI\data\raw\archive (6)\val\black\5c7247a44f.jpg,black,1
c:\Users\hasibul shaikh\Documents\Car_Color_Detection_AI\data\raw\archive (6)\val\brown\d0e105272a.jpg,brown,3
c:\Users\hasibul shaikh\Documents\Car_Color_Detection_AI\data\raw\archive (6)\val\white\860c93ae44.jpg,white,13
c:\Users\hasibul shaikh\Documents\Car_Color_Detection_AI\data\raw\archive (6)\train\gold\39b5772d86.jpg,gold,4
c:\Users\hasibul shaikh\Documents\Car_Color_Detection_AI\data\raw\archive (6)\train\black\4369a64408.jpg,black,1
c:\Users\hasibul shaikh\Documents\Car_Color_Detection_AI\data\raw\archive (6)\test\white\800e70c22c.jpg,white,13
c:\Users\hasibul shaikh\Documents\Car_Color_Detection_AI\data\raw\archive (6)\train\red\47dffd8e41.jpg,red,10
c:\Users\hasibul shaikh\Documents\Car_Color_Detection_AI\data\raw\archive (6)\test\purple\aeeb56195f.jpg,purple,9
c:\Users\hasibul shaikh\Documents\Car_Color_Detection_AI\data\raw\archive (6)\train\orange\9204b1b991.jpg,orange,7
c:\Users\hasibul shaikh\Documents\Car_Color_Detection_AI\data\raw\archive (6)\val\tan\8f94ff423e.jpg,tan,12
c:\Users\hasibul shaikh\Documents\Car_Color_Detection_AI\data\raw\archive (6)\train\pink\c8fbce1778.jpg,pink,8
c:\Users\hasibul shaikh\Documents\Car_Color_Detection_AI\data\raw\archive (6)\val\yellow\1a7c01aca8.jpg,yellow,14
c:\Users\hasibul shaikh\Documents\Car_Color_Detection_AI\data\raw\archive (6)\test\yellow\03f12c3964.jpg,yellow,14
c:\Users\hasibul shaikh\Documents\Car_Color_Detection_AI\data\raw\archive (6)\test\grey\59ce6bfd79.jpg,grey,6
c:\Users\hasibul shaikh\Documents\Car_Color_Detection_AI\data\raw\archive (6)\train\grey\a2827a343e.jpg,grey,6
c:\Users\hasibul shaikh\Documents\Car_Color_Detection_AI\data\raw\archive (6)\train\purple\7a8bf639b9.jpg,purple,9
c:\Users\hasibul shaikh\Documents\Car_Color_Detection_AI\data\raw\archive (6)\train\green\6a56d671d4.jpg,green,5
c:\Users\hasibul shaikh\Documents\Car_Color_Detection_AI\data\raw\archive (6)\train\beige\77901f1550.jpg,beige,0
c:\Users\hasibul shaikh\Documents\Car_Color_Detection_AI\data\raw\archive (6)\train\beige\37b7546f31.jpg,beige,0
c:\Users\hasibul shaikh\Documents\Car_Color_Detection_AI\data\raw\archive (6)\train\beige\77d09ba5a6.jpg,beige,0
c:\Users\hasibul shaikh\Documents\Car_Color_Detection_AI\data\raw\archive (6)\val\tan\a2dd3703c0.jpg,tan,12
c:\Users\hasibul shaikh\Documents\Car_Color_Detection_AI\data\raw\archive (6)\test\blue\fc064ceb5d.jpg,blue,2
c:\Users\hasibul shaikh\Documents\Car_Color_Detection_AI\data\raw\archive (6)\train\blue\19c8b12925.jpg,blue,2
c:\Users\hasibul shaikh\Documents\Car_Color_Detection_AI\data\raw\archive (6)\train\silver\2d229cf44d.jpg,silver,11
c:\Users\hasibul shaikh\Documents\Car_Color_Detection_AI\data\raw\archive (6)\test\orange\40323875f6.jpg,orange,7
c:\Users\hasibul shaikh\Documents\Car_Color_Detection_AI\data\raw\archive (6)\train\beige\93fa2d9d10.jpg,beige,0
c:\Users\hasibul shaikh\Documents\Car_Color_Detection_AI\data\raw\archive (6)\test\blue\7a5bc705e2.jpg,blue,2
c:\Users\hasibul shaikh\Documents\Car_Color_Detection_AI\data\raw\archive (6)\train\beige\c8977db73d.jpg,beige,0
c:\Users\hasibul shaikh\Documents\Car_Color_Detection_AI\data\raw\archive (6)\train\green\27e1d49ae9.jpg,green,5
c:\Users\hasibul shaikh\Documents\Car_Color_Detection_AI\data\raw\archive (6)\train\silver\1ac8c10c6d.jpg,silver,11
c:\Users\hasibul shaikh\Documents\Car_Color_Detection_AI\data\raw\archive (6)\train\blue\4bc8fed76a.jpg,blue,2
c:\Users\hasibul shaikh\Documents\Car_Color_Detection_AI\data\raw\archive (6)\val\yellow\49c8e63212.jpg,yellow,14
c:\Users\hasibul shaikh\Documents\Car_Color_Detection_AI\data\raw\archive (6)\train\orange\bf0e6ff074.jpg,orange,7
c:\Users\hasibul shaikh\Documents\Car_Color_Detection_AI\data\raw\archive (6)\train\red\d9b051cb42.jpg,red,10
c:\Users\hasibul shaikh\Documents\Car_Color_Detection_AI\data\raw\archive (6)\test\purple\b7ce8f9be5.jpg,purple,9
c:\Users\hasibul shaikh\Documents\Car_Color_Detection_AI\data\raw\archive (6)\train\purple\b5575b0eee.jpg,purple,9
c:\Users\hasibul shaikh\Documents\Car_Color_Detection_AI\data\raw\archive (6)\train\red\14e5df7b65.jpg,red,10
c:\Users\hasibul shaikh\Documents\Car_Color_Detection_AI\data\raw\archive (6)\val\gold\2155e8c3e2.jpg,gold,4
c:\Users\hasibul shaikh\Documents\Car_Color_Detection_AI\data\raw\archive (6)\train\pink\d89cf4627e.jpg,pink,8
c:\Users\hasibul shaikh\Documents\Car_Color_Detection_AI\data\raw\archive (6)\train\silver\d4ba72179a.jpg,silver,11
c:\Users\hasibul shaikh\Documents\Car_Color_Detection_AI\data\raw\archive (6)\train\brown\c4e92a2dc8.jpg,brown,3
c:\Users\hasibul shaikh\Documents\Car_Color_Detection_AI\data\raw\archive (6)\val\grey\e9ec9b02ba.jpg,grey,6
c:\Users\hasibul shaikh\Documents\Car_Color_Detection_AI\data\raw\archive (6)\train\beige\169fdcfd27.jpg,beige,0
c:\Users\hasibul shaikh\Documents\Car_Color_Detection_AI\data\raw\archive (6)\test\orange\5c3172394f.jpg,orange,7
c:\Users\hasibul shaikh\Documents\Car_Color_Detection_AI\data\raw\archive (6)\val\black\bb976f8f00.jpg,black,1
c:\Users\hasibul shaikh\Documents\Car_Color_Detection_AI\data\raw\archive (6)\test\pink\bab1b5faba.jpg,pink,8
c:\Users\hasibul shaikh\Documents\Car_Color_Detection_AI\data\raw\archive (6)\train\white\6887e62dd6.jpg,white,13
c:\Users\hasibul shaikh\Documents\Car_Color_Detection_AI\data\raw\archive (6)\train\brown\b7d1971136.jpg,brown,3
c:\Users\hasibul shaikh\Documents\Car_Color_Detection_AI\data\raw\archive (6)\train\pink\53abf2be35.jpg,pink,8
c:\Users\hasibul shaikh\Documents\Car_Color_Detection_AI\data\raw\archive (6)\train\white\b377e86008.jpg,white,13
c:\Users\hasibul shaikh\Documents\Car_Color_Detection_AI\data\raw\archive (6)\train\gold\c0837cd887.jpg,gold,4
c:\Users\hasibul shaikh\Documents\Car_Color_Detection_AI\data\raw\archive (6)\train\tan\a39fad1b88.jpg,tan,12
c:\Users\hasibul shaikh\Documents\Car_Color_Detection_AI\data\raw\archive (6)\train\silver\c3fca3c382.jpg,silver,11
c:\Users\hasibul shaikh\Documents\Car_Color_Detection_AI\data\raw\archive (6)\train\tan\ed3d9fa71d.jpg,tan,12
c:\Users\hasibul shaikh\Documents\Car_Color_Detection_AI\data\raw\archive (6)\train\yellow\6a6171bad4.jpg,yellow,14
c:\Users\hasibul shaikh\Documents\Car_Color_Detection_AI\data\raw\archive (6)\train\yellow\4e584593d6.jpg,yellow,14
c:\Users\hasibul shaikh\Documents\Car_Color_Detection_AI\data\raw\archive (6)\train\gold\5eb235d526.jpg,gold,4
c:\Users\hasibul shaikh\Documents\Car_Color_Detection_AI\data\raw\archive (6)\train\red\18eb07a025.jpg,red,10
c:\Users\hasibul shaikh\Documents\Car_Color_Detection_AI\data\raw\archive (6)\train\purple\c4c795c364.jpg,purple,9
c:\Users\hasibul shaikh\Documents\Car_Color_Detection_AI\data\raw\archive (6)\train\pink\c2544502ba.jpg,pink,8
c:\Users\hasibul shaikh\Documents\Car_Color_Detection_AI\data\raw\archive (6)\train\yellow\88444330af.jpg,yellow,14
c:\Users\hasibul shaikh\Documents\Car_Color_Detection_AI\data\raw\archive (6)\train\white\34722f4baf.jpg,white,13
c:\Users\hasibul shaikh\Documents\Car_Color_Detection_AI\data\raw\archive (6)\val\tan\bc4d05f258.jpg,tan,12
c:\Users\hasibul shaikh\Documents\Car_Color_Detection_AI\data\raw\archive (6)\train\yellow\0aeecd47f6.jpg,yellow,14
c:\Users\hasibul shaikh\Documents\Car_Color_Detection_AI\data\raw\archive (6)\train\green\ae5dcbac8d - Copy.jpg,green,5
c:\Users\hasibul shaikh\Documents\Car_Color_Detection_AI\data\raw\archive (6)\train\purple\3a19bcf2e8.jpg,purple,9
c:\Users\hasibul shaikh\Documents\Car_Color_Detection_AI\data\raw\archive (6)\train\red\b2de38761c.jpg,red,10
c:\Users\hasibul shaikh\Documents\Car_Color_Detection_AI\data\raw\archive (6)\train\pink\9b15fb67d4.jpg,pink,8
c:\Users\hasibul shaikh\Documents\Car_Color_Detection_AI\data\raw\archive (6)\val\yellow\8e7ed92664.jpg,yellow,14
c:\Users\hasibul shaikh\Documents\Car_Color_Detection_AI\data\raw\archive (6)\train\yellow\2c46c06a93.jpg,yellow,14
c:\Users\hasibul shaikh\Documents\Car_Color_Detection_AI\data\raw\archive (6)\train\green\74dd5a3994.jpg,green,5
c:\Users\hasibul shaikh\Documents\Car_Color_Detection_AI\data\raw\archive (6)\train\pink\94183b54f9.jpg,pink,8
c:\Users\hasibul shaikh\Documents\Car_Color_Detection_AI\data\raw\archive (6)\train\yellow\30b0464086.jpg,yellow,14
c:\Users\hasibul shaikh\Documents\Car_Color_Detection_AI\data\raw\archive (6)\train\white\3f37e9cb7f.jpg,white,13
c:\Users\hasibul shaikh\Documents\Car_Color_Detection_AI\data\raw\archive (6)\test\orange\cca2916947.jpg,orange,7
c:\Users\hasibul shaikh\Documents\Car_Color_Detection_AI\data\raw\archive (6)\train\black\8644808508.jpg,black,1
c:\Users\hasibul shaikh\Documents\Car_Color_Detection_AI\data\raw\archive (6)\train\black\cc3d245f1c.jpg,black,1
c:\Users\hasibul shaikh\Documents\Car_Color_Detection_AI\data\raw\archive (6)\test\blue\11d19a6327.jpg,blue,2
c:\Users\hasibul shaikh\Documents\Car_Color_Detection_AI\data\raw\archive (6)\train\green\ec29438c6b.jpg,green,5
c:\Users\hasibul shaikh\Documents\Car_Color_Detection_AI\data\raw\archive (6)\train\blue\8e57548bc1.jpg,blue,2
c:\Users\hasibul shaikh\Documents\Car_Color_Detection_AI\data\raw\archive (6)\train\tan\29dc3ffe70.jpg,tan,12
c:\Users\hasibul shaikh\Documents\Car_Color_Detection_AI\data\raw\archive (6)\train\gold\71595dfebf.jpg,gold,4
c:\Users\hasibul shaikh\Documents\Car_Color_Detection_AI\data\raw\archive (6)\val\grey\92012b732e.jpg,grey,6
c:\Users\hasibul shaikh\Documents\Car_Color_Detection_AI\data\raw\archive (6)\train\brown\bc892f3e73.jpg,brown,3
c:\Users\hasibul shaikh\Documents\Car_Color_Detection_AI\data\raw\archive (6)\train\green\b89ac78867.jpg,green,5
c:\Users\hasibul shaikh\Documents\Car_Color_Detection_AI\data\raw\archive (6)\train\silver\aa2e476814.jpg,silver,11
c:\Users\hasibul shaikh\Documents\Car_Color_Detection_AI\data\raw\archive (6)\val\brown\9b82e40e4b - Copy.jpg,brown,3
c:\Users\hasibul shaikh\Documents\Car_Color_Detection_AI\data\raw\archive (6)\val\red\eb880ee2df.jpg,red,10
c:\Users\hasibul shaikh\Documents\Car_Color_Detection_AI\data\raw\archive (6)\train\silver\61dddf6d39.jpg,silver,11
c:\Users\hasibul shaikh\Documents\Car_Color_Detection_AI\data\raw\archive (6)\train\blue\aa34ed891c.jpg,blue,2
c:\Users\hasibul shaikh\Documents\Car_Color_Detection_AI\data\raw\archive (6)\test\blue\c14ec8cc51.jpg,blue,2
c:\Users\hasibul shaikh\Documents\Car_Color_Detection_AI\data\raw\archive (6)\train\black\429529f07e.jpg,black,1
c:\Users\hasibul shaikh\Documents\Car_Color_Detection_AI\data\raw\archive (6)\val\blue\94c89cdd20.jpg,blue,2
c:\Users\hasibul shaikh\Documents\Car_Color_Detection_AI\data\raw\archive (6)\val\tan\096bdef439.jpg,tan,12
c:\Users\hasibul shaikh\Documents\Car_Color_Detection_AI\data\raw\archive (6)\test\brown\902f5082ae.jpg,brown,3
c:\Users\hasibul shaikh\Documents\Car_Color_Detection_AI\data\raw\archive (6)\val\blue\b5fb15c3c5.jpg,blue,2
c:\Users\hasibul shaikh\Documents\Car_Color_Detection_AI\data\raw\archive (6)\train\yellow\6f7ae91f19.jpg,yellow,14
c:\Users\hasibul shaikh\Documents\Car_Color_Detection_AI\data\raw\archive (6)\train\red\2c4c509887.jpg,red,10
c:\Users\hasibul shaikh\Documents\Car_Color_Detection_AI\data\raw\archive (6)\train\green\abb8ec7732.jpg,green,5
c:\Users\hasibul shaikh\Documents\Car_Color_Detection_AI\data\raw\archive (6)\train\purple\a8e74319f1.jpg,purple,9
c:\Users\hasibul shaikh\Documents\Car_Color_Detection_AI\data\raw\archive (6)\train\purple\1f81ac8ee2.jpg,purple,9
c:\Users\hasibul shaikh\Documents\Car_Color_Detection_AI\data\raw\archive (6)\test\blue\61f0d9d56a.jpg,blue,2
c:\Users\hasibul shaikh\Documents\Car_Color_Detection_AI\data\raw\archive (6)\test\green\8fc4187dc0.jpg,green,5
c:\Users\hasibul shaikh\Documents\Car_Color_Detection_AI\data\raw\archive (6)\test\purple\5bfa0bbf20.jpg,purple,9
c:\Users\hasibul shaikh\Documents\Car_Color_Detection_AI\data\raw\archive (6)\train\pink\1b955fed55.jpg,pink,8
c:\Users\hasibul shaikh\Documents\Car_Color_Detection_AI\data\raw\archive (6)\train\silver\73b5f7d793.jpg,silver,11
c:\Users\hasibul shaikh\Documents\Car_Color_Detection_AI\data\raw\archive (6)\test\black\2b869ea3ef.jpg,black,1
c:\Users\hasibul shaikh\Documents\Car_Color_Detection_AI\data\raw\archive (6)\val\pink\74794cb487.jpg,pink,8
c:\Users\hasibul shaikh\Documents\Car_Color_Detection_AI\data\raw\archive (6)\train\purple\89a641e246.jpg,purple,9
c:\Users\hasibul shaikh\Documents\Car_Color_Detection_AI\data\raw\archive (6)\train\green\53f612896d.jpg,green,5
c:\Users\hasibul shaikh\Documents\Car_Color_Detection_AI\data\raw\archive (6)\train\orange\f4afe9d187.jpg,orange,7
c:\Users\hasibul shaikh\Documents\Car_Color_Detection_AI\data\raw\archive (6)\train\red\1883cda684.jpg,red,10
c:\Users\hasibul shaikh\Documents\Car_Color_Detection_AI\data\raw\archive (6)\train\black\aae978d1b5.jpg,black,1
c:\Users\hasibul shaikh\Documents\Car_Color_Detection_AI\data\raw\archive (6)\train\blue\92d23c9c5a.jpg,blue,2
c:\Users\hasibul shaikh\Documents\Car_Color_Detection_AI\data\raw\archive (6)\train\beige\d7e70960e4.jpg,beige,0
c:\Users\hasibul shaikh\Documents\Car_Color_Detection_AI\data\raw\archive (6)\train\blue\db73b747be.jpg,blue,2
c:\Users\hasibul shaikh\Documents\Car_Color_Detection_AI\data\raw\archive (6)\val\brown\9e3b883d46.jpg,brown,3
c:\Users\hasibul shaikh\Documents\Car_Color_Detection_AI\data\raw\archive (6)\train\purple\4ab0a5ce31.jpg,purple,9
c:\Users\hasibul shaikh\Documents\Car_Color_Detection_AI\data\raw\archive (6)\train\silver\6de9431b59.jpg,silver,11
c:\Users\hasibul shaikh\Documents\Car_Color_Detection_AI\data\raw\archive (6)\train\orange\bad1873063.jpg,orange,7
c:\Users\hasibul shaikh\Documents\Car_Color_Detection_AI\data\raw\archive (6)\val\brown\d3f0476bbf.jpg,brown,3
c:\Users\hasibul shaikh\Documents\Car_Color_Detection_AI\data\raw\archive (6)\train\yellow\bae9b22831.jpg,yellow,14
c:\Users\hasibul shaikh\Documents\Car_Color_Detection_AI\data\raw\archive (6)\train\green\7c28ed3435.jpg,green,5
c:\Users\hasibul shaikh\Documents\Car_Color_Detection_AI\data\raw\archive (6)\train\red\26b06ebde9.jpg,red,10
c:\Users\hasibul shaikh\Documents\Car_Color_Detection_AI\data\raw\archive (6)\train\red\e4bbaa9e2d.jpg,red,10
c:\Users\hasibul shaikh\Documents\Car_Color_Detection_AI\data\raw\archive (6)\train\green\6199043557.jpg,green,5
c:\Users\hasibul shaikh\Documents\Car_Color_Detection_AI\data\raw\archive (6)\train\purple\b34b74a352.jpg,purple,9
c:\Users\hasibul shaikh\Documents\Car_Color_Detection_AI\data\raw\archive (6)\train\yellow\df99c00c98.jpg,yellow,14
c:\Users\hasibul shaikh\Documents\Car_Color_Detection_AI\data\raw\archive (6)\test\gold\9243c62302.jpg,gold,4
c:\Users\hasibul shaikh\Documents\Car_Color_Detection_AI\data\raw\archive (6)\val\green\89151d6183.jpg,green,5
c:\Users\hasibul shaikh\Documents\Car_Color_Detection_AI\data\raw\archive (6)\train\purple\a9ba23e6ea.jpg,purple,9
c:\Users\hasibul shaikh\Documents\Car_Color_Detection_AI\data\raw\archive (6)\val\gold\c1bd1e6c13.jpg,gold,4
c:\Users\hasibul shaikh\Documents\Car_Color_Detection_AI\data\raw\archive (6)\train\gold\2f590969b9.jpg,gold,4
c:\Users\hasibul shaikh\Documents\Car_Color_Detection_AI\data\raw\archive (6)\train\red\f8e7c965d6.jpg,red,10
c:\Users\hasibul shaikh\Documents\Car_Color_Detection_AI\data\raw\archive (6)\val\black\c7e369832c.jpg,black,1
c:\Users\hasibul shaikh\Documents\Car_Color_Detection_AI\data\raw\archive (6)\val\brown\53de3981f9.jpg,brown,3
c:\Users\hasibul shaikh\Documents\Car_Color_Detection_AI\data\raw\archive (6)\train\yellow\258e887475.jpg,yellow,14
c:\Users\hasibul shaikh\Documents\Car_Color_Detection_AI\data\raw\archive (6)\val\silver\7a15836549.jpg,silver,11
c:\Users\hasibul shaikh\Documents\Car_Color_Detection_AI\data\raw\archive (6)\train\white\1fd05e66f2.jpg,white,13
c:\Users\hasibul shaikh\Documents\Car_Color_Detection_AI\data\raw\archive (6)\val\yellow\833c0f0701.jpg,yellow,14
c:\Users\hasibul shaikh\Documents\Car_Color_Detection_AI\data\raw\archive (6)\test\green\5fd4779be8.jpg,green,5
c:\Users\hasibul shaikh\Documents\Car_Color_Detection_AI\data\raw\archive (6)\train\white\9700b1048f.jpg,white,13
c:\Users\hasibul shaikh\Documents\Car_Color_Detection_AI\data\raw\archive (6)\train\red\8f14081b1d.jpg,red,10
c:\Users\hasibul shaikh\Documents\Car_Color_Detection_AI\data\raw\archive (6)\train\black\9e269aa6f2.jpg,black,1
c:\Users\hasibul shaikh\Documents\Car_Color_Detection_AI\data\raw\archive (6)\train\blue\7222a5199a.jpg,blue,2
c:\Users\hasibul shaikh\Documents\Car_Color_Detection_AI\data\raw\archive (6)\train\yellow\1862bb878a.jpg,yellow,14
c:\Users\hasibul shaikh\Documents\Car_Color_Detection_AI\data\raw\archive (6)\train\beige\796847b52d.jpg,beige,0
c:\Users\hasibul shaikh\Documents\Car_Color_Detection_AI\data\raw\archive (6)\train\purple\665feda09e.jpg,purple,9
c:\Users\hasibul shaikh\Documents\Car_Color_Detection_AI\data\raw\archive (6)\train\grey\fe998255d1.jpg,grey,6
c:\Users\hasibul shaikh\Documents\Car_Color_Detection_AI\data\raw\archive (6)\train\yellow\a5c8c0cdbb.jpg,yellow,14
c:\Users\hasibul shaikh\Documents\Car_Color_Detection_AI\data\raw\archive (6)\train\beige\d6a40bebda.jpg,beige,0
c:\Users\hasibul shaikh\Documents\Car_Color_Detection_AI\data\raw\archive (6)\train\beige\4c1c0fab87.jpg,beige,0
c:\Users\hasibul shaikh\Documents\Car_Color_Detection_AI\data\raw\archive (6)\train\blue\e96e76cc13.jpg,blue,2
c:\Users\hasibul shaikh\Documents\Car_Color_Detection_AI\data\raw\archive (6)\val\purple\a1540f26a6.jpg,purple,9
c:\Users\hasibul shaikh\Documents\Car_Color_Detection_AI\data\raw\archive (6)\train\blue\5274c80be1.jpg,blue,2
c:\Users\hasibul shaikh\Documents\Car_Color_Detection_AI\data\raw\archive (6)\test\pink\4a5de4e88a.jpg,pink,8
c:\Users\hasibul shaikh\Documents\Car_Color_Detection_AI\data\raw\archive (6)\val\beige\a05fc26b2e.jpg,beige,0
c:\Users\hasibul shaikh\Documents\Car_Color_Detection_AI\data\raw\archive (6)\train\brown\4507578f39.jpg,brown,3
c:\Users\hasibul shaikh\Documents\Car_Color_Detection_AI\data\raw\archive (6)\val\grey\e09abbc228.jpg,grey,6
c:\Users\hasibul shaikh\Documents\Car_Color_Detection_AI\data\raw\archive (6)\test\brown\e31b6ed9d3.jpg,brown,3
c:\Users\hasibul shaikh\Documents\Car_Color_Detection_AI\data\raw\archive (6)\train\white\b7f6c6ce11.jpg,white,13
c:\Users\hasibul shaikh\Documents\Car_Color_Detection_AI\data\raw\archive (6)\train\pink\5c5855fb9b.jpg,pink,8
c:\Users\hasibul shaikh\Documents\Car_Color_Detection_AI\data\raw\archive (6)\test\tan\91f750771c.jpg,tan,12
c:\Users\hasibul shaikh\Documents\Car_Color_Detection_AI\data\raw\archive (6)\train\grey\67967745cb.jpg,grey,6
c:\Users\hasibul shaikh\Documents\Car_Color_Detection_AI\data\raw\archive (6)\val\blue\bc33b39717.jpg,blue,2
c:\Users\hasibul shaikh\Documents\Car_Color_Detection_AI\data\raw\archive (6)\val\grey\64cadab009.jpg,grey,6
c:\Users\hasibul shaikh\Documents\Car_Color_Detection_AI\data\raw\archive (6)\test\white\dbe2a973a1.jpg,white,13
c:\Users\hasibul shaikh\Documents\Car_Color_Detection_AI\data\raw\archive (6)\train\yellow\fe6f8b69b4.jpg,yellow,14
c:\Users\hasibul shaikh\Documents\Car_Color_Detection_AI\data\raw\archive (6)\train\beige\76c820912e.jpg,beige,0
c:\Users\hasibul shaikh\Documents\Car_Color_Detection_AI\data\raw\archive (6)\train\black\665e1f5695.jpg,black,1
c:\Users\hasibul shaikh\Documents\Car_Color_Detection_AI\data\raw\archive (6)\train\orange\3c5b4c1ce6.jpg,orange,7
c:\Users\hasibul shaikh\Documents\Car_Color_Detection_AI\data\raw\archive (6)\train\blue\5be672fb7b.jpg,blue,2
c:\Users\hasibul shaikh\Documents\Car_Color_Detection_AI\data\raw\archive (6)\train\white\a05bf15371.jpg,white,13
c:\Users\hasibul shaikh\Documents\Car_Color_Detection_AI\data\raw\archive (6)\test\green\51c7dd21ec.jpg,green,5
c:\Users\hasibul shaikh\Documents\Car_Color_Detection_AI\data\raw\archive (6)\train\grey\a59d9f0a62.jpg,grey,6
c:\Users\hasibul shaikh\Documents\Car_Color_Detection_AI\data\raw\archive (6)\train\green\83eb0c49c3.jpg,green,5
c:\Users\hasibul shaikh\Documents\Car_Color_Detection_AI\data\raw\archive (6)\val\black\fecd5edadc.jpg,black,1
c:\Users\hasibul shaikh\Documents\Car_Color_Detection_AI\data\raw\archive (6)\train\orange\6650f2d369.jpg,orange,7
c:\Users\hasibul shaikh\Documents\Car_Color_Detection_AI\data\raw\archive (6)\train\silver\25eb37784a.jpg,silver,11
c:\Users\hasibul shaikh\Documents\Car_Color_Detection_AI\data\raw\archive (6)\train\red\c765b555e2.jpg,red,10
c:\Users\hasibul shaikh\Documents\Car_Color_Detection_AI\data\raw\archive (6)\train\orange\de11e23fc7.jpg,orange,7
c:\Users\hasibul shaikh\Documents\Car_Color_Detection_AI\data\raw\archive (6)\train\gold\7ad564615d.jpg,gold,4
c:\Users\hasibul shaikh\Documents\Car_Color_Detection_AI\data\raw\archive (6)\test\orange\1fc6c74584.jpg,orange,7
c:\Users\hasibul shaikh\Documents\Car_Color_Detection_AI\data\raw\archive (6)\test\gold\ff18b287c1.jpg,gold,4
c:\Users\hasibul shaikh\Documents\Car_Color_Detection_AI\data\raw\archive (6)\val\yellow\531c5b18da.jpg,yellow,14
c:\Users\hasibul shaikh\Documents\Car_Color_Detection_AI\data\raw\archive (6)\train\black\83d2076c1c.jpg,black,1
c:\Users\hasibul shaikh\Documents\Car_Color_Detection_AI\data\raw\archive (6)\test\purple\cdc115668f.jpg,purple,9
c:\Users\hasibul shaikh\Documents\Car_Color_Detection_AI\data\raw\archive (6)\train\grey\d677b1b369.jpg,grey,6
c:\Users\hasibul shaikh\Documents\Car_Color_Detection_AI\data\raw\archive (6)\train\purple\2f379d1d55.jpg,purple,9
c:\Users\hasibul shaikh\Documents\Car_Color_Detection_AI\data\raw\archive (6)\val\white\4f132363f8.jpg,white,13
c:\Users\hasibul shaikh\Documents\Car_Color_Detection_AI\data\raw\archive (6)\train\orange\a5fc1bda9b.jpg,orange,7
c:\Users\hasibul shaikh\Documents\Car_Color_Detection_AI\data\raw\archive (6)\train\purple\2f9744d426.jpg,purple,9
c:\Users\hasibul shaikh\Documents\Car_Color_Detection_AI\data\raw\archive (6)\val\green\c41caccc1e.jpg,green,5
c:\Users\hasibul shaikh\Documents\Car_Color_Detection_AI\data\raw\archive (6)\train\beige\cae550a9cc.jpg,beige,0
c:\Users\hasibul shaikh\Documents\Car_Color_Detection_AI\data\raw\archive (6)\train\purple\e4a4cd9973.jpg,purple,9
c:\Users\hasibul shaikh\Documents\Car_Color_Detection_AI\data\raw\archive (6)\train\white\3fc8c3261f.jpg,white,13
c:\Users\hasibul shaikh\Documents\Car_Color_Detection_AI\data\raw\archive (6)\train\white\d013c222f0.jpg,white,13
c:\Users\hasibul shaikh\Documents\Car_Color_Detection_AI\data\raw\archive (6)\train\purple\b46b590e8b.jpg,purple,9
c:\Users\hasibul shaikh\Documents\Car_Color_Detection_AI\data\raw\archive (6)\train\yellow\a89efe9f16.jpg,yellow,14
c:\Users\hasibul shaikh\Documents\Car_Color_Detection_AI\data\raw\archive (6)\train\green\faef44b690.jpg,green,5
c:\Users\hasibul shaikh\Documents\Car_Color_Detection_AI\data\raw\archive (6)\test\green\05a6a4302a.jpg,green,5
c:\Users\hasibul shaikh\Documents\Car_Color_Detection_AI\data\raw\archive (6)\train\silver\08e250e253.jpg,silver,11
c:\Users\hasibul shaikh\Documents\Car_Color_Detection_AI\data\raw\archive (6)\train\silver\429bd2e3ae.jpg,silver,11
c:\Users\hasibul shaikh\Documents\Car_Color_Detection_AI\data\raw\archive (6)\test\purple\24282e64b4.jpg,purple,9
c:\Users\hasibul shaikh\Documents\Car_Color_Detection_AI\data\raw\archive (6)\train\yellow\7a7937c364.jpg,yellow,14
c:\Users\hasibul shaikh\Documents\Car_Color_Detection_AI\data\raw\archive (6)\val\gold\39f830c97f.jpg,gold,4
c:\Users\hasibul shaikh\Documents\Car_Color_Detection_AI\data\raw\archive (6)\val\white\4355de80fc.jpg,white,13
c:\Users\hasibul shaikh\Documents\Car_Color_Detection_AI\data\raw\archive (6)\train\yellow\9e32e7f9a2.jpg,yellow,14
c:\Users\hasibul shaikh\Documents\Car_Color_Detection_AI\data\raw\archive (6)\train\blue\6b4b8ff344.jpg,blue,2
c:\Users\hasibul shaikh\Documents\Car_Color_Detection_AI\data\raw\archive (6)\train\purple\c986e8356f.jpg,purple,9
c:\Users\hasibul shaikh\Documents\Car_Color_Detection_AI\data\raw\archive (6)\train\white\2b1753533b.jpg,white,13
c:\Users\hasibul shaikh\Documents\Car_Color_Detection_AI\data\raw\archive (6)\train\purple\c1334c0693.jpg,purple,9
c:\Users\hasibul shaikh\Documents\Car_Color_Detection_AI\data\raw\archive (6)\train\brown\00ca812f1d.jpg,brown,3
c:\Users\hasibul shaikh\Documents\Car_Color_Detection_AI\data\raw\archive (6)\train\blue\85289ced2b.jpg,blue,2
c:\Users\hasibul shaikh\Documents\Car_Color_Detection_AI\data\raw\archive (6)\train\yellow\0ed18f2edf.jpg,yellow,14
c:\Users\hasibul shaikh\Documents\Car_Color_Detection_AI\data\raw\archive (6)\train\purple\37eb677de7.jpg,purple,9
c:\Users\hasibul shaikh\Documents\Car_Color_Detection_AI\data\raw\archive (6)\test\silver\a59806f6a0.jpg,silver,11
c:\Users\hasibul shaikh\Documents\Car_Color_Detection_AI\data\raw\archive (6)\train\silver\4ab740235a.jpg,silver,11
c:\Users\hasibul shaikh\Documents\Car_Color_Detection_AI\data\raw\archive (6)\train\brown\3c674e86a2.jpg,brown,3
c:\Users\hasibul shaikh\Documents\Car_Color_Detection_AI\data\raw\archive (6)\val\silver\59200a5aa9.jpg,silver,11
c:\Users\hasibul shaikh\Documents\Car_Color_Detection_AI\data\raw\archive (6)\val\grey\8e786ef027.jpg,grey,6
c:\Users\hasibul shaikh\Documents\Car_Color_Detection_AI\data\raw\archive (6)\val\green\b0fb449203.jpg,green,5
c:\Users\hasibul shaikh\Documents\Car_Color_Detection_AI\data\raw\archive (6)\train\red\31c2860b7b.jpg,red,10
c:\Users\hasibul shaikh\Documents\Car_Color_Detection_AI\data\raw\archive (6)\train\grey\61ade04daa.jpg,grey,6
c:\Users\hasibul shaikh\Documents\Car_Color_Detection_AI\data\raw\archive (6)\train\brown\62b8e5bae0.jpg,brown,3
c:\Users\hasibul shaikh\Documents\Car_Color_Detection_AI\data\raw\archive (6)\train\green\177dbbf0e0.jpg,green,5
c:\Users\hasibul shaikh\Documents\Car_Color_Detection_AI\data\raw\archive (6)\train\gold\34305a13ee.jpg,gold,4
c:\Users\hasibul shaikh\Documents\Car_Color_Detection_AI\data\raw\archive (6)\test\yellow\8619b81817.jpg,yellow,14
c:\Users\hasibul shaikh\Documents\Car_Color_Detection_AI\data\raw\archive (6)\train\beige\1554ad6b0c.jpg,beige,0
c:\Users\hasibul shaikh\Documents\Car_Color_Detection_AI\data\raw\archive (6)\train\grey\03eb6bd756.jpg,grey,6
c:\Users\hasibul shaikh\Documents\Car_Color_Detection_AI\data\raw\archive (6)\val\grey\77bbc67bad.jpg,grey,6
c:\Users\hasibul shaikh\Documents\Car_Color_Detection_AI\data\raw\archive (6)\train\purple\3665934905.jpg,purple,9
c:\Users\hasibul shaikh\Documents\Car_Color_Detection_AI\data\raw\archive (6)\test\beige\1aaaa2efd9.jpg,beige,0
c:\Users\hasibul shaikh\Documents\Car_Color_Detection_AI\data\raw\archive (6)\test\tan\be7c7073a6.jpg,tan,12
c:\Users\hasibul shaikh\Documents\Car_Color_Detection_AI\data\raw\archive (6)\train\red\7a2847b04f.jpg,red,10
c:\Users\hasibul shaikh\Documents\Car_Color_Detection_AI\data\raw\archive (6)\train\white\46e3655634.jpg,white,13
c:\Users\hasibul shaikh\Documents\Car_Color_Detection_AI\data\raw\archive (6)\train\purple\e0a14b3536.jpg,purple,9
c:\Users\hasibul shaikh\Documents\Car_Color_Detection_AI\data\raw\archive (6)\test\grey\59b516c0ea.jpg,grey,6
c:\Users\hasibul shaikh\Documents\Car_Color_Detection_AI\data\raw\archive (6)\train\purple\57965b238f.jpg,purple,9
c:\Users\hasibul shaikh\Documents\Car_Color_Detection_AI\data\raw\archive (6)\train\purple\d8fc472f07.jpg,purple,9
c:\Users\hasibul shaikh\Documents\Car_Color_Detection_AI\data\raw\archive (6)\train\purple\d09ad66ad0.jpg,purple,9
c:\Users\hasibul shaikh\Documents\Car_Color_Detection_AI\data\raw\archive (6)\train\orange\1f77f78ff7.jpg,orange,7
c:\Users\hasibul shaikh\Documents\Car_Color_Detection_AI\data\raw\archive (6)\train\orange\7ac2e46576.jpg,orange,7
c:\Users\hasibul shaikh\Documents\Car_Color_Detection_AI\data\raw\archive (6)\test\yellow\c4effda90e.jpg,yellow,14
c:\Users\hasibul shaikh\Documents\Car_Color_Detection_AI\data\raw\archive (6)\test\purple\73222b9dfd.jpg,purple,9
c:\Users\hasibul shaikh\Documents\Car_Color_Detection_AI\data\raw\archive (6)\train\green\c1b5da9545.jpg,green,5
c:\Users\hasibul shaikh\Documents\Car_Color_Detection_AI\data\raw\archive (6)\train\blue\ced840643a.jpg,blue,2
c:\Users\hasibul shaikh\Documents\Car_Color_Detection_AI\data\raw\archive (6)\train\red\5c98e1b936.jpg,red,10
c:\Users\hasibul shaikh\Documents\Car_Color_Detection_AI\data\raw\archive (6)\train\green\2875d7fadd.jpg,green,5
c:\Users\hasibul shaikh\Documents\Car_Color_Detection_AI\data\raw\archive (6)\train\beige\c111d0eeeb.jpg,beige,0
c:\Users\hasibul shaikh\Documents\Car_Color_Detection_AI\data\raw\archive (6)\test\tan\e7fcabb805.jpg,tan,12
c:\Users\hasibul shaikh\Documents\Car_Color_Detection_AI\data\raw\archive (6)\test\pink\7569651194.jpg,pink,8
c:\Users\hasibul shaikh\Documents\Car_Color_Detection_AI\data\raw\archive (6)\train\red\e1df0f5230.jpg,red,10
c:\Users\hasibul shaikh\Documents\Car_Color_Detection_AI\data\raw\archive (6)\train\white\7e662c7b5c.jpg,white,13
c:\Users\hasibul shaikh\Documents\Car_Color_Detection_AI\data\raw\archive (6)\val\blue\b155316717.jpg,blue,2
c:\Users\hasibul shaikh\Documents\Car_Color_Detection_AI\data\raw\archive (6)\test\green\566c05bf37.jpg,green,5
c:\Users\hasibul shaikh\Documents\Car_Color_Detection_AI\data\raw\archive (6)\train\black\524d04afdc.jpg,black,1
c:\Users\hasibul shaikh\Documents\Car_Color_Detection_AI\data\raw\archive (6)\train\brown\d789f078f3.jpg,brown,3
c:\Users\hasibul shaikh\Documents\Car_Color_Detection_AI\data\raw\archive (6)\val\orange\701c534afd.jpg,orange,7
c:\Users\hasibul shaikh\Documents\Car_Color_Detection_AI\data\raw\archive (6)\train\yellow\98afc32124.jpg,yellow,14
c:\Users\hasibul shaikh\Documents\Car_Color_Detection_AI\data\raw\archive (6)\val\brown\95d7455003.jpg,brown,3
c:\Users\hasibul shaikh\Documents\Car_Color_Detection_AI\data\raw\archive (6)\train\blue\8b3ad28648.jpg,blue,2
c:\Users\hasibul shaikh\Documents\Car_Color_Detection_AI\data\raw\archive (6)\val\white\2b1153bf0d.jpg,white,13
c:\Users\hasibul shaikh\Documents\Car_Color_Detection_AI\data\raw\archive (6)\train\white\d7ea12e645.jpg,white,13
c:\Users\hasibul shaikh\Documents\Car_Color_Detection_AI\data\raw\archive (6)\val\brown\2a8b684cff.jpg,brown,3
c:\Users\hasibul shaikh\Documents\Car_Color_Detection_AI\data\raw\archive (6)\train\orange\555b1d4606.jpg,orange,7
c:\Users\hasibul shaikh\Documents\Car_Color_Detection_AI\data\raw\archive (6)\test\beige\ffc0a93a0b.jpg,beige,0
c:\Users\hasibul shaikh\Documents\Car_Color_Detection_AI\data\raw\archive (6)\test\purple\6bdb5f9cbd.jpg,purple,9
c:\Users\hasibul shaikh\Documents\Car_Color_Detection_AI\data\raw\archive (6)\val\pink\897c7d8d05.jpg,pink,8
c:\Users\hasibul shaikh\Documents\Car_Color_Detection_AI\data\raw\archive (6)\train\blue\e95a35d228.jpg,blue,2
c:\Users\hasibul shaikh\Documents\Car_Color_Detection_AI\data\raw\archive (6)\train\blue\9f281d0b62.jpg,blue,2
c:\Users\hasibul shaikh\Documents\Car_Color_Detection_AI\data\raw\archive (6)\train\pink\a99ff5737a.jpg,pink,8
c:\Users\hasibul shaikh\Documents\Car_Color_Detection_AI\data\raw\archive (6)\train\orange\419a3a93f3.jpg,orange,7
c:\Users\hasibul shaikh\Documents\Car_Color_Detection_AI\data\raw\archive (6)\val\orange\4eff9ff2ad.jpg,orange,7
c:\Users\hasibul shaikh\Documents\Car_Color_Detection_AI\data\raw\archive (6)\train\gold\65332b940f.jpg,gold,4
c:\Users\hasibul shaikh\Documents\Car_Color_Detection_AI\data\raw\archive (6)\test\brown\221fcfa1db.jpg,brown,3
c:\Users\hasibul shaikh\Documents\Car_Color_Detection_AI\data\raw\archive (6)\train\yellow\778612b3b3.jpg,yellow,14
c:\Users\hasibul shaikh\Documents\Car_Color_Detection_AI\data\raw\archive (6)\train\tan\a0e422eef8.jpg,tan,12
c:\Users\hasibul shaikh\Documents\Car_Color_Detection_AI\data\raw\archive (6)\train\purple\4dc3b4757b.jpg,purple,9
c:\Users\hasibul shaikh\Documents\Car_Color_Detection_AI\data\raw\archive (6)\train\tan\68f6d183e4.jpg,tan,12
c:\Users\hasibul shaikh\Documents\Car_Color_Detection_AI\data\raw\archive (6)\val\brown\435b37d69f.jpg,brown,3
c:\Users\hasibul shaikh\Documents\Car_Color_Detection_AI\data\raw\archive (6)\val\brown\a5e759f273.jpg,brown,3
c:\Users\hasibul shaikh\Documents\Car_Color_Detection_AI\data\raw\archive (6)\train\pink\9f62646f22 - Copy.jpg,pink,8
c:\Users\hasibul shaikh\Documents\Car_Color_Detection_AI\data\raw\archive (6)\train\purple\ff2f5ebc0b.jpg,purple,9
c:\Users\hasibul shaikh\Documents\Car_Color_Detection_AI\data\raw\archive (6)\train\blue\d4c741739e.jpg,blue,2
c:\Users\hasibul shaikh\Documents\Car_Color_Detection_AI\data\raw\archive (6)\train\yellow\207d6b7c07.jpg,yellow,14
c:\Users\hasibul shaikh\Documents\Car_Color_Detection_AI\data\raw\archive (6)\train\pink\f7ce4cd692.jpg,pink,8
c:\Users\hasibul shaikh\Documents\Car_Color_Detection_AI\data\raw\archive (6)\train\silver\059b58464d.jpg,silver,11
c:\Users\hasibul shaikh\Documents\Car_Color_Detection_AI\data\raw\archive (6)\test\white\c485046662.jpg,white,13
c:\Users\hasibul shaikh\Documents\Car_Color_Detection_AI\data\raw\archive (6)\train\pink\1ad4cc54b9.jpg,pink,8
c:\Users\hasibul shaikh\Documents\Car_Color_Detection_AI\data\raw\archive (6)\train\white\a0bd2acf3e.jpg,white,13
c:\Users\hasibul shaikh\Documents\Car_Color_Detection_AI\data\raw\archive (6)\val\purple\4d09def6fb.jpg,purple,9
c:\Users\hasibul shaikh\Documents\Car_Color_Detection_AI\data\raw\archive (6)\val\blue\139a072d68.jpg,blue,2
c:\Users\hasibul shaikh\Documents\Car_Color_Detection_AI\data\raw\archive (6)\train\yellow\7fda0c8004.jpg,yellow,14
c:\Users\hasibul shaikh\Documents\Car_Color_Detection_AI\data\raw\archive (6)\val\beige\e4c0940a1d.jpg,beige,0
c:\Users\hasibul shaikh\Documents\Car_Color_Detection_AI\data\raw\archive (6)\train\green\707e6af383.jpg,green,5
c:\Users\hasibul shaikh\Documents\Car_Color_Detection_AI\data\raw\archive (6)\test\yellow\c5bb31ab2e.jpg,yellow,14
c:\Users\hasibul shaikh\Documents\Car_Color_Detection_AI\data\raw\archive (6)\val\beige\fb4b9fc0ce.jpg,beige,0
c:\Users\hasibul shaikh\Documents\Car_Color_Detection_AI\data\raw\archive (6)\train\blue\74e1396931.jpg,blue,2
c:\Users\hasibul shaikh\Documents\Car_Color_Detection_AI\data\raw\archive (6)\val\orange\f7f6254587.jpg,orange,7
c:\Users\hasibul shaikh\Documents\Car_Color_Detection_AI\data\raw\archive (6)\train\blue\b6d0291bb2.jpg,blue,2
c:\Users\hasibul shaikh\Documents\Car_Color_Detection_AI\data\raw\archive (6)\train\green\20e62a214f.jpg,green,5
c:\Users\hasibul shaikh\Documents\Car_Color_Detection_AI\data\raw\archive (6)\train\beige\920c08f1b0.jpg,beige,0
c:\Users\hasibul shaikh\Documents\Car_Color_Detection_AI\data\raw\archive (6)\train\yellow\868227ede7.jpg,yellow,14
c:\Users\hasibul shaikh\Documents\Car_Color_Detection_AI\data\raw\archive (6)\train\pink\7eab55bd36.jpg,pink,8
c:\Users\hasibul shaikh\Documents\Car_Color_Detection_AI\data\raw\archive (6)\train\pink\161fe18fcd.jpg,pink,8
c:\Users\hasibul shaikh\Documents\Car_Color_Detection_AI\data\raw\archive (6)\train\purple\507b17f358.jpg,purple,9
c:\Users\hasibul shaikh\Documents\Car_Color_Detection_AI\data\raw\archive (6)\val\grey\e2b775df55.jpg,grey,6
c:\Users\hasibul shaikh\Documents\Car_Color_Detection_AI\data\raw\archive (6)\train\beige\a910760f39.jpg,beige,0
c:\Users\hasibul shaikh\Documents\Car_Color_Detection_AI\data\raw\archive (6)\train\gold\e87085ea7d.jpg,gold,4
c:\Users\hasibul shaikh\Documents\Car_Color_Detection_AI\data\raw\archive (6)\train\grey\91e7e76b01.jpg,grey,6
c:\Users\hasibul shaikh\Documents\Car_Color_Detection_AI\data\raw\archive (6)\test\pink\44972f3b35.jpg,pink,8
c:\Users\hasibul shaikh\Documents\Car_Color_Detection_AI\data\raw\archive (6)\train\grey\616436c3f0.jpg,grey,6
c:\Users\hasibul shaikh\Documents\Car_Color_Detection_AI\data\raw\archive (6)\train\brown\05c488fb1b.jpg,brown,3
c:\Users\hasibul shaikh\Documents\Car_Color_Detection_AI\data\raw\archive (6)\train\blue\4bd8ec8abe.jpg,blue,2
c:\Users\hasibul shaikh\Documents\Car_Color_Detection_AI\data\raw\archive (6)\val\silver\40b5022681.jpg,silver,11
c:\Users\hasibul shaikh\Documents\Car_Color_Detection_AI\data\raw\archive (6)\train\brown\606a6d4fea.jpg,brown,3
c:\Users\hasibul shaikh\Documents\Car_Color_Detection_AI\data\raw\archive (6)\train\red\d5e2ab77df.jpg,red,10
c:\Users\hasibul shaikh\Documents\Car_Color_Detection_AI\data\raw\archive (6)\train\blue\f99b013d1a.jpg,blue,2
c:\Users\hasibul shaikh\Documents\Car_Color_Detection_AI\data\raw\archive (6)\train\orange\19bb909dbf.jpg,orange,7
c:\Users\hasibul shaikh\Documents\Car_Color_Detection_AI\data\raw\archive (6)\test\silver\e8743c46e6.jpg,silver,11
c:\Users\hasibul shaikh\Documents\Car_Color_Detection_AI\data\raw\archive (6)\train\green\267716efd6.jpg,green,5
c:\Users\hasibul shaikh\Documents\Car_Color_Detection_AI\data\raw\archive (6)\train\blue\f2dd20e887.jpg,blue,2
c:\Users\hasibul shaikh\Documents\Car_Color_Detection_AI\data\raw\archive (6)\val\beige\e2343bf398.jpg,beige,0
c:\Users\hasibul shaikh\Documents\Car_Color_Detection_AI\data\raw\archive (6)\train\purple\f9cc67cac0.jpg,purple,9
c:\Users\hasibul shaikh\Documents\Car_Color_Detection_AI\data\raw\archive (6)\train\tan\aae2233d2c.jpg,tan,12
c:\Users\hasibul shaikh\Documents\Car_Color_Detection_AI\data\raw\archive (6)\train\red\696c15f9e4.jpg,red,10
c:\Users\hasibul shaikh\Documents\Car_Color_Detection_AI\data\raw\archive (6)\train\pink\b23aeb8d69.jpg,pink,8
c:\Users\hasibul shaikh\Documents\Car_Color_Detection_AI\data\raw\archive (6)\train\green\8ef46ad4eb.jpg,green,5
c:\Users\hasibul shaikh\Documents\Car_Color_Detection_AI\data\raw\archive (6)\train\red\197e25106b.jpg,red,10
c:\Users\hasibul shaikh\Documents\Car_Color_Detection_AI\data\raw\archive (6)\train\orange\b00d12037f.jpg,orange,7
c:\Users\hasibul shaikh\Documents\Car_Color_Detection_AI\data\raw\archive (6)\train\yellow\39b400c301.jpg,yellow,14
c:\Users\hasibul shaikh\Documents\Car_Color_Detection_AI\data\raw\archive (6)\train\blue\16fa004881.jpg,blue,2
c:\Users\hasibul shaikh\Documents\Car_Color_Detection_AI\data\raw\archive (6)\train\orange\da9102431f.jpg,orange,7
c:\Users\hasibul shaikh\Documents\Car_Color_Detection_AI\data\raw\archive (6)\test\tan\ff18d3806d.jpg,tan,12
c:\Users\hasibul shaikh\Documents\Car_Color_Detection_AI\data\raw\archive (6)\train\yellow\79bf77c152.jpg,yellow,14
c:\Users\hasibul shaikh\Documents\Car_Color_Detection_AI\data\raw\archive (6)\val\green\1c27ddd6ee.jpg,green,5
c:\Users\hasibul shaikh\Documents\Car_Color_Detection_AI\data\raw\archive (6)\train\pink\0bdbd75d7a.jpg,pink,8
c:\Users\hasibul shaikh\Documents\Car_Color_Detection_AI\data\raw\archive (6)\train\silver\0f1387caa2.jpg,silver,11
c:\Users\hasibul shaikh\Documents\Car_Color_Detection_AI\data\raw\archive (6)\train\green\6032b1a19e.jpg,green,5
c:\Users\hasibul shaikh\Documents\Car_Color_Detection_AI\data\raw\archive (6)\train\blue\14e1f2b7af.jpg,blue,2
c:\Users\hasibul shaikh\Documents\Car_Color_Detection_AI\data\raw\archive (6)\train\grey\8b34a5b9cc.jpg,grey,6
c:\Users\hasibul shaikh\Documents\Car_Color_Detection_AI\data\raw\archive (6)\train\yellow\3e14483c9c.jpg,yellow,14
c:\Users\hasibul shaikh\Documents\Car_Color_Detection_AI\data\raw\archive (6)\train\brown\c1173463ce.jpg,brown,3
c:\Users\hasibul shaikh\Documents\Car_Color_Detection_AI\data\raw\archive (6)\train\orange\03fa98d98c.jpg,orange,7
c:\Users\hasibul shaikh\Documents\Car_Color_Detection_AI\data\raw\archive (6)\test\beige\4d07bfa0ba.jpg,beige,0
c:\Users\hasibul shaikh\Documents\Car_Color_Detection_AI\data\raw\archive (6)\val\tan\5ec9d8170c.jpg,tan,12
c:\Users\hasibul shaikh\Documents\Car_Color_Detection_AI\data\raw\archive (6)\train\white\0c2d8bae21.jpg,white,13
c:\Users\hasibul shaikh\Documents\Car_Color_Detection_AI\data\raw\archive (6)\train\gold\b807fb68b2.jpg,gold,4
c:\Users\hasibul shaikh\Documents\Car_Color_Detection_AI\data\raw\archive (6)\val\brown\f89d27d48a.jpg,brown,3
c:\Users\hasibul shaikh\Documents\Car_Color_Detection_AI\data\raw\archive (6)\train\white\f65a8a31e9.jpg,white,13
c:\Users\hasibul shaikh\Documents\Car_Color_Detection_AI\data\raw\archive (6)\train\gold\496fb7cdde.jpg,gold,4
c:\Users\hasibul shaikh\Documents\Car_Color_Detection_AI\data\raw\archive (6)\train\orange\ef030538af.jpg,orange,7
c:\Users\hasibul shaikh\Documents\Car_Color_Detection_AI\data\raw\archive (6)\train\green\4cbc03c9af.jpg,green,5
c:\Users\hasibul shaikh\Documents\Car_Color_Detection_AI\data\raw\archive (6)\train\red\dfbe4b8bb7.jpg,red,10
c:\Users\hasibul shaikh\Documents\Car_Color_Detection_AI\data\raw\archive (6)\train\grey\330e445596.jpg,grey,6
c:\Users\hasibul shaikh\Documents\Car_Color_Detection_AI\data\raw\archive (6)\train\brown\5d50a84467.jpg,brown,3
c:\Users\hasibul shaikh\Documents\Car_Color_Detection_AI\data\raw\archive (6)\train\beige\f75aab5817.jpg,beige,0
c:\Users\hasibul shaikh\Documents\Car_Color_Detection_AI\data\raw\archive (6)\train\brown\9778666bf5.jpg,brown,3
c:\Users\hasibul shaikh\Documents\Car_Color_Detection_AI\data\raw\archive (6)\val\grey\cd68f43a31.jpg,grey,6
c:\Users\hasibul shaikh\Documents\Car_Color_Detection_AI\data\raw\archive (6)\train\purple\cc9b28cd41.jpg,purple,9
c:\Users\hasibul shaikh\Documents\Car_Color_Detection_AI\data\raw\archive (6)\train\beige\6c8eaebb0e.jpg,beige,0
c:\Users\hasibul shaikh\Documents\Car_Color_Detection_AI\data\raw\archive (6)\train\blue\50e0e6b81a.jpg,blue,2
c:\Users\hasibul shaikh\Documents\Car_Color_Detection_AI\data\raw\archive (6)\train\orange\467a9957c2.jpg,orange,7
c:\Users\hasibul shaikh\Documents\Car_Color_Detection_AI\data\raw\archive (6)\train\brown\85a4bdc274.jpg,brown,3
c:\Users\hasibul shaikh\Documents\Car_Color_Detection_AI\data\raw\archive (6)\train\blue\3da29370ac.jpg,blue,2
c:\Users\hasibul shaikh\Documents\Car_Color_Detection_AI\data\raw\archive (6)\train\brown\1af7ab67b3.jpg,brown,3
c:\Users\hasibul shaikh\Documents\Car_Color_Detection_AI\data\raw\archive (6)\val\orange\f96ac2e72b.jpg,orange,7
c:\Users\hasibul shaikh\Documents\Car_Color_Detection_AI\data\raw\archive (6)\train\brown\03b68209e7.jpg,brown,3
c:\Users\hasibul shaikh\Documents\Car_Color_Detection_AI\data\raw\archive (6)\train\orange\c62ced645f.jpg,orange,7
c:\Users\hasibul shaikh\Documents\Car_Color_Detection_AI\data\raw\archive (6)\train\brown\b7d4ddee0b.jpg,brown,3
c:\Users\hasibul shaikh\Documents\Car_Color_Detection_AI\data\raw\archive (6)\train\pink\57adfd66c9.jpg,pink,8
c:\Users\hasibul shaikh\Documents\Car_Color_Detection_AI\data\raw\archive (6)\train\pink\67b6a57365.jpg,pink,8
c:\Users\hasibul shaikh\Documents\Car_Color_Detection_AI\data\raw\archive (6)\train\silver\c325f2b619.jpg,silver,11
c:\Users\hasibul shaikh\Documents\Car_Color_Detection_AI\data\raw\archive (6)\test\white\482c2079e7.jpg,white,13
c:\Users\hasibul shaikh\Documents\Car_Color_Detection_AI\data\raw\archive (6)\train\silver\9590491ece.jpg,silver,11
c:\Users\hasibul shaikh\Documents\Car_Color_Detection_AI\data\raw\archive (6)\test\yellow\f76e42f386.jpg,yellow,14
c:\Users\hasibul shaikh\Documents\Car_Color_Detection_AI\data\raw\archive (6)\train\beige\5f593f05cd.jpg,beige,0
c:\Users\hasibul shaikh\Documents\Car_Color_Detection_AI\data\raw\archive (6)\train\silver\d7b5882374.jpg,silver,11
c:\Users\hasibul shaikh\Documents\Car_Color_Detection_AI\data\raw\archive (6)\val\red\04d3b878ff.jpg,red,10
c:\Users\hasibul shaikh\Documents\Car_Color_Detection_AI\data\raw\archive (6)\train\silver\af381496ad.jpg,silver,11
c:\Users\hasibul shaikh\Documents\Car_Color_Detection_AI\data\raw\archive (6)\test\silver\03c7121768.jpg,silver,11
c:\Users\hasibul shaikh\Documents\Car_Color_Detection_AI\data\raw\archive (6)\train\red\14cee467b7.jpg,red,10
c:\Users\hasibul shaikh\Documents\Car_Color_Detection_AI\data\raw\archive (6)\test\yellow\3ca952c644.jpg,yellow,14
c:\Users\hasibul shaikh\Documents\Car_Color_Detection_AI\data\raw\archive (6)\train\brown\1f0be86d0f.jpg,brown,3
c:\Users\hasibul shaikh\Documents\Car_Color_Detection_AI\data\raw\archive (6)\train\silver\d9e91a69d8.jpg,silver,11
c:\Users\hasibul shaikh\Documents\Car_Color_Detection_AI\data\raw\archive (6)\test\red\b92f0a30a7.jpg,red,10
c:\Users\hasibul shaikh\Documents\Car_Color_Detection_AI\data\raw\archive (6)\train\gold\b259db4be0.jpg,gold,4
c:\Users\hasibul shaikh\Documents\Car_Color_Detection_AI\data\raw\archive (6)\train\yellow\92e207ecbe.jpg,yellow,14
c:\Users\hasibul shaikh\Documents\Car_Color_Detection_AI\data\raw\archive (6)\train\beige\02373872da.jpg,beige,0
c:\Users\hasibul shaikh\Documents\Car_Color_Detection_AI\data\raw\archive (6)\train\tan\e6c7b11492.jpg,tan,12
c:\Users\hasibul shaikh\Documents\Car_Color_Detection_AI\data\raw\archive (6)\val\gold\147723065a.jpg,gold,4
c:\Users\hasibul shaikh\Documents\Car_Color_Detection_AI\data\raw\archive (6)\test\red\c7822c9550.jpg,red,10
c:\Users\hasibul shaikh\Documents\Car_Color_Detection_AI\data\raw\archive (6)\train\orange\7dd6362596.jpg,orange,7
c:\Users\hasibul shaikh\Documents\Car_Color_Detection_AI\data\raw\archive (6)\train\blue\bcbde76ec4.jpg,blue,2
c:\Users\hasibul shaikh\Documents\Car_Color_Detection_AI\data\raw\archive (6)\val\brown\6c89e54f17.jpg,brown,3
c:\Users\hasibul shaikh\Documents\Car_Color_Detection_AI\data\raw\archive (6)\train\white\041c4f1bf2.jpg,white,13
c:\Users\hasibul shaikh\Documents\Car_Color_Detection_AI\data\raw\archive (6)\val\silver\b137b2dceb.jpg,silver,11
c:\Users\hasibul shaikh\Documents\Car_Color_Detection_AI\data\raw\archive (6)\train\white\8b6331daf4.jpg,white,13
c:\Users\hasibul shaikh\Documents\Car_Color_Detection_AI\data\raw\archive (6)\train\beige\75c87a8a27.jpg,beige,0
c:\Users\hasibul shaikh\Documents\Car_Color_Detection_AI\data\raw\archive (6)\test\blue\349f77a60e.jpg,blue,2
c:\Users\hasibul shaikh\Documents\Car_Color_Detection_AI\data\raw\archive (6)\train\red\b4e7ae97b1.jpg,red,10
c:\Users\hasibul shaikh\Documents\Car_Color_Detection_AI\data\raw\archive (6)\train\blue\11a3274237.jpg,blue,2
c:\Users\hasibul shaikh\Documents\Car_Color_Detection_AI\data\raw\archive (6)\train\white\e626caedf5.jpg,white,13
c:\Users\hasibul shaikh\Documents\Car_Color_Detection_AI\data\raw\archive (6)\train\green\18420420d4.jpg,green,5
c:\Users\hasibul shaikh\Documents\Car_Color_Detection_AI\data\raw\archive (6)\train\pink\6b78f40af8.jpg,pink,8
c:\Users\hasibul shaikh\Documents\Car_Color_Detection_AI\data\raw\archive (6)\train\purple\35d5fc689f.jpg,purple,9
c:\Users\hasibul shaikh\Documents\Car_Color_Detection_AI\data\raw\archive (6)\train\purple\5ba5084189.jpg,purple,9
c:\Users\hasibul shaikh\Documents\Car_Color_Detection_AI\data\raw\archive (6)\train\grey\98e458e24c.jpg,grey,6
c:\Users\hasibul shaikh\Documents\Car_Color_Detection_AI\data\raw\archive (6)\train\silver\04932e6971.jpg,silver,11
c:\Users\hasibul shaikh\Documents\Car_Color_Detection_AI\data\raw\archive (6)\train\tan\ff3366cd98.jpg,tan,12
c:\Users\hasibul shaikh\Documents\Car_Color_Detection_AI\data\raw\archive (6)\train\black\ab6f1c7684.jpg,black,1
c:\Users\hasibul shaikh\Documents\Car_Color_Detection_AI\data\raw\archive (6)\train\black\2e0080b946.jpg,black,1
c:\Users\hasibul shaikh\Documents\Car_Color_Detection_AI\data\raw\archive (6)\train\grey\7abfaee27f.jpg,grey,6
c:\Users\hasibul shaikh\Documents\Car_Color_Detection_AI\data\raw\archive (6)\train\blue\dc4af14269.jpg,blue,2
c:\Users\hasibul shaikh\Documents\Car_Color_Detection_AI\data\raw\archive (6)\train\yellow\c241f71cc0.jpg,yellow,14
c:\Users\hasibul shaikh\Documents\Car_Color_Detection_AI\data\raw\archive (6)\train\purple\d32d948011.jpg,purple,9
c:\Users\hasibul shaikh\Documents\Car_Color_Detection_AI\data\raw\archive (6)\train\red\b9ee5882bb.jpg,red,10
c:\Users\hasibul shaikh\Documents\Car_Color_Detection_AI\data\raw\archive (6)\val\purple\72cc6a34aa.jpg,purple,9
c:\Users\hasibul shaikh\Documents\Car_Color_Detection_AI\data\raw\archive (6)\train\blue\a34df15c6b.jpg,blue,2
c:\Users\hasibul shaikh\Documents\Car_Color_Detection_AI\data\raw\archive (6)\test\red\ffad870fd5.jpg,red,10
c:\Users\hasibul shaikh\Documents\Car_Color_Detection_AI\data\raw\archive (6)\test\tan\766398f59b.jpg,tan,12
c:\Users\hasibul shaikh\Documents\Car_Color_Detection_AI\data\raw\archive (6)\test\green\4628d52721.jpg,green,5
c:\Users\hasibul shaikh\Documents\Car_Color_Detection_AI\data\raw\archive (6)\train\red\5451c0f268.jpg,red,10
c:\Users\hasibul shaikh\Documents\Car_Color_Detection_AI\data\raw\archive (6)\train\blue\bfa6de4760.jpg,blue,2
c:\Users\hasibul shaikh\Documents\Car_Color_Detection_AI\data\raw\archive (6)\train\blue\4518254b68.jpg,blue,2
c:\Users\hasibul shaikh\Documents\Car_Color_Detection_AI\data\raw\archive (6)\val\silver\089379fdd0.jpg,silver,11
c:\Users\hasibul shaikh\Documents\Car_Color_Detection_AI\data\raw\archive (6)\train\red\61e47625cd.jpg,red,10
c:\Users\hasibul shaikh\Documents\Car_Color_Detection_AI\data\raw\archive (6)\test\purple\3e0ebdbeb4.jpg,purple,9
c:\Users\hasibul shaikh\Documents\Car_Color_Detection_AI\data\raw\archive (6)\train\green\f4f8a7e340.jpg,green,5
c:\Users\hasibul shaikh\Documents\Car_Color_Detection_AI\data\raw\archive (6)\val\pink\1720105544.jpg,pink,8
c:\Users\hasibul shaikh\Documents\Car_Color_Detection_AI\data\raw\archive (6)\train\orange\94e4d883c1.jpg,orange,7
c:\Users\hasibul shaikh\Documents\Car_Color_Detection_AI\data\raw\archive (6)\train\gold\4f76c29427.jpg,gold,4
c:\Users\hasibul shaikh\Documents\Car_Color_Detection_AI\data\raw\archive (6)\train\red\d82cbf94f5.jpg,red,10
c:\Users\hasibul shaikh\Documents\Car_Color_Detection_AI\data\raw\archive (6)\train\orange\25152d2261.jpg,orange,7
c:\Users\hasibul shaikh\Documents\Car_Color_Detection_AI\data\raw\archive (6)\train\red\427cd8dece.jpg,red,10
c:\Users\hasibul shaikh\Documents\Car_Color_Detection_AI\data\raw\archive (6)\val\beige\d334836c98.jpg,beige,0
c:\Users\hasibul shaikh\Documents\Car_Color_Detection_AI\data\raw\archive (6)\train\beige\d8bc08d5c9.jpg,beige,0
c:\Users\hasibul shaikh\Documents\Car_Color_Detection_AI\data\raw\archive (6)\train\orange\3815a837b5.jpg,orange,7
c:\Users\hasibul shaikh\Documents\Car_Color_Detection_AI\data\raw\archive (6)\val\beige\4394d0dbec.jpg,beige,0
c:\Users\hasibul shaikh\Documents\Car_Color_Detection_AI\data\raw\archive (6)\train\brown\e159ffb3af.jpg,brown,3
c:\Users\hasibul shaikh\Documents\Car_Color_Detection_AI\data\raw\archive (6)\test\red\2d9d979b8b.jpg,red,10
c:\Users\hasibul shaikh\Documents\Car_Color_Detection_AI\data\raw\archive (6)\val\tan\4f4326401d.jpg,tan,12
c:\Users\hasibul shaikh\Documents\Car_Color_Detection_AI\data\raw\archive (6)\val\pink\e9c206fc8b.jpg,pink,8
c:\Users\hasibul shaikh\Documents\Car_Color_Detection_AI\data\raw\archive (6)\val\brown\7f076f5d3a.jpg,brown,3
c:\Users\hasibul shaikh\Documents\Car_Color_Detection_AI\data\raw\archive (6)\train\purple\43cddf53d4.jpg,purple,9
c:\Users\hasibul shaikh\Documents\Car_Color_Detection_AI\data\raw\archive (6)\train\blue\fe83c564ce.jpg,blue,2
c:\Users\hasibul shaikh\Documents\Car_Color_Detection_AI\data\raw\archive (6)\train\pink\7484c2535b.jpg,pink,8
c:\Users\hasibul shaikh\Documents\Car_Color_Detection_AI\data\raw\archive (6)\val\silver\9f10765932.jpg,silver,11
c:\Users\hasibul shaikh\Documents\Car_Color_Detection_AI\data\raw\archive (6)\train\orange\c6c6169c6f.jpg,orange,7
c:\Users\hasibul shaikh\Documents\Car_Color_Detection_AI\data\raw\archive (6)\train\silver\66b8b48bf5.jpg,silver,11
c:\Users\hasibul shaikh\Documents\Car_Color_Detection_AI\data\raw\archive (6)\train\green\faece315e3.jpg,green,5
c:\Users\hasibul shaikh\Documents\Car_Color_Detection_AI\data\raw\archive (6)\train\black\8488d29670.jpg,black,1
c:\Users\hasibul shaikh\Documents\Car_Color_Detection_AI\data\raw\archive (6)\test\yellow\111c9b216d.jpg,yellow,14
c:\Users\hasibul shaikh\Documents\Car_Color_Detection_AI\data\raw\archive (6)\train\silver\4f2bed2ee5.jpg,silver,11
c:\Users\hasibul shaikh\Documents\Car_Color_Detection_AI\data\raw\archive (6)\test\blue\a233b30d2f.jpg,blue,2
c:\Users\hasibul shaikh\Documents\Car_Color_Detection_AI\data\raw\archive (6)\train\red\4dc8be2115.jpg,red,10
c:\Users\hasibul shaikh\Documents\Car_Color_Detection_AI\data\raw\archive (6)\train\gold\e310e3826d.jpg,gold,4
c:\Users\hasibul shaikh\Documents\Car_Color_Detection_AI\data\raw\archive (6)\train\yellow\d20690a206.jpg,yellow,14
c:\Users\hasibul shaikh\Documents\Car_Color_Detection_AI\data\raw\archive (6)\train\beige\fc32fca3d8.jpg,beige,0
c:\Users\hasibul shaikh\Documents\Car_Color_Detection_AI\data\raw\archive (6)\train\red\b5dcabdfc4.jpg,red,10
c:\Users\hasibul shaikh\Documents\Car_Color_Detection_AI\data\raw\archive (6)\train\silver\745bb2a532.jpg,silver,11
c:\Users\hasibul shaikh\Documents\Car_Color_Detection_AI\data\raw\archive (6)\train\purple\7ceef426a8.jpg,purple,9
c:\Users\hasibul shaikh\Documents\Car_Color_Detection_AI\data\raw\archive (6)\val\grey\acdff04e1a.jpg,grey,6
c:\Users\hasibul shaikh\Documents\Car_Color_Detection_AI\data\raw\archive (6)\train\beige\bedbbff752.jpg,beige,0
c:\Users\hasibul shaikh\Documents\Car_Color_Detection_AI\data\raw\archive (6)\train\orange\4139927522.jpg,orange,7
c:\Users\hasibul shaikh\Documents\Car_Color_Detection_AI\data\raw\archive (6)\train\orange\a3c3b38ed8.jpg,orange,7
c:\Users\hasibul shaikh\Documents\Car_Color_Detection_AI\data\raw\archive (6)\test\brown\9c45e99082.jpg,brown,3
c:\Users\hasibul shaikh\Documents\Car_Color_Detection_AI\data\raw\archive (6)\val\tan\628c9f7ada.jpg,tan,12
c:\Users\hasibul shaikh\Documents\Car_Color_Detection_AI\data\raw\archive (6)\val\green\f5a49fac21.jpg,green,5
c:\Users\hasibul shaikh\Documents\Car_Color_Detection_AI\data\raw\archive (6)\val\tan\fa38c05953.jpg,tan,12
c:\Users\hasibul shaikh\Documents\Car_Color_Detection_AI\data\raw\archive (6)\train\purple\a0a887944b.jpg,purple,9
c:\Users\hasibul shaikh\Documents\Car_Color_Detection_AI\data\raw\archive (6)\test\silver\310f63444c.jpg,silver,11
c:\Users\hasibul shaikh\Documents\Car_Color_Detection_AI\data\raw\archive (6)\train\grey\c40e3db5de.jpg,grey,6
c:\Users\hasibul shaikh\Documents\Car_Color_Detection_AI\data\raw\archive (6)\train\blue\053bde080a.jpg,blue,2
c:\Users\hasibul shaikh\Documents\Car_Color_Detection_AI\data\raw\archive (6)\train\silver\9d8516bd51.jpg,silver,11
c:\Users\hasibul shaikh\Documents\Car_Color_Detection_AI\data\raw\archive (6)\train\yellow\7c1a446859.jpg,yellow,14
c:\Users\hasibul shaikh\Documents\Car_Color_Detection_AI\data\raw\archive (6)\test\red\864b8ab66c.jpg,red,10
c:\Users\hasibul shaikh\Documents\Car_Color_Detection_AI\data\raw\archive (6)\train\green\74be6307f9.jpg,green,5
c:\Users\hasibul shaikh\Documents\Car_Color_Detection_AI\data\raw\archive (6)\test\black\52e7a9ed8c.jpg,black,1
c:\Users\hasibul shaikh\Documents\Car_Color_Detection_AI\data\raw\archive (6)\test\blue\d3d8bd7289.jpg,blue,2
c:\Users\hasibul shaikh\Documents\Car_Color_Detection_AI\data\raw\archive (6)\val\tan\7d373ed16e.jpg,tan,12
c:\Users\hasibul shaikh\Documents\Car_Color_Detection_AI\data\raw\archive (6)\val\grey\9f37aca09b.jpg,grey,6
c:\Users\hasibul shaikh\Documents\Car_Color_Detection_AI\data\raw\archive (6)\test\white\de8075413f.jpg,white,13
c:\Users\hasibul shaikh\Documents\Car_Color_Detection_AI\data\raw\archive (6)\train\tan\2a7aa714b9.jpg,tan,12
c:\Users\hasibul shaikh\Documents\Car_Color_Detection_AI\data\raw\archive (6)\test\beige\e0d43f8e3f.jpg,beige,0
c:\Users\hasibul shaikh\Documents\Car_Color_Detection_AI\data\raw\archive (6)\train\pink\0e5fea8a63.jpg,pink,8
c:\Users\hasibul shaikh\Documents\Car_Color_Detection_AI\data\raw\archive (6)\test\beige\26225d6391.jpg,beige,0
c:\Users\hasibul shaikh\Documents\Car_Color_Detection_AI\data\raw\archive (6)\train\pink\39fd1475ae.jpg,pink,8
c:\Users\hasibul shaikh\Documents\Car_Color_Detection_AI\data\raw\archive (6)\train\orange\7aa4fc8286.jpg,orange,7
c:\Users\hasibul shaikh\Documents\Car_Color_Detection_AI\data\raw\archive (6)\train\blue\856b7c5ce7.jpg,blue,2
c:\Users\hasibul shaikh\Documents\Car_Color_Detection_AI\data\raw\archive (6)\test\black\35435e4396.jpg,black,1
c:\Users\hasibul shaikh\Documents\Car_Color_Detection_AI\data\raw\archive (6)\train\silver\8c344f8538.jpg,silver,11
c:\Users\hasibul shaikh\Documents\Car_Color_Detection_AI\data\raw\archive (6)\test\white\6839e4cc07.jpg,white,13
c:\Users\hasibul shaikh\Documents\Car_Color_Detection_AI\data\raw\archive (6)\train\green\72bf7fcf11.jpg,green,5
c:\Users\hasibul shaikh\Documents\Car_Color_Detection_AI\data\raw\archive (6)\val\green\e5c87efe01.jpg,green,5
c:\Users\hasibul shaikh\Documents\Car_Color_Detection_AI\data\raw\archive (6)\train\orange\e49a5da674.jpg,orange,7
c:\Users\hasibul shaikh\Documents\Car_Color_Detection_AI\data\raw\archive (6)\train\blue\f1f38accd6.jpg,blue,2
c:\Users\hasibul shaikh\Documents\Car_Color_Detection_AI\data\raw\archive (6)\train\green\cdf77770e8.jpg,green,5
c:\Users\hasibul shaikh\Documents\Car_Color_Detection_AI\data\raw\archive (6)\train\tan\3035e75f10.jpg,tan,12
c:\Users\hasibul shaikh\Documents\Car_Color_Detection_AI\data\raw\archive (6)\train\grey\5abf375253.jpg,grey,6
c:\Users\hasibul shaikh\Documents\Car_Color_Detection_AI\data\raw\archive (6)\test\yellow\f38696c28f.jpg,yellow,14
c:\Users\hasibul shaikh\Documents\Car_Color_Detection_AI\data\raw\archive (6)\train\purple\bb0f68f520.jpg,purple,9
c:\Users\hasibul shaikh\Documents\Car_Color_Detection_AI\data\raw\archive (6)\train\silver\7ab06be5e8.jpg,silver,11
c:\Users\hasibul shaikh\Documents\Car_Color_Detection_AI\data\raw\archive (6)\train\white\fce8b3db74.jpg,white,13
c:\Users\hasibul shaikh\Documents\Car_Color_Detection_AI\data\raw\archive (6)\test\blue\ac71776fac.jpg,blue,2
c:\Users\hasibul shaikh\Documents\Car_Color_Detection_AI\data\raw\archive (6)\test\silver\612dbdadfa.jpg,silver,11
c:\Users\hasibul shaikh\Documents\Car_Color_Detection_AI\data\raw\archive (6)\train\purple\771f685f0d.jpg,purple,9
c:\Users\hasibul shaikh\Documents\Car_Color_Detection_AI\data\raw\archive (6)\train\red\2fb2ff3fdc.jpg,red,10
c:\Users\hasibul shaikh\Documents\Car_Color_Detection_AI\data\raw\archive (6)\train\pink\8f4fa1bbd8.jpg,pink,8
c:\Users\hasibul shaikh\Documents\Car_Color_Detection_AI\data\raw\archive (6)\train\yellow\246c43ba10.jpg,yellow,14
c:\Users\hasibul shaikh\Documents\Car_Color_Detection_AI\data\raw\archive (6)\train\red\21786fa84e.jpg,red,10
c:\Users\hasibul shaikh\Documents\Car_Color_Detection_AI\data\raw\archive (6)\val\blue\1fcce74965.jpg,blue,2
c:\Users\hasibul shaikh\Documents\Car_Color_Detection_AI\data\raw\archive (6)\train\orange\ca41deef32.jpg,orange,7
c:\Users\hasibul shaikh\Documents\Car_Color_Detection_AI\data\raw\archive (6)\train\red\226ae9b567.jpg,red,10
c:\Users\hasibul shaikh\Documents\Car_Color_Detection_AI\data\raw\archive (6)\test\blue\eca9352575.jpg,blue,2
c:\Users\hasibul shaikh\Documents\Car_Color_Detection_AI\data\raw\archive (6)\train\green\067edad668.jpg,green,5
c:\Users\hasibul shaikh\Documents\Car_Color_Detection_AI\data\raw\archive (6)\train\pink\5a2447334d.jpg,pink,8
c:\Users\hasibul shaikh\Documents\Car_Color_Detection_AI\data\raw\archive (6)\train\brown\a6ca4052ce.jpg,brown,3
c:\Users\hasibul shaikh\Documents\Car_Color_Detection_AI\data\raw\archive (6)\val\blue\0e0c28aa1d.jpg,blue,2
c:\Users\hasibul shaikh\Documents\Car_Color_Detection_AI\data\raw\archive (6)\train\brown\d487eb06fe.jpg,brown,3
c:\Users\hasibul shaikh\Documents\Car_Color_Detection_AI\data\raw\archive (6)\test\white\0d26944f31.jpg,white,13
c:\Users\hasibul shaikh\Documents\Car_Color_Detection_AI\data\raw\archive (6)\train\grey\aae2398ed6.jpg,grey,6
c:\Users\hasibul shaikh\Documents\Car_Color_Detection_AI\data\raw\archive (6)\train\orange\61a89dd031.jpg,orange,7
c:\Users\hasibul shaikh\Documents\Car_Color_Detection_AI\data\raw\archive (6)\train\blue\770cec371c.jpg,blue,2
c:\Users\hasibul shaikh\Documents\Car_Color_Detection_AI\data\raw\archive (6)\train\orange\190faf96b5.jpg,orange,7
c:\Users\hasibul shaikh\Documents\Car_Color_Detection_AI\data\raw\archive (6)\test\grey\6190c04421.jpg,grey,6
c:\Users\hasibul shaikh\Documents\Car_Color_Detection_AI\data\raw\archive (6)\train\black\1ded3f08ab.jpg,black,1
c:\Users\hasibul shaikh\Documents\Car_Color_Detection_AI\data\raw\archive (6)\train\silver\cb3735d703.jpg,silver,11
c:\Users\hasibul shaikh\Documents\Car_Color_Detection_AI\data\raw\archive (6)\train\brown\c31c11222d.jpg,brown,3
c:\Users\hasibul shaikh\Documents\Car_Color_Detection_AI\data\raw\archive (6)\test\grey\06be2eb1c6.jpg,grey,6
c:\Users\hasibul shaikh\Documents\Car_Color_Detection_AI\data\raw\archive (6)\train\red\2617e72a70.jpg,red,10
c:\Users\hasibul shaikh\Documents\Car_Color_Detection_AI\data\raw\archive (6)\test\beige\f3c300491d.jpg,beige,0
c:\Users\hasibul shaikh\Documents\Car_Color_Detection_AI\data\raw\archive (6)\train\blue\c8367b8e95.jpg,blue,2
c:\Users\hasibul shaikh\Documents\Car_Color_Detection_AI\data\raw\archive (6)\test\blue\3d91a0572b.jpg,blue,2
c:\Users\hasibul shaikh\Documents\Car_Color_Detection_AI\data\raw\archive (6)\test\blue\e7c468778a.jpg,blue,2
c:\Users\hasibul shaikh\Documents\Car_Color_Detection_AI\data\raw\archive (6)\val\beige\46961a1e34.jpg,beige,0
c:\Users\hasibul shaikh\Documents\Car_Color_Detection_AI\data\raw\archive (6)\test\red\7b4ce5d119.jpg,red,10
c:\Users\hasibul shaikh\Documents\Car_Color_Detection_AI\data\raw\archive (6)\train\grey\232f962633.jpg,grey,6
c:\Users\hasibul shaikh\Documents\Car_Color_Detection_AI\data\raw\archive (6)\val\pink\107a03a83d.jpg,pink,8
c:\Users\hasibul shaikh\Documents\Car_Color_Detection_AI\data\raw\archive (6)\train\gold\f51db99e90.jpg,gold,4
c:\Users\hasibul shaikh\Documents\Car_Color_Detection_AI\data\raw\archive (6)\test\orange\6f2bc6d68c.jpg,orange,7
c:\Users\hasibul shaikh\Documents\Car_Color_Detection_AI\data\raw\archive (6)\train\pink\a343f325ab.jpg,pink,8
c:\Users\hasibul shaikh\Documents\Car_Color_Detection_AI\data\raw\archive (6)\train\white\f9cdc4c42f.jpg,white,13
c:\Users\hasibul shaikh\Documents\Car_Color_Detection_AI\data\raw\archive (6)\train\green\f6cd76aa52.jpg,green,5
c:\Users\hasibul shaikh\Documents\Car_Color_Detection_AI\data\raw\archive (6)\train\red\4aa42eaaec.jpg,red,10
c:\Users\hasibul shaikh\Documents\Car_Color_Detection_AI\data\raw\archive (6)\train\grey\207d0037b6.jpg,grey,6
c:\Users\hasibul shaikh\Documents\Car_Color_Detection_AI\data\raw\archive (6)\train\black\7078342948.jpg,black,1
c:\Users\hasibul shaikh\Documents\Car_Color_Detection_AI\data\raw\archive (6)\train\white\351d9de307.jpg,white,13
c:\Users\hasibul shaikh\Documents\Car_Color_Detection_AI\data\raw\archive (6)\train\grey\a4c3e5fca0.jpg,grey,6
c:\Users\hasibul shaikh\Documents\Car_Color_Detection_AI\data\raw\archive (6)\train\orange\e4f9205ccc.jpg,orange,7
c:\Users\hasibul shaikh\Documents\Car_Color_Detection_AI\data\raw\archive (6)\train\red\25464a4770.jpg,red,10
c:\Users\hasibul shaikh\Documents\Car_Color_Detection_AI\data\raw\archive (6)\train\white\e903689650.jpg,white,13
c:\Users\hasibul shaikh\Documents\Car_Color_Detection_AI\data\raw\archive (6)\test\pink\5dfe667f93.jpg,pink,8
c:\Users\hasibul shaikh\Documents\Car_Color_Detection_AI\data\raw\archive (6)\val\pink\4379c35ef3.jpg,pink,8
c:\Users\hasibul shaikh\Documents\Car_Color_Detection_AI\data\raw\archive (6)\train\blue\1acbce6f1d.jpg,blue,2
c:\Users\hasibul shaikh\Documents\Car_Color_Detection_AI\data\raw\archive (6)\val\red\1ac8c37024.jpg,red,10
c:\Users\hasibul shaikh\Documents\Car_Color_Detection_AI\data\raw\archive (6)\train\yellow\0251ac35f3.jpg,yellow,14
c:\Users\hasibul shaikh\Documents\Car_Color_Detection_AI\data\raw\archive (6)\train\brown\014640503c.jpg,brown,3
c:\Users\hasibul shaikh\Documents\Car_Color_Detection_AI\data\raw\archive (6)\train\purple\336c55ed01.jpg,purple,9
c:\Users\hasibul shaikh\Documents\Car_Color_Detection_AI\data\raw\archive (6)\test\blue\a8cf523854.jpg,blue,2
c:\Users\hasibul shaikh\Documents\Car_Color_Detection_AI\data\raw\archive (6)\val\beige\e9b6e0c4ea.jpg,beige,0
c:\Users\hasibul shaikh\Documents\Car_Color_Detection_AI\data\raw\archive (6)\train\orange\fc9b053a04.jpg,orange,7
c:\Users\hasibul shaikh\Documents\Car_Color_Detection_AI\data\raw\archive (6)\train\purple\169f5778c2.jpg,purple,9
c:\Users\hasibul shaikh\Documents\Car_Color_Detection_AI\data\raw\archive (6)\train\grey\788d95af19.jpg,grey,6
c:\Users\hasibul shaikh\Documents\Car_Color_Detection_AI\data\raw\archive (6)\train\orange\ad0622a18b.jpg,orange,7
c:\Users\hasibul shaikh\Documents\Car_Color_Detection_AI\data\raw\archive (6)\train\red\36d244efa3.jpg,red,10
c:\Users\hasibul shaikh\Documents\Car_Color_Detection_AI\data\raw\archive (6)\val\purple\0908604bb1.jpg,purple,9
c:\Users\hasibul shaikh\Documents\Car_Color_Detection_AI\data\raw\archive (6)\train\gold\f0833c5a88.jpg,gold,4
c:\Users\hasibul shaikh\Documents\Car_Color_Detection_AI\data\raw\archive (6)\train\tan\8c9124e1c6.jpg,tan,12
c:\Users\hasibul shaikh\Documents\Car_Color_Detection_AI\data\raw\archive (6)\train\pink\113c0a89be.jpg,pink,8
c:\Users\hasibul shaikh\Documents\Car_Color_Detection_AI\data\raw\archive (6)\test\black\ae5f5af3c4.jpg,black,1
c:\Users\hasibul shaikh\Documents\Car_Color_Detection_AI\data\raw\archive (6)\train\white\da5fb0c03e.jpg,white,13
c:\Users\hasibul shaikh\Documents\Car_Color_Detection_AI\data\raw\archive (6)\train\red\dd8e753584.jpg,red,10
c:\Users\hasibul shaikh\Documents\Car_Color_Detection_AI\data\raw\archive (6)\test\brown\132d955820.jpg,brown,3
c:\Users\hasibul shaikh\Documents\Car_Color_Detection_AI\data\raw\archive (6)\train\gold\2652e17c2f.jpg,gold,4
c:\Users\hasibul shaikh\Documents\Car_Color_Detection_AI\data\raw\archive (6)\test\brown\93ef0ed736.jpg,brown,3
c:\Users\hasibul shaikh\Documents\Car_Color_Detection_AI\data\raw\archive (6)\train\beige\cbce9b1b8f.jpg,beige,0
c:\Users\hasibul shaikh\Documents\Car_Color_Detection_AI\data\raw\archive (6)\val\green\dc9f7ff5f8.jpg,green,5
c:\Users\hasibul shaikh\Documents\Car_Color_Detection_AI\data\raw\archive (6)\train\blue\0edc87db56.jpg,blue,2
c:\Users\hasibul shaikh\Documents\Car_Color_Detection_AI\data\raw\archive (6)\val\red\9ea478b328.jpg,red,10
c:\Users\hasibul shaikh\Documents\Car_Color_Detection_AI\data\raw\archive (6)\train\yellow\df69150d06.jpg,yellow,14
c:\Users\hasibul shaikh\Documents\Car_Color_Detection_AI\data\raw\archive (6)\train\pink\d66a46e07b.jpg,pink,8
c:\Users\hasibul shaikh\Documents\Car_Color_Detection_AI\data\raw\archive (6)\train\beige\2174123e68.jpg,beige,0
c:\Users\hasibul shaikh\Documents\Car_Color_Detection_AI\data\raw\archive (6)\train\purple\6ca6b92699.jpg,purple,9
c:\Users\hasibul shaikh\Documents\Car_Color_Detection_AI\data\raw\archive (6)\train\grey\8fc481bbe8.jpg,grey,6
c:\Users\hasibul shaikh\Documents\Car_Color_Detection_AI\data\raw\archive (6)\val\orange\0258c705f8.jpg,orange,7
c:\Users\hasibul shaikh\Documents\Car_Color_Detection_AI\data\raw\archive (6)\train\silver\2cf22bd0ed.jpg,silver,11
c:\Users\hasibul shaikh\Documents\Car_Color_Detection_AI\data\raw\archive (6)\train\white\a75cc08367.jpg,white,13
c:\Users\hasibul shaikh\Documents\Car_Color_Detection_AI\data\raw\archive (6)\train\orange\be61bf5c0b.jpg,orange,7
c:\Users\hasibul shaikh\Documents\Car_Color_Detection_AI\data\raw\archive (6)\train\silver\04fcc0a87c.jpg,silver,11
c:\Users\hasibul shaikh\Documents\Car_Color_Detection_AI\data\raw\archive (6)\test\yellow\1768ed7b74.jpg,yellow,14
c:\Users\hasibul shaikh\Documents\Car_Color_Detection_AI\data\raw\archive (6)\train\red\71138bf11b.jpg,red,10
c:\Users\hasibul shaikh\Documents\Car_Color_Detection_AI\data\raw\archive (6)\test\purple\0b01001367.jpg,purple,9
c:\Users\hasibul shaikh\Documents\Car_Color_Detection_AI\data\raw\archive (6)\train\white\80b93a159a.jpg,white,13
c:\Users\hasibul shaikh\Documents\Car_Color_Detection_AI\data\raw\archive (6)\train\purple\9aaad0da34.jpg,purple,9
c:\Users\hasibul shaikh\Documents\Car_Color_Detection_AI\data\raw\archive (6)\train\beige\238f67f4ec.jpg,beige,0
c:\Users\hasibul shaikh\Documents\Car_Color_Detection_AI\data\raw\archive (6)\train\red\9c7b62290d.jpg,red,10
c:\Users\hasibul shaikh\Documents\Car_Color_Detection_AI\data\raw\archive (6)\val\brown\14145b293c.jpg,brown,3
c:\Users\hasibul shaikh\Documents\Car_Color_Detection_AI\data\raw\archive (6)\val\brown\747137df1c.jpg,brown,3
c:\Users\hasibul shaikh\Documents\Car_Color_Detection_AI\data\raw\archive (6)\val\silver\d3df326322.jpg,silver,11
c:\Users\hasibul shaikh\Documents\Car_Color_Detection_AI\data\raw\archive (6)\test\white\cc79dd085a.jpg,white,13
c:\Users\hasibul shaikh\Documents\Car_Color_Detection_AI\data\raw\archive (6)\val\brown\7ac17b4271.jpg,brown,3
c:\Users\hasibul shaikh\Documents\Car_Color_Detection_AI\data\raw\archive (6)\train\blue\e9347b2d75.jpg,blue,2
c:\Users\hasibul shaikh\Documents\Car_Color_Detection_AI\data\raw\archive (6)\train\red\95b7edd19d.jpg,red,10
c:\Users\hasibul shaikh\Documents\Car_Color_Detection_AI\data\raw\archive (6)\val\grey\b00081c316.jpg,grey,6
c:\Users\hasibul shaikh\Documents\Car_Color_Detection_AI\data\raw\archive (6)\train\yellow\7236007fbe.jpg,yellow,14
c:\Users\hasibul shaikh\Documents\Car_Color_Detection_AI\data\raw\archive (6)\train\silver\b1e4e2931c.jpg,silver,11
c:\Users\hasibul shaikh\Documents\Car_Color_Detection_AI\data\raw\archive (6)\val\blue\996eacace3.jpg,blue,2
c:\Users\hasibul shaikh\Documents\Car_Color_Detection_AI\data\raw\archive (6)\train\white\f804856a35.jpg,white,13
c:\Users\hasibul shaikh\Documents\Car_Color_Detection_AI\data\raw\archive (6)\test\green\eda2a76900.jpg,green,5
c:\Users\hasibul shaikh\Documents\Car_Color_Detection_AI\data\raw\archive (6)\train\beige\2490ad6389.jpg,beige,0
c:\Users\hasibul shaikh\Documents\Car_Color_Detection_AI\data\raw\archive (6)\train\yellow\74268edde6.jpg,yellow,14
c:\Users\hasibul shaikh\Documents\Car_Color_Detection_AI\data\raw\archive (6)\train\blue\3d95f9a95d.jpg,blue,2
c:\Users\hasibul shaikh\Documents\Car_Color_Detection_AI\data\raw\archive (6)\train\yellow\48f7237a40.jpg,yellow,14
c:\Users\hasibul shaikh\Documents\Car_Color_Detection_AI\data\raw\archive (6)\train\black\48f8bde220.jpg,black,1
c:\Users\hasibul shaikh\Documents\Car_Color_Detection_AI\data\raw\archive (6)\train\orange\2142a7ec05.jpg,orange,7
c:\Users\hasibul shaikh\Documents\Car_Color_Detection_AI\data\raw\archive (6)\train\tan\15d05cfba7.jpg,tan,12
c:\Users\hasibul shaikh\Documents\Car_Color_Detection_AI\data\raw\archive (6)\train\purple\0c18426c52.jpg,purple,9
c:\Users\hasibul shaikh\Documents\Car_Color_Detection_AI\data\raw\archive (6)\train\beige\075c01557a.jpg,beige,0
c:\Users\hasibul shaikh\Documents\Car_Color_Detection_AI\data\raw\archive (6)\test\beige\8a865f6ffe.jpg,beige,0
c:\Users\hasibul shaikh\Documents\Car_Color_Detection_AI\data\raw\archive (6)\train\brown\9c3485f381.jpg,brown,3
c:\Users\hasibul shaikh\Documents\Car_Color_Detection_AI\data\raw\archive (6)\val\green\9b225d7d48.jpg,green,5
c:\Users\hasibul shaikh\Documents\Car_Color_Detection_AI\data\raw\archive (6)\train\yellow\c6cc39ed10.jpg,yellow,14
c:\Users\hasibul shaikh\Documents\Car_Color_Detection_AI\data\raw\archive (6)\train\brown\0a30857150.jpg,brown,3
c:\Users\hasibul shaikh\Documents\Car_Color_Detection_AI\data\raw\archive (6)\test\brown\aba0027f20.jpg,brown,3
c:\Users\hasibul shaikh\Documents\Car_Color_Detection_AI\data\raw\archive (6)\train\green\a1d16f2d94.jpg,green,5
c:\Users\hasibul shaikh\Documents\Car_Color_Detection_AI\data\raw\archive (6)\train\blue\3972248452.jpg,blue,2
c:\Users\hasibul shaikh\Documents\Car_Color_Detection_AI\data\raw\archive (6)\val\yellow\9962ee6afc.jpg,yellow,14
c:\Users\hasibul shaikh\Documents\Car_Color_Detection_AI\data\raw\archive (6)\train\gold\1490de534d.jpg,gold,4
c:\Users\hasibul shaikh\Documents\Car_Color_Detection_AI\data\raw\archive (6)\train\pink\3e8e65d0da.jpg,pink,8
c:\Users\hasibul shaikh\Documents\Car_Color_Detection_AI\data\raw\archive (6)\train\white\0403cc673a.jpg,white,13
c:\Users\hasibul shaikh\Documents\Car_Color_Detection_AI\data\raw\archive (6)\train\orange\8abc24b776.jpg,orange,7
c:\Users\hasibul shaikh\Documents\Car_Color_Detection_AI\data\raw\archive (6)\train\green\1e2c99b5de.jpg,green,5
c:\Users\hasibul shaikh\Documents\Car_Color_Detection_AI\data\raw\archive (6)\train\gold\9c78ada964.jpg,gold,4
c:\Users\hasibul shaikh\Documents\Car_Color_Detection_AI\data\raw\archive (6)\test\yellow\a082caa594.jpg,yellow,14
c:\Users\hasibul shaikh\Documents\Car_Color_Detection_AI\data\raw\archive (6)\train\green\26d0a932d2.jpg,green,5
c:\Users\hasibul shaikh\Documents\Car_Color_Detection_AI\data\raw\archive (6)\test\grey\4b694ffe64.jpg,grey,6
c:\Users\hasibul shaikh\Documents\Car_Color_Detection_AI\data\raw\archive (6)\train\green\525f0036c7.jpg,green,5
c:\Users\hasibul shaikh\Documents\Car_Color_Detection_AI\data\raw\archive (6)\train\yellow\bc713cfa69.jpg,yellow,14
c:\Users\hasibul shaikh\Documents\Car_Color_Detection_AI\data\raw\archive (6)\train\silver\5ed14ca126.jpg,silver,11
c:\Users\hasibul shaikh\Documents\Car_Color_Detection_AI\data\raw\archive (6)\train\black\64c0b49b34.jpg,black,1
c:\Users\hasibul shaikh\Documents\Car_Color_Detection_AI\data\raw\archive (6)\train\tan\875c2554a0.jpg,tan,12
c:\Users\hasibul shaikh\Documents\Car_Color_Detection_AI\data\raw\archive (6)\train\grey\548cb2447f.jpg,grey,6
c:\Users\hasibul shaikh\Documents\Car_Color_Detection_AI\data\raw\archive (6)\train\white\1b0037df7c.jpg,white,13
c:\Users\hasibul shaikh\Documents\Car_Color_Detection_AI\data\raw\archive (6)\train\grey\de32e914db.jpg,grey,6
c:\Users\hasibul shaikh\Documents\Car_Color_Detection_AI\data\raw\archive (6)\train\red\5de001de69.jpg,red,10
c:\Users\hasibul shaikh\Documents\Car_Color_Detection_AI\data\raw\archive (6)\val\tan\5537dbde1b.jpg,tan,12
c:\Users\hasibul shaikh\Documents\Car_Color_Detection_AI\data\raw\archive (6)\train\gold\682aff8842.jpg,gold,4
c:\Users\hasibul shaikh\Documents\Car_Color_Detection_AI\data\raw\archive (6)\train\pink\0a8251b06c.jpg,pink,8
c:\Users\hasibul shaikh\Documents\Car_Color_Detection_AI\data\raw\archive (6)\train\white\fa457b0fc4.jpg,white,13
c:\Users\hasibul shaikh\Documents\Car_Color_Detection_AI\data\raw\archive (6)\test\purple\bb9dbb8ddc.jpg,purple,9
c:\Users\hasibul shaikh\Documents\Car_Color_Detection_AI\data\raw\archive (6)\train\brown\4a54421c24.jpg,brown,3
c:\Users\hasibul shaikh\Documents\Car_Color_Detection_AI\data\raw\archive (6)\train\tan\94e99f1e48.jpg,tan,12
c:\Users\hasibul shaikh\Documents\Car_Color_Detection_AI\data\raw\archive (6)\train\tan\32180ae47a.jpg,tan,12
c:\Users\hasibul shaikh\Documents\Car_Color_Detection_AI\data\raw\archive (6)\train\green\549937246d.jpg,green,5
c:\Users\hasibul shaikh\Documents\Car_Color_Detection_AI\data\raw\archive (6)\test\black\737eb1a449.jpg,black,1
c:\Users\hasibul shaikh\Documents\Car_Color_Detection_AI\data\raw\archive (6)\test\orange\8f44a1ca83.jpg,orange,7
c:\Users\hasibul shaikh\Documents\Car_Color_Detection_AI\data\raw\archive (6)\train\blue\e324bccc5e.jpg,blue,2
c:\Users\hasibul shaikh\Documents\Car_Color_Detection_AI\data\raw\archive (6)\train\tan\7e0dcc88d2.jpg,tan,12
c:\Users\hasibul shaikh\Documents\Car_Color_Detection_AI\data\raw\archive (6)\train\tan\4f33be4ece.jpg,tan,12
c:\Users\hasibul shaikh\Documents\Car_Color_Detection_AI\data\raw\archive (6)\val\green\7bcb1e3a77.jpg,green,5
c:\Users\hasibul shaikh\Documents\Car_Color_Detection_AI\data\raw\archive (6)\train\silver\773ffb5318.jpg,silver,11
c:\Users\hasibul shaikh\Documents\Car_Color_Detection_AI\data\raw\archive (6)\train\black\ff566ae8e2.jpg,black,1
c:\Users\hasibul shaikh\Documents\Car_Color_Detection_AI\data\raw\archive (6)\train\brown\c6c67e5b8d.jpg,brown,3
c:\Users\hasibul shaikh\Documents\Car_Color_Detection_AI\data\raw\archive (6)\train\brown\12a4a0f923.jpg,brown,3
c:\Users\hasibul shaikh\Documents\Car_Color_Detection_AI\data\raw\archive (6)\train\red\369c19f799.jpg,red,10
c:\Users\hasibul shaikh\Documents\Car_Color_Detection_AI\data\raw\archive (6)\train\white\cd62aa5d83.jpg,white,13
c:\Users\hasibul shaikh\Documents\Car_Color_Detection_AI\data\raw\archive (6)\train\grey\be7407933c.jpg,grey,6
c:\Users\hasibul shaikh\Documents\Car_Color_Detection_AI\data\raw\archive (6)\train\blue\39bcf0fad8.jpg,blue,2
c:\Users\hasibul shaikh\Documents\Car_Color_Detection_AI\data\raw\archive (6)\test\yellow\db84bbc431.jpg,yellow,14
c:\Users\hasibul shaikh\Documents\Car_Color_Detection_AI\data\raw\archive (6)\train\brown\afbf37ec03.jpg,brown,3
c:\Users\hasibul shaikh\Documents\Car_Color_Detection_AI\data\raw\archive (6)\train\tan\7560cea7a8.jpg,tan,12
c:\Users\hasibul shaikh\Documents\Car_Color_Detection_AI\data\raw\archive (6)\val\tan\13d535b7e5.jpg,tan,12
c:\Users\hasibul shaikh\Documents\Car_Color_Detection_AI\data\raw\archive (6)\test\brown\7ff7eb6b50 - Copy.jpg,brown,3
c:\Users\hasibul shaikh\Documents\Car_Color_Detection_AI\data\raw\archive (6)\train\black\0105a1c836.jpg,black,1
c:\Users\hasibul shaikh\Documents\Car_Color_Detection_AI\data\raw\archive (6)\train\pink\4b0c2f2105.jpg,pink,8
c:\Users\hasibul shaikh\Documents\Car_Color_Detection_AI\data\raw\archive (6)\val\orange\6dd322b668.jpg,orange,7
c:\Users\hasibul shaikh\Documents\Car_Color_Detection_AI\data\raw\archive (6)\train\brown\6c9c0f2095.jpg,brown,3
c:\Users\hasibul shaikh\Documents\Car_Color_Detection_AI\data\raw\archive (6)\train\grey\7e31dfab74.jpg,grey,6
c:\Users\hasibul shaikh\Documents\Car_Color_Detection_AI\data\raw\archive (6)\test\orange\90ed87e1b5.jpg,orange,7
c:\Users\hasibul shaikh\Documents\Car_Color_Detection_AI\data\raw\archive (6)\train\black\c29b41a291.jpg,black,1
c:\Users\hasibul shaikh\Documents\Car_Color_Detection_AI\data\raw\archive (6)\test\purple\60af1f631d.jpg,purple,9
c:\Users\hasibul shaikh\Documents\Car_Color_Detection_AI\data\raw\archive (6)\train\blue\9db158b097.jpg,blue,2
c:\Users\hasibul shaikh\Documents\Car_Color_Detection_AI\data\raw\archive (6)\train\white\637878f240.jpg,white,13
c:\Users\hasibul shaikh\Documents\Car_Color_Detection_AI\data\raw\archive (6)\test\yellow\11fa4bf6bc.jpg,yellow,14
c:\Users\hasibul shaikh\Documents\Car_Color_Detection_AI\data\raw\archive (6)\train\beige\598e5b1979.jpg,beige,0
c:\Users\hasibul shaikh\Documents\Car_Color_Detection_AI\data\raw\archive (6)\train\orange\6319bc1660.jpg,orange,7
c:\Users\hasibul shaikh\Documents\Car_Color_Detection_AI\data\raw\archive (6)\train\silver\c35c1177e7.jpg,silver,11
c:\Users\hasibul shaikh\Documents\Car_Color_Detection_AI\data\raw\archive (6)\val\silver\97d5c6cc88.jpg,silver,11
c:\Users\hasibul shaikh\Documents\Car_Color_Detection_AI\data\raw\archive (6)\test\green\ee34fc7f25.jpg,green,5
c:\Users\hasibul shaikh\Documents\Car_Color_Detection_AI\data\raw\archive (6)\train\white\67369e2af0.jpg,white,13
c:\Users\hasibul shaikh\Documents\Car_Color_Detection_AI\data\raw\archive (6)\train\green\555c3e8982.jpg,green,5
c:\Users\hasibul shaikh\Documents\Car_Color_Detection_AI\data\raw\archive (6)\train\white\bb0b8b6119.jpg,white,13
c:\Users\hasibul shaikh\Documents\Car_Color_Detection_AI\data\raw\archive (6)\test\gold\27c02b60c6.jpg,gold,4
c:\Users\hasibul shaikh\Documents\Car_Color_Detection_AI\data\raw\archive (6)\train\yellow\53a80c97d5.jpg,yellow,14
c:\Users\hasibul shaikh\Documents\Car_Color_Detection_AI\data\raw\archive (6)\train\beige\eb43f97bcb.jpg,beige,0
c:\Users\hasibul shaikh\Documents\Car_Color_Detection_AI\data\raw\archive (6)\val\green\7c43f80b0b.jpg,green,5
c:\Users\hasibul shaikh\Documents\Car_Color_Detection_AI\data\raw\archive (6)\train\yellow\1d0f4dff78.jpg,yellow,14
c:\Users\hasibul shaikh\Documents\Car_Color_Detection_AI\data\raw\archive (6)\train\red\ae79a07c6e.jpg,red,10
c:\Users\hasibul shaikh\Documents\Car_Color_Detection_AI\data\raw\archive (6)\train\yellow\4a34fdb804.jpg,yellow,14
c:\Users\hasibul shaikh\Documents\Car_Color_Detection_AI\data\raw\archive (6)\train\beige\c671df3e97.jpg,beige,0
c:\Users\hasibul shaikh\Documents\Car_Color_Detection_AI\data\raw\archive (6)\test\blue\9255c3c730.jpg,blue,2
c:\Users\hasibul shaikh\Documents\Car_Color_Detection_AI\data\raw\archive (6)\test\tan\cc36e44d90.jpg,tan,12
c:\Users\hasibul shaikh\Documents\Car_Color_Detection_AI\data\raw\archive (6)\train\yellow\4c53901f87.jpg,yellow,14
c:\Users\hasibul shaikh\Documents\Car_Color_Detection_AI\data\raw\archive (6)\train\purple\ceb9bdd28a.jpg,purple,9
c:\Users\hasibul shaikh\Documents\Car_Color_Detection_AI\data\raw\archive (6)\train\brown\cf08e1412c.jpg,brown,3
c:\Users\hasibul shaikh\Documents\Car_Color_Detection_AI\data\raw\archive (6)\train\tan\e5761e7aff.jpg,tan,12
c:\Users\hasibul shaikh\Documents\Car_Color_Detection_AI\data\raw\archive (6)\train\gold\97dcbb0cae.jpg,gold,4
c:\Users\hasibul shaikh\Documents\Car_Color_Detection_AI\data\raw\archive (6)\train\pink\dfb420bc78.jpg,pink,8
c:\Users\hasibul shaikh\Documents\Car_Color_Detection_AI\data\raw\archive (6)\test\pink\b6a5bec0d9.jpg,pink,8
c:\Users\hasibul shaikh\Documents\Car_Color_Detection_AI\data\raw\archive (6)\train\purple\2851c7c4b9.jpg,purple,9
c:\Users\hasibul shaikh\Documents\Car_Color_Detection_AI\data\raw\archive (6)\train\pink\7645e457b1.jpg,pink,8
c:\Users\hasibul shaikh\Documents\Car_Color_Detection_AI\data\raw\archive (6)\train\grey\838b70d603.jpg,grey,6
c:\Users\hasibul shaikh\Documents\Car_Color_Detection_AI\data\raw\archive (6)\train\purple\fc3a507b66.jpg,purple,9
c:\Users\hasibul shaikh\Documents\Car_Color_Detection_AI\data\raw\archive (6)\val\pink\5825b02187.jpg,pink,8
c:\Users\hasibul shaikh\Documents\Car_Color_Detection_AI\data\raw\archive (6)\train\green\fbb4403860.jpg,green,5
c:\Users\hasibul shaikh\Documents\Car_Color_Detection_AI\data\raw\archive (6)\test\black\b8a35aa005.jpg,black,1
c:\Users\hasibul shaikh\Documents\Car_Color_Detection_AI\data\raw\archive (6)\train\white\b4255a7405.jpg,white,13
c:\Users\hasibul shaikh\Documents\Car_Color_Detection_AI\data\raw\archive (6)\test\beige\f40f0798b9.jpg,beige,0
c:\Users\hasibul shaikh\Documents\Car_Color_Detection_AI\data\raw\archive (6)\train\white\d13b95b548.jpg,white,13
c:\Users\hasibul shaikh\Documents\Car_Color_Detection_AI\data\raw\archive (6)\train\black\0a9a7e401c.jpg,black,1
c:\Users\hasibul shaikh\Documents\Car_Color_Detection_AI\data\raw\archive (6)\train\orange\9fdf6b5c5d.jpg,orange,7
c:\Users\hasibul shaikh\Documents\Car_Color_Detection_AI\data\raw\archive (6)\test\brown\5b342a6de5.jpg,brown,3
c:\Users\hasibul shaikh\Documents\Car_Color_Detection_AI\data\raw\archive (6)\train\green\545ec11984 - Copy.jpg,green,5
c:\Users\hasibul shaikh\Documents\Car_Color_Detection_AI\data\raw\archive (6)\train\blue\6bb5fc93ba.jpg,blue,2
c:\Users\hasibul shaikh\Documents\Car_Color_Detection_AI\data\raw\archive (6)\test\beige\c5099e3507.jpg,beige,0
c:\Users\hasibul shaikh\Documents\Car_Color_Detection_AI\data\raw\archive (6)\val\green\0463447ebd.jpg,green,5
c:\Users\hasibul shaikh\Documents\Car_Color_Detection_AI\data\raw\archive (6)\train\orange\becc5b10a3.jpg,orange,7
c:\Users\hasibul shaikh\Documents\Car_Color_Detection_AI\data\raw\archive (6)\train\white\3a67666b41.jpg,white,13
c:\Users\hasibul shaikh\Documents\Car_Color_Detection_AI\data\raw\archive (6)\train\blue\ecdeb81f02.jpg,blue,2
c:\Users\hasibul shaikh\Documents\Car_Color_Detection_AI\data\raw\archive (6)\train\blue\7e1da44446.jpg,blue,2
c:\Users\hasibul shaikh\Documents\Car_Color_Detection_AI\data\raw\archive (6)\train\tan\4895ad0ae0.jpg,tan,12
c:\Users\hasibul shaikh\Documents\Car_Color_Detection_AI\data\raw\archive (6)\train\gold\7745cbfb6f.jpg,gold,4
c:\Users\hasibul shaikh\Documents\Car_Color_Detection_AI\data\raw\archive (6)\val\brown\1cb489a8ea.jpg,brown,3
c:\Users\hasibul shaikh\Documents\Car_Color_Detection_AI\data\raw\archive (6)\train\orange\69e2f986d3.jpg,orange,7
c:\Users\hasibul shaikh\Documents\Car_Color_Detection_AI\data\raw\archive (6)\train\tan\276dd6cc48.jpg,tan,12
c:\Users\hasibul shaikh\Documents\Car_Color_Detection_AI\data\raw\archive (6)\train\silver\c2b23c977f.jpg,silver,11
c:\Users\hasibul shaikh\Documents\Car_Color_Detection_AI\data\raw\archive (6)\test\yellow\a878746539.jpg,yellow,14
c:\Users\hasibul shaikh\Documents\Car_Color_Detection_AI\data\raw\archive (6)\train\green\1cf146e5f5.jpg,green,5
c:\Users\hasibul shaikh\Documents\Car_Color_Detection_AI\data\raw\archive (6)\train\orange\0c3236cabd.jpg,orange,7
c:\Users\hasibul shaikh\Documents\Car_Color_Detection_AI\data\raw\archive (6)\train\green\c26ff42a77.jpg,green,5
c:\Users\hasibul shaikh\Documents\Car_Color_Detection_AI\data\raw\archive (6)\train\red\3d7ac51b2b.jpg,red,10
c:\Users\hasibul shaikh\Documents\Car_Color_Detection_AI\data\raw\archive (6)\train\grey\5d46e2c51f.jpg,grey,6
c:\Users\hasibul shaikh\Documents\Car_Color_Detection_AI\data\raw\archive (6)\train\green\8ac2c5dae6.jpg,green,5
c:\Users\hasibul shaikh\Documents\Car_Color_Detection_AI\data\raw\archive (6)\train\red\fe83d28e34.jpg,red,10
c:\Users\hasibul shaikh\Documents\Car_Color_Detection_AI\data\raw\archive (6)\train\orange\8033beed1a.jpg,orange,7
c:\Users\hasibul shaikh\Documents\Car_Color_Detection_AI\data\raw\archive (6)\train\purple\ad06b576a9.jpg,purple,9
c:\Users\hasibul shaikh\Documents\Car_Color_Detection_AI\data\raw\archive (6)\train\brown\1357addc91.jpg,brown,3
c:\Users\hasibul shaikh\Documents\Car_Color_Detection_AI\data\raw\archive (6)\train\yellow\73965d4681.jpg,yellow,14
c:\Users\hasibul shaikh\Documents\Car_Color_Detection_AI\data\raw\archive (6)\train\black\77fa9c30a4.jpg,black,1
c:\Users\hasibul shaikh\Documents\Car_Color_Detection_AI\data\raw\archive (6)\train\pink\c8520e026b.jpg,pink,8
c:\Users\hasibul shaikh\Documents\Car_Color_Detection_AI\data\raw\archive (6)\train\orange\62a06b44fd.jpg,orange,7
c:\Users\hasibul shaikh\Documents\Car_Color_Detection_AI\data\raw\archive (6)\test\pink\854ea80e30.jpg,pink,8
c:\Users\hasibul shaikh\Documents\Car_Color_Detection_AI\data\raw\archive (6)\train\silver\595cb8dbe4.jpg,silver,11
c:\Users\hasibul shaikh\Documents\Car_Color_Detection_AI\data\raw\archive (6)\train\red\917907240d.jpg,red,10
c:\Users\hasibul shaikh\Documents\Car_Color_Detection_AI\data\raw\archive (6)\train\blue\fecb8595ae.jpg,blue,2
c:\Users\hasibul shaikh\Documents\Car_Color_Detection_AI\data\raw\archive (6)\test\yellow\7aa1044bcb.jpg,yellow,14
c:\Users\hasibul shaikh\Documents\Car_Color_Detection_AI\data\raw\archive (6)\train\brown\ce6c2879b1.jpg,brown,3
c:\Users\hasibul shaikh\Documents\Car_Color_Detection_AI\data\raw\archive (6)\val\blue\b4b437296a.jpg,blue,2
c:\Users\hasibul shaikh\Documents\Car_Color_Detection_AI\data\raw\archive (6)\train\blue\6114c1d83e.jpg,blue,2
c:\Users\hasibul shaikh\Documents\Car_Color_Detection_AI\data\raw\archive (6)\train\tan\3a7c62b906.jpg,tan,12
c:\Users\hasibul shaikh\Documents\Car_Color_Detection_AI\data\raw\archive (6)\train\red\6723816d49.jpg,red,10
c:\Users\hasibul shaikh\Documents\Car_Color_Detection_AI\data\raw\archive (6)\train\grey\67e81ced78.jpg,grey,6
c:\Users\hasibul shaikh\Documents\Car_Color_Detection_AI\data\raw\archive (6)\train\green\be61aead6b.jpg,green,5
c:\Users\hasibul shaikh\Documents\Car_Color_Detection_AI\data\raw\archive (6)\test\tan\2b9895d5c4.jpg,tan,12
c:\Users\hasibul shaikh\Documents\Car_Color_Detection_AI\data\raw\archive (6)\val\tan\29d48fc938.jpg,tan,12
c:\Users\hasibul shaikh\Documents\Car_Color_Detection_AI\data\raw\archive (6)\train\brown\56787e3e88.jpg,brown,3
c:\Users\hasibul shaikh\Documents\Car_Color_Detection_AI\data\raw\archive (6)\val\purple\4b65e66656.jpg,purple,9
c:\Users\hasibul shaikh\Documents\Car_Color_Detection_AI\data\raw\archive (6)\test\red\65b5dc677a.jpg,red,10
c:\Users\hasibul shaikh\Documents\Car_Color_Detection_AI\data\raw\archive (6)\train\tan\a1d174c02d.jpg,tan,12
c:\Users\hasibul shaikh\Documents\Car_Color_Detection_AI\data\raw\archive (6)\train\pink\649869465a.jpg,pink,8
c:\Users\hasibul shaikh\Documents\Car_Color_Detection_AI\data\raw\archive (6)\train\white\859e9c693a.jpg,white,13
c:\Users\hasibul shaikh\Documents\Car_Color_Detection_AI\data\raw\archive (6)\val\green\b23892326b.jpg,green,5
c:\Users\hasibul shaikh\Documents\Car_Color_Detection_AI\data\raw\archive (6)\train\silver\f45e715107.jpg,silver,11
c:\Users\hasibul shaikh\Documents\Car_Color_Detection_AI\data\raw\archive (6)\val\blue\7c7c2a523a.jpg,blue,2
c:\Users\hasibul shaikh\Documents\Car_Color_Detection_AI\data\raw\archive (6)\val\red\bc8f5b6238.jpg,red,10
c:\Users\hasibul shaikh\Documents\Car_Color_Detection_AI\data\raw\archive (6)\train\tan\c3fee968c6.jpg,tan,12
c:\Users\hasibul shaikh\Documents\Car_Color_Detection_AI\data\raw\archive (6)\val\yellow\9ff103ac0b.jpg,yellow,14
c:\Users\hasibul shaikh\Documents\Car_Color_Detection_AI\data\raw\archive (6)\train\grey\2545bad516.jpg,grey,6
c:\Users\hasibul shaikh\Documents\Car_Color_Detection_AI\data\raw\archive (6)\train\pink\8c835d9196.jpg,pink,8
c:\Users\hasibul shaikh\Documents\Car_Color_Detection_AI\data\raw\archive (6)\train\black\bac6c7208e.jpg,black,1
c:\Users\hasibul shaikh\Documents\Car_Color_Detection_AI\data\raw\archive (6)\train\silver\b4ddc499c1.jpg,silver,11
c:\Users\hasibul shaikh\Documents\Car_Color_Detection_AI\data\raw\archive (6)\train\red\976b70bc10.jpg,red,10
c:\Users\hasibul shaikh\Documents\Car_Color_Detection_AI\data\raw\archive (6)\train\tan\de536e0e6e.jpg,tan,12
c:\Users\hasibul shaikh\Documents\Car_Color_Detection_AI\data\raw\archive (6)\train\white\d061171aee.jpg,white,13
c:\Users\hasibul shaikh\Documents\Car_Color_Detection_AI\data\raw\archive (6)\train\red\84e7185728.jpg,red,10
c:\Users\hasibul shaikh\Documents\Car_Color_Detection_AI\data\raw\archive (6)\train\pink\53662c68e1.jpg,pink,8
c:\Users\hasibul shaikh\Documents\Car_Color_Detection_AI\data\raw\archive (6)\test\purple\58f8a142a6.jpg,purple,9
c:\Users\hasibul shaikh\Documents\Car_Color_Detection_AI\data\raw\archive (6)\train\red\13ee118444.jpg,red,10
c:\Users\hasibul shaikh\Documents\Car_Color_Detection_AI\data\raw\archive (6)\train\blue\32d9c28f37.jpg,blue,2
c:\Users\hasibul shaikh\Documents\Car_Color_Detection_AI\data\raw\archive (6)\train\red\14cb8ab00a.jpg,red,10
c:\Users\hasibul shaikh\Documents\Car_Color_Detection_AI\data\raw\archive (6)\train\pink\9d07ca1c51.jpg,pink,8
c:\Users\hasibul shaikh\Documents\Car_Color_Detection_AI\data\raw\archive (6)\train\yellow\e0aca524dd.jpg,yellow,14
c:\Users\hasibul shaikh\Documents\Car_Color_Detection_AI\data\raw\archive (6)\val\green\5ee576980c - Copy.jpg,green,5
c:\Users\hasibul shaikh\Documents\Car_Color_Detection_AI\data\raw\archive (6)\test\pink\b5764b138c.jpg,pink,8
c:\Users\hasibul shaikh\Documents\Car_Color_Detection_AI\data\raw\archive (6)\train\beige\4a7424d872.jpg,beige,0
c:\Users\hasibul shaikh\Documents\Car_Color_Detection_AI\data\raw\archive (6)\train\pink\ea18007dc7.jpg,pink,8
c:\Users\hasibul shaikh\Documents\Car_Color_Detection_AI\data\raw\archive (6)\val\red\914ce748f4.jpg,red,10
c:\Users\hasibul shaikh\Documents\Car_Color_Detection_AI\data\raw\archive (6)\train\purple\b43dd4e84d.jpg,purple,9
c:\Users\hasibul shaikh\Documents\Car_Color_Detection_AI\data\raw\archive (6)\val\white\4870cb79b2.jpg,white,13
c:\Users\hasibul shaikh\Documents\Car_Color_Detection_AI\data\raw\archive (6)\train\white\50942d521e.jpg,white,13
c:\Users\hasibul shaikh\Documents\Car_Color_Detection_AI\data\raw\archive (6)\train\orange\8538efc687.jpg,orange,7
c:\Users\hasibul shaikh\Documents\Car_Color_Detection_AI\data\raw\archive (6)\train\blue\62003bfa28.jpg,blue,2
c:\Users\hasibul shaikh\Documents\Car_Color_Detection_AI\data\raw\archive (6)\val\grey\48a9c2d81c.jpg,grey,6
c:\Users\hasibul shaikh\Documents\Car_Color_Detection_AI\data\raw\archive (6)\train\brown\f6ba0a96f0.jpg,brown,3
c:\Users\hasibul shaikh\Documents\Car_Color_Detection_AI\data\raw\archive (6)\train\silver\a3df6ce99d.jpg,silver,11
c:\Users\hasibul shaikh\Documents\Car_Color_Detection_AI\data\raw\archive (6)\train\blue\67bc3720a2.jpg,blue,2
c:\Users\hasibul shaikh\Documents\Car_Color_Detection_AI\data\raw\archive (6)\train\silver\3017dc2ef6.jpg,silver,11
c:\Users\hasibul shaikh\Documents\Car_Color_Detection_AI\data\raw\archive (6)\test\pink\42f3cd436d.jpg,pink,8
c:\Users\hasibul shaikh\Documents\Car_Color_Detection_AI\data\raw\archive (6)\train\green\5fe5224263 - Copy.jpg,green,5
c:\Users\hasibul shaikh\Documents\Car_Color_Detection_AI\data\raw\archive (6)\train\brown\7168f803f9.jpg,brown,3
c:\Users\hasibul shaikh\Documents\Car_Color_Detection_AI\data\raw\archive (6)\val\yellow\fc04d6c8f0.jpg,yellow,14
c:\Users\hasibul shaikh\Documents\Car_Color_Detection_AI\data\raw\archive (6)\train\blue\b7dabfd7ac.jpg,blue,2
c:\Users\hasibul shaikh\Documents\Car_Color_Detection_AI\data\raw\archive (6)\train\tan\64b895ce77.jpg,tan,12
c:\Users\hasibul shaikh\Documents\Car_Color_Detection_AI\data\raw\archive (6)\train\pink\a2c80a8ad0.jpg,pink,8
c:\Users\hasibul shaikh\Documents\Car_Color_Detection_AI\data\raw\archive (6)\train\beige\77ca10221a.jpg,beige,0
c:\Users\hasibul shaikh\Documents\Car_Color_Detection_AI\data\raw\archive (6)\train\brown\0c9713d1e2.jpg,brown,3
c:\Users\hasibul shaikh\Documents\Car_Color_Detection_AI\data\raw\archive (6)\train\orange\589b0fe8d0.jpg,orange,7
c:\Users\hasibul shaikh\Documents\Car_Color_Detection_AI\data\raw\archive (6)\val\red\11c0b17559.jpg,red,10
c:\Users\hasibul shaikh\Documents\Car_Color_Detection_AI\data\raw\archive (6)\train\tan\e71ba2719e.jpg,tan,12
c:\Users\hasibul shaikh\Documents\Car_Color_Detection_AI\data\raw\archive (6)\train\white\fdcdb8329b.jpg,white,13
c:\Users\hasibul shaikh\Documents\Car_Color_Detection_AI\data\raw\archive (6)\train\brown\dae99fa42e.jpg,brown,3
c:\Users\hasibul shaikh\Documents\Car_Color_Detection_AI\data\raw\archive (6)\train\orange\67fd9603c0.jpg,orange,7
c:\Users\hasibul shaikh\Documents\Car_Color_Detection_AI\data\raw\archive (6)\train\green\d17f4d4bc9.jpg,green,5
c:\Users\hasibul shaikh\Documents\Car_Color_Detection_AI\data\raw\archive (6)\train\white\35019a042d.jpg,white,13
c:\Users\hasibul shaikh\Documents\Car_Color_Detection_AI\data\raw\archive (6)\val\green\9fcb5bcdc6.jpg,green,5
c:\Users\hasibul shaikh\Documents\Car_Color_Detection_AI\data\raw\archive (6)\train\blue\6f4e594c2f.jpg,blue,2
c:\Users\hasibul shaikh\Documents\Car_Color_Detection_AI\data\raw\archive (6)\train\yellow\22e771fa38.jpg,yellow,14
c:\Users\hasibul shaikh\Documents\Car_Color_Detection_AI\data\raw\archive (6)\train\purple\2249518e47.jpg,purple,9
c:\Users\hasibul shaikh\Documents\Car_Color_Detection_AI\data\raw\archive (6)\val\red\1237ec6539.jpg,red,10
c:\Users\hasibul shaikh\Documents\Car_Color_Detection_AI\data\raw\archive (6)\train\green\d3ac98b72d.jpg,green,5
c:\Users\hasibul shaikh\Documents\Car_Color_Detection_AI\data\raw\archive (6)\train\brown\d0bf6a6a7f.jpg,brown,3
c:\Users\hasibul shaikh\Documents\Car_Color_Detection_AI\data\raw\archive (6)\train\red\109cc6a523.jpg,red,10
c:\Users\hasibul shaikh\Documents\Car_Color_Detection_AI\data\raw\archive (6)\val\purple\e6f39f9fdc.jpg,purple,9
c:\Users\hasibul shaikh\Documents\Car_Color_Detection_AI\data\raw\archive (6)\test\orange\70d1c5d3b9.jpg,orange,7
c:\Users\hasibul shaikh\Documents\Car_Color_Detection_AI\data\raw\archive (6)\train\pink\cb0926e40c.jpg,pink,8
c:\Users\hasibul shaikh\Documents\Car_Color_Detection_AI\data\raw\archive (6)\train\blue\8d179db453.jpg,blue,2
c:\Users\hasibul shaikh\Documents\Car_Color_Detection_AI\data\raw\archive (6)\train\green\f65a631f2e.jpg,green,5
c:\Users\hasibul shaikh\Documents\Car_Color_Detection_AI\data\raw\archive (6)\train\green\0b766d2878.jpg,green,5
c:\Users\hasibul shaikh\Documents\Car_Color_Detection_AI\data\raw\archive (6)\train\brown\7b9cc6dd03.jpg,brown,3
c:\Users\hasibul shaikh\Documents\Car_Color_Detection_AI\data\raw\archive (6)\train\purple\69319e65ab.jpg,purple,9
c:\Users\hasibul shaikh\Documents\Car_Color_Detection_AI\data\raw\archive (6)\train\silver\afe48127cf.jpg,silver,11
c:\Users\hasibul shaikh\Documents\Car_Color_Detection_AI\data\raw\archive (6)\train\blue\87056ce89a.jpg,blue,2
c:\Users\hasibul shaikh\Documents\Car_Color_Detection_AI\data\raw\archive (6)\test\black\6fb536c8b3.jpg,black,1
c:\Users\hasibul shaikh\Documents\Car_Color_Detection_AI\data\raw\archive (6)\val\tan\6db9b4068b.jpg,tan,12
c:\Users\hasibul shaikh\Documents\Car_Color_Detection_AI\data\raw\archive (6)\val\red\a18f937d39.jpg,red,10
c:\Users\hasibul shaikh\Documents\Car_Color_Detection_AI\data\raw\archive (6)\val\green\256646b2fe.jpg,green,5
c:\Users\hasibul shaikh\Documents\Car_Color_Detection_AI\data\raw\archive (6)\train\yellow\1dffd7a15b.jpg,yellow,14
c:\Users\hasibul shaikh\Documents\Car_Color_Detection_AI\data\raw\archive (6)\train\purple\801d676825.jpg,purple,9
c:\Users\hasibul shaikh\Documents\Car_Color_Detection_AI\data\raw\archive (6)\test\red\382e377456.jpg,red,10
c:\Users\hasibul shaikh\Documents\Car_Color_Detection_AI\data\raw\archive (6)\train\blue\015f8c63da.jpg,blue,2
c:\Users\hasibul shaikh\Documents\Car_Color_Detection_AI\data\raw\archive (6)\train\green\0d928819d0.jpg,green,5
c:\Users\hasibul shaikh\Documents\Car_Color_Detection_AI\data\raw\archive (6)\train\black\9e6ef640b8.jpg,black,1
c:\Users\hasibul shaikh\Documents\Car_Color_Detection_AI\data\raw\archive (6)\train\tan\6dc93ed8fe.jpg,tan,12
c:\Users\hasibul shaikh\Documents\Car_Color_Detection_AI\data\raw\archive (6)\val\blue\b91290e61a.jpg,blue,2
c:\Users\hasibul shaikh\Documents\Car_Color_Detection_AI\data\raw\archive (6)\train\red\8e7648d03b.jpg,red,10
c:\Users\hasibul shaikh\Documents\Car_Color_Detection_AI\data\raw\archive (6)\train\silver\c038f35714.jpg,silver,11
c:\Users\hasibul shaikh\Documents\Car_Color_Detection_AI\data\raw\archive (6)\train\brown\e2e14dae49.jpg,brown,3
c:\Users\hasibul shaikh\Documents\Car_Color_Detection_AI\data\raw\archive (6)\train\grey\d7d66ffd2e.jpg,grey,6
c:\Users\hasibul shaikh\Documents\Car_Color_Detection_AI\data\raw\archive (6)\train\purple\67519c0d37.jpg,purple,9
c:\Users\hasibul shaikh\Documents\Car_Color_Detection_AI\data\raw\archive (6)\train\pink\213a350ee6.jpg,pink,8
c:\Users\hasibul shaikh\Documents\Car_Color_Detection_AI\data\raw\archive (6)\train\black\32ef430200.jpg,black,1
c:\Users\hasibul shaikh\Documents\Car_Color_Detection_AI\data\raw\archive (6)\train\green\a705899c56.jpg,green,5
c:\Users\hasibul shaikh\Documents\Car_Color_Detection_AI\data\raw\archive (6)\train\black\b0057cb321.jpg,black,1
c:\Users\hasibul shaikh\Documents\Car_Color_Detection_AI\data\raw\archive (6)\train\white\6a1199605e.jpg,white,13
c:\Users\hasibul shaikh\Documents\Car_Color_Detection_AI\data\raw\archive (6)\train\brown\c7ec8fb507.jpg,brown,3
c:\Users\hasibul shaikh\Documents\Car_Color_Detection_AI\data\raw\archive (6)\train\blue\139fb9262b.jpg,blue,2
c:\Users\hasibul shaikh\Documents\Car_Color_Detection_AI\data\raw\archive (6)\test\red\58842af1de.jpg,red,10
c:\Users\hasibul shaikh\Documents\Car_Color_Detection_AI\data\raw\archive (6)\val\beige\eba2fb27a3.jpg,beige,0
c:\Users\hasibul shaikh\Documents\Car_Color_Detection_AI\data\raw\archive (6)\train\beige\99f23a903e.jpg,beige,0
c:\Users\hasibul shaikh\Documents\Car_Color_Detection_AI\data\raw\archive (6)\test\red\598ff6a7b0.jpg,red,10
c:\Users\hasibul shaikh\Documents\Car_Color_Detection_AI\data\raw\archive (6)\train\white\b6d68cebdc.jpg,white,13
c:\Users\hasibul shaikh\Documents\Car_Color_Detection_AI\data\raw\archive (6)\test\grey\cac9547280.jpg,grey,6
c:\Users\hasibul shaikh\Documents\Car_Color_Detection_AI\data\raw\archive (6)\train\beige\7bc778e3da.jpg,beige,0
c:\Users\hasibul shaikh\Documents\Car_Color_Detection_AI\data\raw\archive (6)\test\pink\243d1b5db1.jpg,pink,8
c:\Users\hasibul shaikh\Documents\Car_Color_Detection_AI\data\raw\archive (6)\train\orange\40ce507aee.jpg,orange,7
c:\Users\hasibul shaikh\Documents\Car_Color_Detection_AI\data\raw\archive (6)\train\silver\4d71ab3391.jpg,silver,11
c:\Users\hasibul shaikh\Documents\Car_Color_Detection_AI\data\raw\archive (6)\train\grey\1b5b41b3ca.jpg,grey,6
c:\Users\hasibul shaikh\Documents\Car_Color_Detection_AI\data\raw\archive (6)\val\blue\988f771138.jpg,blue,2
c:\Users\hasibul shaikh\Documents\Car_Color_Detection_AI\data\raw\archive (6)\val\blue\2d44860f22.jpg,blue,2
c:\Users\hasibul shaikh\Documents\Car_Color_Detection_AI\data\raw\archive (6)\train\red\ae8a567ac3.jpg,red,10
c:\Users\hasibul shaikh\Documents\Car_Color_Detection_AI\data\raw\archive (6)\train\red\612e5b79f5.jpg,red,10
c:\Users\hasibul shaikh\Documents\Car_Color_Detection_AI\data\raw\archive (6)\test\orange\2f2a6c0660.jpg,orange,7
c:\Users\hasibul shaikh\Documents\Car_Color_Detection_AI\data\raw\archive (6)\train\yellow\b3a53ba654.jpg,yellow,14
c:\Users\hasibul shaikh\Documents\Car_Color_Detection_AI\data\raw\archive (6)\train\green\b21a147656.jpg,green,5
c:\Users\hasibul shaikh\Documents\Car_Color_Detection_AI\data\raw\archive (6)\train\tan\cddf86b6ba.jpg,tan,12
c:\Users\hasibul shaikh\Documents\Car_Color_Detection_AI\data\raw\archive (6)\train\orange\93c205ae31.jpg,orange,7
c:\Users\hasibul shaikh\Documents\Car_Color_Detection_AI\data\raw\archive (6)\train\pink\a3cd974bb8.jpg,pink,8
c:\Users\hasibul shaikh\Documents\Car_Color_Detection_AI\data\raw\archive (6)\train\beige\5160636459.jpg,beige,0
c:\Users\hasibul shaikh\Documents\Car_Color_Detection_AI\data\raw\archive (6)\train\white\b27c556d73.jpg,white,13
c:\Users\hasibul shaikh\Documents\Car_Color_Detection_AI\data\raw\archive (6)\train\green\03659b72e0.jpg,green,5
c:\Users\hasibul shaikh\Documents\Car_Color_Detection_AI\data\raw\archive (6)\train\blue\fc6a51f72f.jpg,blue,2
c:\Users\hasibul shaikh\Documents\Car_Color_Detection_AI\data\raw\archive (6)\train\silver\6a05638f5d.jpg,silver,11
c:\Users\hasibul shaikh\Documents\Car_Color_Detection_AI\data\raw\archive (6)\train\purple\9a8b6ac814.jpg,purple,9
c:\Users\hasibul shaikh\Documents\Car_Color_Detection_AI\data\raw\archive (6)\test\white\ac8fd42ee4.jpg,white,13
c:\Users\hasibul shaikh\Documents\Car_Color_Detection_AI\data\raw\archive (6)\val\grey\3630e9f15d.jpg,grey,6
c:\Users\hasibul shaikh\Documents\Car_Color_Detection_AI\data\raw\archive (6)\train\red\2bdff7384c.jpg,red,10
c:\Users\hasibul shaikh\Documents\Car_Color_Detection_AI\data\raw\archive (6)\train\white\a4e62f7b6f.jpg,white,13
c:\Users\hasibul shaikh\Documents\Car_Color_Detection_AI\data\raw\archive (6)\train\silver\ef7ad1c8fd.jpg,silver,11
c:\Users\hasibul shaikh\Documents\Car_Color_Detection_AI\data\raw\archive (6)\train\grey\c0745ed549.jpg,grey,6
c:\Users\hasibul shaikh\Documents\Car_Color_Detection_AI\data\raw\archive (6)\train\grey\8024222844.jpg,grey,6
c:\Users\hasibul shaikh\Documents\Car_Color_Detection_AI\data\raw\archive (6)\train\gold\e770d896e7.jpg,gold,4
c:\Users\hasibul shaikh\Documents\Car_Color_Detection_AI\data\raw\archive (6)\train\red\590c767e34.jpg,red,10
c:\Users\hasibul shaikh\Documents\Car_Color_Detection_AI\data\raw\archive (6)\train\gold\cf50f174e7.jpg,gold,4
c:\Users\hasibul shaikh\Documents\Car_Color_Detection_AI\data\raw\archive (6)\train\purple\2de02b5649.jpg,purple,9
c:\Users\hasibul shaikh\Documents\Car_Color_Detection_AI\data\raw\archive (6)\train\yellow\d6bd257259.jpg,yellow,14
c:\Users\hasibul shaikh\Documents\Car_Color_Detection_AI\data\raw\archive (6)\test\beige\a1bb0b1e68.jpg,beige,0
c:\Users\hasibul shaikh\Documents\Car_Color_Detection_AI\data\raw\archive (6)\test\yellow\bbdb571ce5.jpg,yellow,14
c:\Users\hasibul shaikh\Documents\Car_Color_Detection_AI\data\raw\archive (6)\val\red\ea2d889d9c.jpg,red,10
c:\Users\hasibul shaikh\Documents\Car_Color_Detection_AI\data\raw\archive (6)\train\yellow\8c80dfc4f8.jpg,yellow,14
c:\Users\hasibul shaikh\Documents\Car_Color_Detection_AI\data\raw\archive (6)\train\red\3d4bd5e1b0.jpg,red,10
c:\Users\hasibul shaikh\Documents\Car_Color_Detection_AI\data\raw\archive (6)\train\tan\38e07e8bab.jpg,tan,12
c:\Users\hasibul shaikh\Documents\Car_Color_Detection_AI\data\raw\archive (6)\test\gold\1bd369e3d9.jpg,gold,4
c:\Users\hasibul shaikh\Documents\Car_Color_Detection_AI\data\raw\archive (6)\train\beige\6602a7a170.jpg,beige,0
c:\Users\hasibul shaikh\Documents\Car_Color_Detection_AI\data\raw\archive (6)\test\pink\3932f3d954.jpg,pink,8
c:\Users\hasibul shaikh\Documents\Car_Color_Detection_AI\data\raw\archive (6)\train\silver\3298cf01cc.jpg,silver,11
c:\Users\hasibul shaikh\Documents\Car_Color_Detection_AI\data\raw\archive (6)\val\beige\e0a9dccc87.jpg,beige,0
c:\Users\hasibul shaikh\Documents\Car_Color_Detection_AI\data\raw\archive (6)\train\silver\84ce608e16.jpg,silver,11
c:\Users\hasibul shaikh\Documents\Car_Color_Detection_AI\data\raw\archive (6)\train\grey\ac41d38d48.jpg,grey,6
c:\Users\hasibul shaikh\Documents\Car_Color_Detection_AI\data\raw\archive (6)\train\black\44a9fcf6d8.jpg,black,1
c:\Users\hasibul shaikh\Documents\Car_Color_Detection_AI\data\raw\archive (6)\train\red\46f8a5f1f4.jpg,red,10
c:\Users\hasibul shaikh\Documents\Car_Color_Detection_AI\data\raw\archive (6)\train\silver\594c1ca10b.jpg,silver,11
c:\Users\hasibul shaikh\Documents\Car_Color_Detection_AI\data\raw\archive (6)\train\blue\388a0145d7.jpg,blue,2
c:\Users\hasibul shaikh\Documents\Car_Color_Detection_AI\data\raw\archive (6)\train\tan\d22cf2fcd7.jpg,tan,12
c:\Users\hasibul shaikh\Documents\Car_Color_Detection_AI\data\raw\archive (6)\train\red\5b9e76191d.jpg,red,10
c:\Users\hasibul shaikh\Documents\Car_Color_Detection_AI\data\raw\archive (6)\val\orange\a7f7d43240.jpg,orange,7
c:\Users\hasibul shaikh\Documents\Car_Color_Detection_AI\data\raw\archive (6)\train\blue\0a0963575d.jpg,blue,2
c:\Users\hasibul shaikh\Documents\Car_Color_Detection_AI\data\raw\archive (6)\train\green\33b01044d9.jpg,green,5
c:\Users\hasibul shaikh\Documents\Car_Color_Detection_AI\data\raw\archive (6)\train\green\368a1070ac.jpg,green,5
c:\Users\hasibul shaikh\Documents\Car_Color_Detection_AI\data\raw\archive (6)\val\yellow\830f6dcbdd.jpg,yellow,14
c:\Users\hasibul shaikh\Documents\Car_Color_Detection_AI\data\raw\archive (6)\val\purple\a5e3261879.jpg,purple,9
c:\Users\hasibul shaikh\Documents\Car_Color_Detection_AI\data\raw\archive (6)\train\green\e409e911d0.jpg,green,5
c:\Users\hasibul shaikh\Documents\Car_Color_Detection_AI\data\raw\archive (6)\train\brown\e2056ae21e.jpg,brown,3
c:\Users\hasibul shaikh\Documents\Car_Color_Detection_AI\data\raw\archive (6)\train\white\d167c5c9c1.jpg,white,13
c:\Users\hasibul shaikh\Documents\Car_Color_Detection_AI\data\raw\archive (6)\train\brown\5007269705.jpg,brown,3
c:\Users\hasibul shaikh\Documents\Car_Color_Detection_AI\data\raw\archive (6)\train\tan\e9fa096a13.jpg,tan,12
c:\Users\hasibul shaikh\Documents\Car_Color_Detection_AI\data\raw\archive (6)\train\brown\0025582388.jpg,brown,3
c:\Users\hasibul shaikh\Documents\Car_Color_Detection_AI\data\raw\archive (6)\train\pink\c332d6b2d0.jpg,pink,8
c:\Users\hasibul shaikh\Documents\Car_Color_Detection_AI\data\raw\archive (6)\train\blue\03d38afc66.jpg,blue,2
c:\Users\hasibul shaikh\Documents\Car_Color_Detection_AI\data\raw\archive (6)\train\brown\822436b4ed.jpg,brown,3
c:\Users\hasibul shaikh\Documents\Car_Color_Detection_AI\data\raw\archive (6)\train\orange\a04d1a8808.jpg,orange,7
c:\Users\hasibul shaikh\Documents\Car_Color_Detection_AI\data\raw\archive (6)\train\orange\58e358d7b8.jpg,orange,7
c:\Users\hasibul shaikh\Documents\Car_Color_Detection_AI\data\raw\archive (6)\test\red\9f7e88bab4.jpg,red,10
c:\Users\hasibul shaikh\Documents\Car_Color_Detection_AI\data\raw\archive (6)\train\tan\740077ccc0.jpg,tan,12
c:\Users\hasibul shaikh\Documents\Car_Color_Detection_AI\data\raw\archive (6)\train\brown\6846a0e345.jpg,brown,3
c:\Users\hasibul shaikh\Documents\Car_Color_Detection_AI\data\raw\archive (6)\val\green\8bc9b7fed3.jpg,green,5
c:\Users\hasibul shaikh\Documents\Car_Color_Detection_AI\data\raw\archive (6)\train\red\3dbd8d3bb4.jpg,red,10
c:\Users\hasibul shaikh\Documents\Car_Color_Detection_AI\data\raw\archive (6)\train\purple\fd0b930aac.jpg,purple,9
c:\Users\hasibul shaikh\Documents\Car_Color_Detection_AI\data\raw\archive (6)\train\grey\fb81208e30.jpg,grey,6
c:\Users\hasibul shaikh\Documents\Car_Color_Detection_AI\data\raw\archive (6)\train\purple\0f3cf8f646.jpg,purple,9
c:\Users\hasibul shaikh\Documents\Car_Color_Detection_AI\data\raw\archive (6)\val\white\ba5815957a.jpg,white,13
c:\Users\hasibul shaikh\Documents\Car_Color_Detection_AI\data\raw\archive (6)\train\black\ea8017eef6.jpg,black,1
c:\Users\hasibul shaikh\Documents\Car_Color_Detection_AI\data\raw\archive (6)\train\yellow\994af800ec.jpg,yellow,14
c:\Users\hasibul shaikh\Documents\Car_Color_Detection_AI\data\raw\archive (6)\train\grey\27faee7a2a.jpg,grey,6
c:\Users\hasibul shaikh\Documents\Car_Color_Detection_AI\data\raw\archive (6)\train\tan\3dd3a5a6f8.jpg,tan,12
c:\Users\hasibul shaikh\Documents\Car_Color_Detection_AI\data\raw\archive (6)\train\brown\dc9845f94b.jpg,brown,3
c:\Users\hasibul shaikh\Documents\Car_Color_Detection_AI\data\raw\archive (6)\train\silver\b1f28ab033.jpg,silver,11
c:\Users\hasibul shaikh\Documents\Car_Color_Detection_AI\data\raw\archive (6)\train\green\9d8b39ff80.jpg,green,5
c:\Users\hasibul shaikh\Documents\Car_Color_Detection_AI\data\raw\archive (6)\train\purple\a1582d8321.jpg,purple,9
c:\Users\hasibul shaikh\Documents\Car_Color_Detection_AI\data\raw\archive (6)\test\brown\630f19bb8f.jpg,brown,3
c:\Users\hasibul shaikh\Documents\Car_Color_Detection_AI\data\raw\archive (6)\train\beige\22c23c73a5.jpg,beige,0
c:\Users\hasibul shaikh\Documents\Car_Color_Detection_AI\data\raw\archive (6)\train\blue\7e8b491ae3.jpg,blue,2
c:\Users\hasibul shaikh\Documents\Car_Color_Detection_AI\data\raw\archive (6)\train\green\11d7b648c7.jpg,green,5
c:\Users\hasibul shaikh\Documents\Car_Color_Detection_AI\data\raw\archive (6)\train\grey\bddeec8342.jpg,grey,6
c:\Users\hasibul shaikh\Documents\Car_Color_Detection_AI\data\raw\archive (6)\train\grey\17715cc183.jpg,grey,6
c:\Users\hasibul shaikh\Documents\Car_Color_Detection_AI\data\raw\archive (6)\test\pink\6f72dc09f6.jpg,pink,8
c:\Users\hasibul shaikh\Documents\Car_Color_Detection_AI\data\raw\archive (6)\val\red\ff12ddc653.jpg,red,10
c:\Users\hasibul shaikh\Documents\Car_Color_Detection_AI\data\raw\archive (6)\val\blue\9bd3071ab2.jpg,blue,2
c:\Users\hasibul shaikh\Documents\Car_Color_Detection_AI\data\raw\archive (6)\test\pink\04f963238b.jpg,pink,8
c:\Users\hasibul shaikh\Documents\Car_Color_Detection_AI\data\raw\archive (6)\train\yellow\f19d40c86d.jpg,yellow,14
c:\Users\hasibul shaikh\Documents\Car_Color_Detection_AI\data\raw\archive (6)\train\brown\b3b422b753.jpg,brown,3
c:\Users\hasibul shaikh\Documents\Car_Color_Detection_AI\data\raw\archive (6)\test\green\6807063e3b.jpg,green,5
c:\Users\hasibul shaikh\Documents\Car_Color_Detection_AI\data\raw\archive (6)\train\tan\00073f9e04.jpg,tan,12
c:\Users\hasibul shaikh\Documents\Car_Color_Detection_AI\data\raw\archive (6)\train\pink\0f5a027ba0.jpg,pink,8
c:\Users\hasibul shaikh\Documents\Car_Color_Detection_AI\data\raw\archive (6)\train\red\3b1702c51a.jpg,red,10
c:\Users\hasibul shaikh\Documents\Car_Color_Detection_AI\data\raw\archive (6)\test\yellow\13d8fbb189.jpg,yellow,14
c:\Users\hasibul shaikh\Documents\Car_Color_Detection_AI\data\raw\archive (6)\train\tan\f705521826.jpg,tan,12
c:\Users\hasibul shaikh\Documents\Car_Color_Detection_AI\data\raw\archive (6)\train\blue\acf55e3a61.jpg,blue,2
c:\Users\hasibul shaikh\Documents\Car_Color_Detection_AI\data\raw\archive (6)\test\red\31b73eae23.jpg,red,10
c:\Users\hasibul shaikh\Documents\Car_Color_Detection_AI\data\raw\archive (6)\train\yellow\1380e0d932.jpg,yellow,14
c:\Users\hasibul shaikh\Documents\Car_Color_Detection_AI\data\raw\archive (6)\train\black\f95da6bbc1.jpg,black,1
c:\Users\hasibul shaikh\Documents\Car_Color_Detection_AI\data\raw\archive (6)\train\beige\3478701fa4.jpg,beige,0
c:\Users\hasibul shaikh\Documents\Car_Color_Detection_AI\data\raw\archive (6)\train\green\657f885dc2.jpg,green,5
c:\Users\hasibul shaikh\Documents\Car_Color_Detection_AI\data\raw\archive (6)\train\orange\2a2dd44de1.jpg,orange,7
c:\Users\hasibul shaikh\Documents\Car_Color_Detection_AI\data\raw\archive (6)\train\orange\8a2ec20cdc.jpg,orange,7
c:\Users\hasibul shaikh\Documents\Car_Color_Detection_AI\data\raw\archive (6)\test\grey\98263bda3b.jpg,grey,6
c:\Users\hasibul shaikh\Documents\Car_Color_Detection_AI\data\raw\archive (6)\train\white\15bfb9e0fe.jpg,white,13
c:\Users\hasibul shaikh\Documents\Car_Color_Detection_AI\data\raw\archive (6)\train\purple\fdd5ec36ad.jpg,purple,9
c:\Users\hasibul shaikh\Documents\Car_Color_Detection_AI\data\raw\archive (6)\train\pink\b91cbe3ef4.jpg,pink,8
c:\Users\hasibul shaikh\Documents\Car_Color_Detection_AI\data\raw\archive (6)\train\brown\805fcea422.jpg,brown,3
c:\Users\hasibul shaikh\Documents\Car_Color_Detection_AI\data\raw\archive (6)\test\red\bee067ac82.jpg,red,10
c:\Users\hasibul shaikh\Documents\Car_Color_Detection_AI\data\raw\archive (6)\train\purple\8fd45edecd.jpg,purple,9
c:\Users\hasibul shaikh\Documents\Car_Color_Detection_AI\data\raw\archive (6)\train\green\9e95bae671.jpg,green,5
c:\Users\hasibul shaikh\Documents\Car_Color_Detection_AI\data\raw\archive (6)\train\orange\43912ebb8d.jpg,orange,7
c:\Users\hasibul shaikh\Documents\Car_Color_Detection_AI\data\raw\archive (6)\train\tan\1f24ec29dd.jpg,tan,12
c:\Users\hasibul shaikh\Documents\Car_Color_Detection_AI\data\raw\archive (6)\test\red\3a8637a1ff.jpg,red,10
c:\Users\hasibul shaikh\Documents\Car_Color_Detection_AI\data\raw\archive (6)\test\purple\8bb2947c75.jpg,purple,9
c:\Users\hasibul shaikh\Documents\Car_Color_Detection_AI\data\raw\archive (6)\train\orange\ce6c7f8e3e.jpg,orange,7
c:\Users\hasibul shaikh\Documents\Car_Color_Detection_AI\data\raw\archive (6)\train\tan\deb828239f.jpg,tan,12
c:\Users\hasibul shaikh\Documents\Car_Color_Detection_AI\data\raw\archive (6)\train\blue\e8d5792b70.jpg,blue,2
c:\Users\hasibul shaikh\Documents\Car_Color_Detection_AI\data\raw\archive (6)\train\red\a88dc8c8c2.jpg,red,10
c:\Users\hasibul shaikh\Documents\Car_Color_Detection_AI\data\raw\archive (6)\train\black\049bbb5682.jpg,black,1
c:\Users\hasibul shaikh\Documents\Car_Color_Detection_AI\data\raw\archive (6)\train\blue\583b725dfe.jpg,blue,2
c:\Users\hasibul shaikh\Documents\Car_Color_Detection_AI\data\raw\archive (6)\test\beige\8ecdf20b24.jpg,beige,0
c:\Users\hasibul shaikh\Documents\Car_Color_Detection_AI\data\raw\archive (6)\train\red\028a986c8c.jpg,red,10
c:\Users\hasibul shaikh\Documents\Car_Color_Detection_AI\data\raw\archive (6)\val\red\106a0b838b.jpg,red,10
c:\Users\hasibul shaikh\Documents\Car_Color_Detection_AI\data\raw\archive (6)\train\black\9d80ae1859.jpg,black,1
c:\Users\hasibul shaikh\Documents\Car_Color_Detection_AI\data\raw\archive (6)\train\pink\d548352970.jpg,pink,8
c:\Users\hasibul shaikh\Documents\Car_Color_Detection_AI\data\raw\archive (6)\train\yellow\a7bfd8fd16.jpg,yellow,14
c:\Users\hasibul shaikh\Documents\Car_Color_Detection_AI\data\raw\archive (6)\train\purple\2a3ef78b6c.jpg,purple,9
c:\Users\hasibul shaikh\Documents\Car_Color_Detection_AI\data\raw\archive (6)\train\white\087cfe40a7.jpg,white,13
c:\Users\hasibul shaikh\Documents\Car_Color_Detection_AI\data\raw\archive (6)\train\grey\7a6dfd10db.jpg,grey,6
c:\Users\hasibul shaikh\Documents\Car_Color_Detection_AI\data\raw\archive (6)\test\green\0b5c800dd8.jpg,green,5
c:\Users\hasibul shaikh\Documents\Car_Color_Detection_AI\data\raw\archive (6)\train\yellow\485291b340.jpg,yellow,14
c:\Users\hasibul shaikh\Documents\Car_Color_Detection_AI\data\raw\archive (6)\train\grey\1c92591225.jpg,grey,6
c:\Users\hasibul shaikh\Documents\Car_Color_Detection_AI\data\raw\archive (6)\test\blue\22b13a1607.jpg,blue,2
c:\Users\hasibul shaikh\Documents\Car_Color_Detection_AI\data\raw\archive (6)\train\grey\ae0faec1ee.jpg,grey,6
c:\Users\hasibul shaikh\Documents\Car_Color_Detection_AI\data\raw\archive (6)\test\pink\28a35cdae0.jpg,pink,8
c:\Users\hasibul shaikh\Documents\Car_Color_Detection_AI\data\raw\archive (6)\test\pink\d808fd3d94.jpg,pink,8
c:\Users\hasibul shaikh\Documents\Car_Color_Detection_AI\data\raw\archive (6)\train\grey\c0305926fd.jpg,grey,6
c:\Users\hasibul shaikh\Documents\Car_Color_Detection_AI\data\raw\archive (6)\val\orange\c8f749bddc.jpg,orange,7
c:\Users\hasibul shaikh\Documents\Car_Color_Detection_AI\data\raw\archive (6)\train\white\a54bbd7209.jpg,white,13
c:\Users\hasibul shaikh\Documents\Car_Color_Detection_AI\data\raw\archive (6)\train\silver\f7f74e7fed.jpg,silver,11
c:\Users\hasibul shaikh\Documents\Car_Color_Detection_AI\data\raw\archive (6)\val\white\0325913c50.jpg,white,13
c:\Users\hasibul shaikh\Documents\Car_Color_Detection_AI\data\raw\archive (6)\val\grey\2b5107a29f.jpg,grey,6
c:\Users\hasibul shaikh\Documents\Car_Color_Detection_AI\data\raw\archive (6)\train\red\47d1f2d301.jpg,red,10
c:\Users\hasibul shaikh\Documents\Car_Color_Detection_AI\data\raw\archive (6)\train\yellow\370a8c1afc.jpg,yellow,14
c:\Users\hasibul shaikh\Documents\Car_Color_Detection_AI\data\raw\archive (6)\train\tan\4bc0d317ab.jpg,tan,12
c:\Users\hasibul shaikh\Documents\Car_Color_Detection_AI\data\raw\archive (6)\train\white\b382178964.jpg,white,13
c:\Users\hasibul shaikh\Documents\Car_Color_Detection_AI\data\raw\archive (6)\test\brown\3adc8b4514.jpg,brown,3
c:\Users\hasibul shaikh\Documents\Car_Color_Detection_AI\data\raw\archive (6)\train\red\c395b0103b.jpg,red,10
c:\Users\hasibul shaikh\Documents\Car_Color_Detection_AI\data\raw\archive (6)\train\green\9f1a65f418.jpg,green,5
c:\Users\hasibul shaikh\Documents\Car_Color_Detection_AI\data\raw\archive (6)\val\grey\9c88e5a028.jpg,grey,6
c:\Users\hasibul shaikh\Documents\Car_Color_Detection_AI\data\raw\archive (6)\train\brown\8391650a82.jpg,brown,3
c:\Users\hasibul shaikh\Documents\Car_Color_Detection_AI\data\raw\archive (6)\train\orange\79f1e9d761.jpg,orange,7
c:\Users\hasibul shaikh\Documents\Car_Color_Detection_AI\data\raw\archive (6)\val\blue\7ae1c75613.jpg,blue,2
c:\Users\hasibul shaikh\Documents\Car_Color_Detection_AI\data\raw\archive (6)\train\beige\f9f15d5cb7.jpg,beige,0
c:\Users\hasibul shaikh\Documents\Car_Color_Detection_AI\data\raw\archive (6)\train\grey\c492e75591.jpg,grey,6
c:\Users\hasibul shaikh\Documents\Car_Color_Detection_AI\data\raw\archive (6)\train\gold\e0d1048e4a.jpg,gold,4
c:\Users\hasibul shaikh\Documents\Car_Color_Detection_AI\data\raw\archive (6)\val\blue\73291ef596.jpg,blue,2
c:\Users\hasibul shaikh\Documents\Car_Color_Detection_AI\data\raw\archive (6)\train\blue\763c133dc2.jpg,blue,2
c:\Users\hasibul shaikh\Documents\Car_Color_Detection_AI\data\raw\archive (6)\train\silver\9018b5ec32.jpg,silver,11
c:\Users\hasibul shaikh\Documents\Car_Color_Detection_AI\data\raw\archive (6)\train\gold\e6baf0771e.jpg,gold,4
c:\Users\hasibul shaikh\Documents\Car_Color_Detection_AI\data\raw\archive (6)\test\yellow\bafc757014.jpg,yellow,14
c:\Users\hasibul shaikh\Documents\Car_Color_Detection_AI\data\raw\archive (6)\train\brown\beb4a5df44.jpg,brown,3
c:\Users\hasibul shaikh\Documents\Car_Color_Detection_AI\data\raw\archive (6)\train\beige\9bf94e15c2.jpg,beige,0
c:\Users\hasibul shaikh\Documents\Car_Color_Detection_AI\data\raw\archive (6)\train\grey\de196dc7db.jpg,grey,6
c:\Users\hasibul shaikh\Documents\Car_Color_Detection_AI\data\raw\archive (6)\train\orange\531d5206f4.jpg,orange,7
c:\Users\hasibul shaikh\Documents\Car_Color_Detection_AI\data\raw\archive (6)\train\green\33266a85e1.jpg,green,5
c:\Users\hasibul shaikh\Documents\Car_Color_Detection_AI\data\raw\archive (6)\train\orange\af1da9f75b.jpg,orange,7
c:\Users\hasibul shaikh\Documents\Car_Color_Detection_AI\data\raw\archive (6)\train\silver\306f2dbb7d.jpg,silver,11
c:\Users\hasibul shaikh\Documents\Car_Color_Detection_AI\data\raw\archive (6)\test\tan\5e94512cc8.jpg,tan,12
c:\Users\hasibul shaikh\Documents\Car_Color_Detection_AI\data\raw\archive (6)\train\blue\a13ff57e23.jpg,blue,2
c:\Users\hasibul shaikh\Documents\Car_Color_Detection_AI\data\raw\archive (6)\test\black\7c70bd8072.jpg,black,1
c:\Users\hasibul shaikh\Documents\Car_Color_Detection_AI\data\raw\archive (6)\val\yellow\9463b2a5ab.jpg,yellow,14
c:\Users\hasibul shaikh\Documents\Car_Color_Detection_AI\data\raw\archive (6)\train\yellow\56be686891.jpg,yellow,14
c:\Users\hasibul shaikh\Documents\Car_Color_Detection_AI\data\raw\archive (6)\train\beige\24899c805b.jpg,beige,0
c:\Users\hasibul shaikh\Documents\Car_Color_Detection_AI\data\raw\archive (6)\train\brown\404c890c75.jpg,brown,3
c:\Users\hasibul shaikh\Documents\Car_Color_Detection_AI\data\raw\archive (6)\train\green\2e38d1ad98.jpg,green,5
c:\Users\hasibul shaikh\Documents\Car_Color_Detection_AI\data\raw\archive (6)\train\green\0e28e43824.jpg,green,5
c:\Users\hasibul shaikh\Documents\Car_Color_Detection_AI\data\raw\archive (6)\val\purple\3b5f67eca1.jpg,purple,9
c:\Users\hasibul shaikh\Documents\Car_Color_Detection_AI\data\raw\archive (6)\train\orange\3e4e89d14e.jpg,orange,7
c:\Users\hasibul shaikh\Documents\Car_Color_Detection_AI\data\raw\archive (6)\train\blue\6b108f4ccd.jpg,blue,2
c:\Users\hasibul shaikh\Documents\Car_Color_Detection_AI\data\raw\archive (6)\train\silver\5bb7209bf2.jpg,silver,11
c:\Users\hasibul shaikh\Documents\Car_Color_Detection_AI\data\raw\archive (6)\train\purple\32929f71d6.jpg,purple,9
c:\Users\hasibul shaikh\Documents\Car_Color_Detection_AI\data\raw\archive (6)\test\white\603c973438.jpg,white,13
c:\Users\hasibul shaikh\Documents\Car_Color_Detection_AI\data\raw\archive (6)\train\gold\9614162638.jpg,gold,4
c:\Users\hasibul shaikh\Documents\Car_Color_Detection_AI\data\raw\archive (6)\val\white\207c246b69.jpg,white,13
c:\Users\hasibul shaikh\Documents\Car_Color_Detection_AI\data\raw\archive (6)\val\grey\4687377286.jpg,grey,6
c:\Users\hasibul shaikh\Documents\Car_Color_Detection_AI\data\raw\archive (6)\train\blue\ffcb4d512c.jpg,blue,2
c:\Users\hasibul shaikh\Documents\Car_Color_Detection_AI\data\raw\archive (6)\val\yellow\1d8c129a5d.jpg,yellow,14
c:\Users\hasibul shaikh\Documents\Car_Color_Detection_AI\data\raw\archive (6)\train\white\e0e7e167fb.jpg,white,13
c:\Users\hasibul shaikh\Documents\Car_Color_Detection_AI\data\raw\archive (6)\train\blue\ac4a51964a.jpg,blue,2
c:\Users\hasibul shaikh\Documents\Car_Color_Detection_AI\data\raw\archive (6)\train\pink\b43991d8de.jpg,pink,8
c:\Users\hasibul shaikh\Documents\Car_Color_Detection_AI\data\raw\archive (6)\train\green\611940449a.jpg,green,5
c:\Users\hasibul shaikh\Documents\Car_Color_Detection_AI\data\raw\archive (6)\test\green\a114606d81.jpg,green,5
c:\Users\hasibul shaikh\Documents\Car_Color_Detection_AI\data\raw\archive (6)\test\brown\416572ea76.jpg,brown,3
c:\Users\hasibul shaikh\Documents\Car_Color_Detection_AI\data\raw\archive (6)\val\beige\ef816cf6a2.jpg,beige,0
c:\Users\hasibul shaikh\Documents\Car_Color_Detection_AI\data\raw\archive (6)\train\silver\878c29032b.jpg,silver,11
c:\Users\hasibul shaikh\Documents\Car_Color_Detection_AI\data\raw\archive (6)\val\silver\237bb4d351.jpg,silver,11
c:\Users\hasibul shaikh\Documents\Car_Color_Detection_AI\data\raw\archive (6)\val\grey\f5af43002d.jpg,grey,6
c:\Users\hasibul shaikh\Documents\Car_Color_Detection_AI\data\raw\archive (6)\train\green\2fa648fba2.jpg,green,5
c:\Users\hasibul shaikh\Documents\Car_Color_Detection_AI\data\raw\archive (6)\train\red\711b290a38.jpg,red,10
c:\Users\hasibul shaikh\Documents\Car_Color_Detection_AI\data\raw\archive (6)\train\yellow\3d1f67bdf9.jpg,yellow,14
c:\Users\hasibul shaikh\Documents\Car_Color_Detection_AI\data\raw\archive (6)\val\black\4172e2776f.jpg,black,1
c:\Users\hasibul shaikh\Documents\Car_Color_Detection_AI\data\raw\archive (6)\train\pink\1b7436cc06.jpg,pink,8
c:\Users\hasibul shaikh\Documents\Car_Color_Detection_AI\data\raw\archive (6)\val\purple\7541a5d650.jpg,purple,9
c:\Users\hasibul shaikh\Documents\Car_Color_Detection_AI\data\raw\archive (6)\train\brown\ee037c51b7.jpg,brown,3
c:\Users\hasibul shaikh\Documents\Car_Color_Detection_AI\data\raw\archive (6)\train\black\08c4b7d380.jpg,black,1
c:\Users\hasibul shaikh\Documents\Car_Color_Detection_AI\data\raw\archive (6)\train\purple\bf3f045957.jpg,purple,9
c:\Users\hasibul shaikh\Documents\Car_Color_Detection_AI\data\raw\archive (6)\train\black\347c13a358.jpg,black,1
c:\Users\hasibul shaikh\Documents\Car_Color_Detection_AI\data\raw\archive (6)\val\grey\7805582d19.jpg,grey,6
c:\Users\hasibul shaikh\Documents\Car_Color_Detection_AI\data\raw\archive (6)\train\green\6b0adb3715.jpg,green,5
c:\Users\hasibul shaikh\Documents\Car_Color_Detection_AI\data\raw\archive (6)\train\yellow\e8d44787f0.jpg,yellow,14
c:\Users\hasibul shaikh\Documents\Car_Color_Detection_AI\data\raw\archive (6)\train\orange\be744ef71c.jpg,orange,7
c:\Users\hasibul shaikh\Documents\Car_Color_Detection_AI\data\raw\archive (6)\train\gold\b9b6d44258.jpg,gold,4
c:\Users\hasibul shaikh\Documents\Car_Color_Detection_AI\data\raw\archive (6)\train\pink\0da13afcbd.jpg,pink,8
c:\Users\hasibul shaikh\Documents\Car_Color_Detection_AI\data\raw\archive (6)\train\tan\679ed4bb56.jpg,tan,12
c:\Users\hasibul shaikh\Documents\Car_Color_Detection_AI\data\raw\archive (6)\train\black\b268f9e079.jpg,black,1
c:\Users\hasibul shaikh\Documents\Car_Color_Detection_AI\data\raw\archive (6)\train\white\380aa05f84.jpg,white,13
c:\Users\hasibul shaikh\Documents\Car_Color_Detection_AI\data\raw\archive (6)\train\tan\5e3a160728.jpg,tan,12
c:\Users\hasibul shaikh\Documents\Car_Color_Detection_AI\data\raw\archive (6)\train\yellow\14ea2a4160.jpg,yellow,14
c:\Users\hasibul shaikh\Documents\Car_Color_Detection_AI\data\raw\archive (6)\train\grey\2c79e77de6.jpg,grey,6
c:\Users\hasibul shaikh\Documents\Car_Color_Detection_AI\data\raw\archive (6)\train\beige\64a7f3bf85.jpg,beige,0
c:\Users\hasibul shaikh\Documents\Car_Color_Detection_AI\data\raw\archive (6)\train\beige\9f8233dc00.jpg,beige,0
c:\Users\hasibul shaikh\Documents\Car_Color_Detection_AI\data\raw\archive (6)\train\red\8847ad2f9e.jpg,red,10
c:\Users\hasibul shaikh\Documents\Car_Color_Detection_AI\data\raw\archive (6)\test\yellow\c6ba7c49d7.jpg,yellow,14
c:\Users\hasibul shaikh\Documents\Car_Color_Detection_AI\data\raw\archive (6)\train\beige\fa3be9d0a4.jpg,beige,0
c:\Users\hasibul shaikh\Documents\Car_Color_Detection_AI\data\raw\archive (6)\val\purple\473b0d2280.jpg,purple,9
c:\Users\hasibul shaikh\Documents\Car_Color_Detection_AI\data\raw\archive (6)\train\brown\d2736dfa3f.jpg,brown,3
c:\Users\hasibul shaikh\Documents\Car_Color_Detection_AI\data\raw\archive (6)\val\grey\c171fdb694.jpg,grey,6
c:\Users\hasibul shaikh\Documents\Car_Color_Detection_AI\data\raw\archive (6)\train\green\358b9122cd.jpg,green,5
c:\Users\hasibul shaikh\Documents\Car_Color_Detection_AI\data\raw\archive (6)\train\orange\1ced4c6e5f.jpg,orange,7
c:\Users\hasibul shaikh\Documents\Car_Color_Detection_AI\data\raw\archive (6)\train\blue\cfe957547e.jpg,blue,2
c:\Users\hasibul shaikh\Documents\Car_Color_Detection_AI\data\raw\archive (6)\train\red\dac30af96f.jpg,red,10
c:\Users\hasibul shaikh\Documents\Car_Color_Detection_AI\data\raw\archive (6)\train\green\95d5130992.jpg,green,5
c:\Users\hasibul shaikh\Documents\Car_Color_Detection_AI\data\raw\archive (6)\train\green\ffc8545340.jpg,green,5
c:\Users\hasibul shaikh\Documents\Car_Color_Detection_AI\data\raw\archive (6)\val\red\38406325fa.jpg,red,10
c:\Users\hasibul shaikh\Documents\Car_Color_Detection_AI\data\raw\archive (6)\train\red\b76b1e40c3.jpg,red,10
c:\Users\hasibul shaikh\Documents\Car_Color_Detection_AI\data\raw\archive (6)\train\green\70d573c50c.jpg,green,5
c:\Users\hasibul shaikh\Documents\Car_Color_Detection_AI\data\raw\archive (6)\test\red\0ba3143a2c.jpg,red,10
c:\Users\hasibul shaikh\Documents\Car_Color_Detection_AI\data\raw\archive (6)\train\pink\c124fb0818.jpg,pink,8
c:\Users\hasibul shaikh\Documents\Car_Color_Detection_AI\data\raw\archive (6)\train\yellow\9d0a04e7ec.jpg,yellow,14
c:\Users\hasibul shaikh\Documents\Car_Color_Detection_AI\data\raw\archive (6)\val\white\ecd0af32a1.jpg,white,13
c:\Users\hasibul shaikh\Documents\Car_Color_Detection_AI\data\raw\archive (6)\train\white\11e602ae23.jpg,white,13
c:\Users\hasibul shaikh\Documents\Car_Color_Detection_AI\data\raw\archive (6)\train\orange\ae8ce7f68b.jpg,orange,7
c:\Users\hasibul shaikh\Documents\Car_Color_Detection_AI\data\raw\archive (6)\val\gold\b39cfb10eb.jpg,gold,4
c:\Users\hasibul shaikh\Documents\Car_Color_Detection_AI\data\raw\archive (6)\train\green\2453176c3d.jpg,green,5
c:\Users\hasibul shaikh\Documents\Car_Color_Detection_AI\data\raw\archive (6)\train\blue\3c4e40703c.jpg,blue,2
c:\Users\hasibul shaikh\Documents\Car_Color_Detection_AI\data\raw\archive (6)\test\yellow\ee1787286b.jpg,yellow,14
c:\Users\hasibul shaikh\Documents\Car_Color_Detection_AI\data\raw\archive (6)\train\yellow\3b69d863ed.jpg,yellow,14
c:\Users\hasibul shaikh\Documents\Car_Color_Detection_AI\data\raw\archive (6)\train\grey\998065c13c.jpg,grey,6
c:\Users\hasibul shaikh\Documents\Car_Color_Detection_AI\data\raw\archive (6)\train\tan\890757ce07.jpg,tan,12
c:\Users\hasibul shaikh\Documents\Car_Color_Detection_AI\data\raw\archive (6)\train\pink\6bd64a55e1.jpg,pink,8
c:\Users\hasibul shaikh\Documents\Car_Color_Detection_AI\data\raw\archive (6)\train\pink\9b2dcb4751.jpg,pink,8
c:\Users\hasibul shaikh\Documents\Car_Color_Detection_AI\data\raw\archive (6)\train\grey\9c7cd1254b.jpg,grey,6
c:\Users\hasibul shaikh\Documents\Car_Color_Detection_AI\data\raw\archive (6)\train\yellow\58d38c7f69.jpg,yellow,14
c:\Users\hasibul shaikh\Documents\Car_Color_Detection_AI\data\raw\archive (6)\val\orange\5a85bce5a9.jpg,orange,7
c:\Users\hasibul shaikh\Documents\Car_Color_Detection_AI\data\raw\archive (6)\test\blue\5a03349e96.jpg,blue,2
c:\Users\hasibul shaikh\Documents\Car_Color_Detection_AI\data\raw\archive (6)\test\purple\b099cd8be8.jpg,purple,9
c:\Users\hasibul shaikh\Documents\Car_Color_Detection_AI\data\raw\archive (6)\train\grey\2921130010.jpg,grey,6
c:\Users\hasibul shaikh\Documents\Car_Color_Detection_AI\data\raw\archive (6)\train\brown\9562e6c513.jpg,brown,3
c:\Users\hasibul shaikh\Documents\Car_Color_Detection_AI\data\raw\archive (6)\train\grey\db84bfafc4.jpg,grey,6
c:\Users\hasibul shaikh\Documents\Car_Color_Detection_AI\data\raw\archive (6)\train\white\f5d32e6c41.jpg,white,13
c:\Users\hasibul shaikh\Documents\Car_Color_Detection_AI\data\raw\archive (6)\train\tan\85dfd16edb.jpg,tan,12
c:\Users\hasibul shaikh\Documents\Car_Color_Detection_AI\data\raw\archive (6)\train\tan\478636dd4b.jpg,tan,12
c:\Users\hasibul shaikh\Documents\Car_Color_Detection_AI\data\raw\archive (6)\train\silver\f5eeb219a7.jpg,silver,11
c:\Users\hasibul shaikh\Documents\Car_Color_Detection_AI\data\raw\archive (6)\train\pink\dd2480dfa7.jpg,pink,8
c:\Users\hasibul shaikh\Documents\Car_Color_Detection_AI\data\raw\archive (6)\train\purple\d94a89e13e.jpg,purple,9
c:\Users\hasibul shaikh\Documents\Car_Color_Detection_AI\data\raw\archive (6)\train\beige\dc8e2767cb.jpg,beige,0
c:\Users\hasibul shaikh\Documents\Car_Color_Detection_AI\data\raw\archive (6)\test\yellow\965a4474b7.jpg,yellow,14
c:\Users\hasibul shaikh\Documents\Car_Color_Detection_AI\data\raw\archive (6)\test\yellow\9a76362930.jpg,yellow,14
c:\Users\hasibul shaikh\Documents\Car_Color_Detection_AI\data\raw\archive (6)\train\tan\13a77aa460.jpg,tan,12
c:\Users\hasibul shaikh\Documents\Car_Color_Detection_AI\data\raw\archive (6)\train\purple\18a7d17ba2.jpg,purple,9
c:\Users\hasibul shaikh\Documents\Car_Color_Detection_AI\data\raw\archive (6)\train\pink\d12ae21294.jpg,pink,8
c:\Users\hasibul shaikh\Documents\Car_Color_Detection_AI\data\raw\archive (6)\train\beige\9c0376f954.jpg,beige,0
c:\Users\hasibul shaikh\Documents\Car_Color_Detection_AI\data\raw\archive (6)\train\gold\eb1851d834.jpg,gold,4
c:\Users\hasibul shaikh\Documents\Car_Color_Detection_AI\data\raw\archive (6)\train\orange\79bbfc058f.jpg,orange,7
c:\Users\hasibul shaikh\Documents\Car_Color_Detection_AI\data\raw\archive (6)\val\pink\6e306c4f3d.jpg,pink,8
c:\Users\hasibul shaikh\Documents\Car_Color_Detection_AI\data\raw\archive (6)\train\orange\f431afdbef.jpg,orange,7
c:\Users\hasibul shaikh\Documents\Car_Color_Detection_AI\data\raw\archive (6)\val\tan\288ebfc119.jpg,tan,12
c:\Users\hasibul shaikh\Documents\Car_Color_Detection_AI\data\raw\archive (6)\test\gold\e96cd7131b.jpg,gold,4
c:\Users\hasibul shaikh\Documents\Car_Color_Detection_AI\data\raw\archive (6)\train\orange\51f197bc53.jpg,orange,7
c:\Users\hasibul shaikh\Documents\Car_Color_Detection_AI\data\raw\archive (6)\train\silver\d08d707ca5.jpg,silver,11
c:\Users\hasibul shaikh\Documents\Car_Color_Detection_AI\data\raw\archive (6)\train\brown\f4c682b09e.jpg,brown,3
c:\Users\hasibul shaikh\Documents\Car_Color_Detection_AI\data\raw\archive (6)\train\brown\1631b670ed.jpg,brown,3
c:\Users\hasibul shaikh\Documents\Car_Color_Detection_AI\data\raw\archive (6)\train\red\21d8fb51a2.jpg,red,10
c:\Users\hasibul shaikh\Documents\Car_Color_Detection_AI\data\raw\archive (6)\train\red\f98e02a500.jpg,red,10
c:\Users\hasibul shaikh\Documents\Car_Color_Detection_AI\data\raw\archive (6)\test\blue\8ce9baa05a.jpg,blue,2
c:\Users\hasibul shaikh\Documents\Car_Color_Detection_AI\data\raw\archive (6)\test\brown\499616c0fa.jpg,brown,3
c:\Users\hasibul shaikh\Documents\Car_Color_Detection_AI\data\raw\archive (6)\test\gold\597cf20dd7.jpg,gold,4
c:\Users\hasibul shaikh\Documents\Car_Color_Detection_AI\data\raw\archive (6)\train\white\2914a67735.jpg,white,13
c:\Users\hasibul shaikh\Documents\Car_Color_Detection_AI\data\raw\archive (6)\train\purple\28226b053f.jpg,purple,9
c:\Users\hasibul shaikh\Documents\Car_Color_Detection_AI\data\raw\archive (6)\train\white\330023d2f8.jpg,white,13
c:\Users\hasibul shaikh\Documents\Car_Color_Detection_AI\data\raw\archive (6)\train\blue\c77f629baf.jpg,blue,2
c:\Users\hasibul shaikh\Documents\Car_Color_Detection_AI\data\raw\archive (6)\train\blue\8c3606feef.jpg,blue,2
c:\Users\hasibul shaikh\Documents\Car_Color_Detection_AI\data\raw\archive (6)\train\gold\0a3e4fe2ac.jpg,gold,4
c:\Users\hasibul shaikh\Documents\Car_Color_Detection_AI\data\raw\archive (6)\train\brown\eb5c6adeb1.jpg,brown,3
c:\Users\hasibul shaikh\Documents\Car_Color_Detection_AI\data\raw\archive (6)\train\beige\bc412d839b.jpg,beige,0
c:\Users\hasibul shaikh\Documents\Car_Color_Detection_AI\data\raw\archive (6)\test\pink\3568180631.jpg,pink,8
c:\Users\hasibul shaikh\Documents\Car_Color_Detection_AI\data\raw\archive (6)\train\tan\53175d2ea5.jpg,tan,12
c:\Users\hasibul shaikh\Documents\Car_Color_Detection_AI\data\raw\archive (6)\train\black\218b303ad0.jpg,black,1
c:\Users\hasibul shaikh\Documents\Car_Color_Detection_AI\data\raw\archive (6)\train\blue\538230fcb6.jpg,blue,2
c:\Users\hasibul shaikh\Documents\Car_Color_Detection_AI\data\raw\archive (6)\train\green\aa6c718885.jpg,green,5
c:\Users\hasibul shaikh\Documents\Car_Color_Detection_AI\data\raw\archive (6)\val\yellow\b8f5ef0e9a.jpg,yellow,14
c:\Users\hasibul shaikh\Documents\Car_Color_Detection_AI\data\raw\archive (6)\train\yellow\51929c5cb4.jpg,yellow,14
c:\Users\hasibul shaikh\Documents\Car_Color_Detection_AI\data\raw\archive (6)\train\red\dcc2ac4cda.jpg,red,10
c:\Users\hasibul shaikh\Documents\Car_Color_Detection_AI\data\raw\archive (6)\train\red\6418d88fd8.jpg,red,10
c:\Users\hasibul shaikh\Documents\Car_Color_Detection_AI\data\raw\archive (6)\train\brown\ee89f0be95.jpg,brown,3
c:\Users\hasibul shaikh\Documents\Car_Color_Detection_AI\data\raw\archive (6)\test\beige\62427f3e62.jpg,beige,0
c:\Users\hasibul shaikh\Documents\Car_Color_Detection_AI\data\raw\archive (6)\train\silver\f3d9617b41.jpg,silver,11
c:\Users\hasibul shaikh\Documents\Car_Color_Detection_AI\data\raw\archive (6)\train\black\8859768b86.jpg,black,1
c:\Users\hasibul shaikh\Documents\Car_Color_Detection_AI\data\raw\archive (6)\train\red\dcd314962b.jpg,red,10
c:\Users\hasibul shaikh\Documents\Car_Color_Detection_AI\data\raw\archive (6)\train\white\d54e073095.jpg,white,13
c:\Users\hasibul shaikh\Documents\Car_Color_Detection_AI\data\raw\archive (6)\val\red\8b71ad4106.jpg,red,10
c:\Users\hasibul shaikh\Documents\Car_Color_Detection_AI\data\raw\archive (6)\train\silver\65acb63fa9.jpg,silver,11
c:\Users\hasibul shaikh\Documents\Car_Color_Detection_AI\data\raw\archive (6)\val\tan\913140abb6.jpg,tan,12
c:\Users\hasibul shaikh\Documents\Car_Color_Detection_AI\data\raw\archive (6)\train\yellow\439a3e536c.jpg,yellow,14
c:\Users\hasibul shaikh\Documents\Car_Color_Detection_AI\data\raw\archive (6)\train\silver\82cd854b3f.jpg,silver,11
c:\Users\hasibul shaikh\Documents\Car_Color_Detection_AI\data\raw\archive (6)\train\yellow\7d479d5da6.jpg,yellow,14
c:\Users\hasibul shaikh\Documents\Car_Color_Detection_AI\data\raw\archive (6)\test\red\b137c9d7f7.jpg,red,10
c:\Users\hasibul shaikh\Documents\Car_Color_Detection_AI\data\raw\archive (6)\train\purple\78951c80ec.jpg,purple,9
c:\Users\hasibul shaikh\Documents\Car_Color_Detection_AI\data\raw\archive (6)\train\green\0591d1c537.jpg,green,5
c:\Users\hasibul shaikh\Documents\Car_Color_Detection_AI\data\raw\archive (6)\train\red\f1d9c76d12.jpg,red,10
c:\Users\hasibul shaikh\Documents\Car_Color_Detection_AI\data\raw\archive (6)\train\brown\9533678f21.jpg,brown,3
c:\Users\hasibul shaikh\Documents\Car_Color_Detection_AI\data\raw\archive (6)\val\blue\595a5e79bb.jpg,blue,2
c:\Users\hasibul shaikh\Documents\Car_Color_Detection_AI\data\raw\archive (6)\test\yellow\1fcc3a8011.jpg,yellow,14
c:\Users\hasibul shaikh\Documents\Car_Color_Detection_AI\data\raw\archive (6)\train\brown\da6af4f85c.jpg,brown,3
c:\Users\hasibul shaikh\Documents\Car_Color_Detection_AI\data\raw\archive (6)\train\brown\bf86793674.jpg,brown,3
c:\Users\hasibul shaikh\Documents\Car_Color_Detection_AI\data\raw\archive (6)\val\brown\091a72701e.jpg,brown,3
c:\Users\hasibul shaikh\Documents\Car_Color_Detection_AI\data\raw\archive (6)\val\blue\aaaa6b4d7e.jpg,blue,2
c:\Users\hasibul shaikh\Documents\Car_Color_Detection_AI\data\raw\archive (6)\val\purple\e5aea6ef81.jpg,purple,9
c:\Users\hasibul shaikh\Documents\Car_Color_Detection_AI\data\raw\archive (6)\train\gold\aaf3b20aaf.jpg,gold,4
c:\Users\hasibul shaikh\Documents\Car_Color_Detection_AI\data\raw\archive (6)\train\pink\b46335b14e.jpg,pink,8
c:\Users\hasibul shaikh\Documents\Car_Color_Detection_AI\data\raw\archive (6)\train\brown\329b46e127.jpg,brown,3
c:\Users\hasibul shaikh\Documents\Car_Color_Detection_AI\data\raw\archive (6)\train\purple\2eb39030ca.jpg,purple,9
c:\Users\hasibul shaikh\Documents\Car_Color_Detection_AI\data\raw\archive (6)\train\blue\ff297b822b.jpg,blue,2
c:\Users\hasibul shaikh\Documents\Car_Color_Detection_AI\data\raw\archive (6)\test\yellow\edff03cbc1.jpg,yellow,14
c:\Users\hasibul shaikh\Documents\Car_Color_Detection_AI\data\raw\archive (6)\test\green\86a0219951.jpg,green,5
c:\Users\hasibul shaikh\Documents\Car_Color_Detection_AI\data\raw\archive (6)\train\red\5123285ab1.jpg,red,10
c:\Users\hasibul shaikh\Documents\Car_Color_Detection_AI\data\raw\archive (6)\test\orange\c6c43da016.jpg,orange,7
c:\Users\hasibul shaikh\Documents\Car_Color_Detection_AI\data\raw\archive (6)\train\green\311d6b2272.jpg,green,5
c:\Users\hasibul shaikh\Documents\Car_Color_Detection_AI\data\raw\archive (6)\train\purple\b298dcd8f2.jpg,purple,9
c:\Users\hasibul shaikh\Documents\Car_Color_Detection_AI\data\raw\archive (6)\train\orange\fa0d1996d0.jpg,orange,7
c:\Users\hasibul shaikh\Documents\Car_Color_Detection_AI\data\raw\archive (6)\train\red\f030f9405a.jpg,red,10
c:\Users\hasibul shaikh\Documents\Car_Color_Detection_AI\data\raw\archive (6)\train\yellow\bdbebb935e.jpg,yellow,14
c:\Users\hasibul shaikh\Documents\Car_Color_Detection_AI\data\raw\archive (6)\val\blue\738539c9b5.jpg,blue,2
c:\Users\hasibul shaikh\Documents\Car_Color_Detection_AI\data\raw\archive (6)\train\blue\28f3e1cc06.jpg,blue,2
c:\Users\hasibul shaikh\Documents\Car_Color_Detection_AI\data\raw\archive (6)\train\purple\0590406ab7.jpg,purple,9
c:\Users\hasibul shaikh\Documents\Car_Color_Detection_AI\data\raw\archive (6)\train\purple\ae70c96e3a.jpg,purple,9
c:\Users\hasibul shaikh\Documents\Car_Color_Detection_AI\data\raw\archive (6)\val\brown\8e219650a4.jpg,brown,3
c:\Users\hasibul shaikh\Documents\Car_Color_Detection_AI\data\raw\archive (6)\test\red\0c098b9636.jpg,red,10
c:\Users\hasibul shaikh\Documents\Car_Color_Detection_AI\data\raw\archive (6)\train\blue\36c8c092ae.jpg,blue,2
c:\Users\hasibul shaikh\Documents\Car_Color_Detection_AI\data\raw\archive (6)\val\yellow\8059571f29.jpg,yellow,14
c:\Users\hasibul shaikh\Documents\Car_Color_Detection_AI\data\raw\archive (6)\train\grey\4b9a908dc9.jpg,grey,6
c:\Users\hasibul shaikh\Documents\Car_Color_Detection_AI\data\raw\archive (6)\val\red\104104341f.jpg,red,10
c:\Users\hasibul shaikh\Documents\Car_Color_Detection_AI\data\raw\archive (6)\train\black\d662056e73.jpg,black,1
c:\Users\hasibul shaikh\Documents\Car_Color_Detection_AI\data\raw\archive (6)\train\blue\8b09b6e180.jpg,blue,2
c:\Users\hasibul shaikh\Documents\Car_Color_Detection_AI\data\raw\archive (6)\train\brown\b60aaeeb99.jpg,brown,3
c:\Users\hasibul shaikh\Documents\Car_Color_Detection_AI\data\raw\archive (6)\val\blue\a6ac2545b9.jpg,blue,2
c:\Users\hasibul shaikh\Documents\Car_Color_Detection_AI\data\raw\archive (6)\val\purple\10d99a0a02.jpg,purple,9
c:\Users\hasibul shaikh\Documents\Car_Color_Detection_AI\data\raw\archive (6)\train\white\31f14c4e12.jpg,white,13
c:\Users\hasibul shaikh\Documents\Car_Color_Detection_AI\data\raw\archive (6)\train\gold\cfd811cdb6.jpg,gold,4
c:\Users\hasibul shaikh\Documents\Car_Color_Detection_AI\data\raw\archive (6)\train\white\2c4b74d0ad.jpg,white,13
c:\Users\hasibul shaikh\Documents\Car_Color_Detection_AI\data\raw\archive (6)\val\white\616be91e65.jpg,white,13
c:\Users\hasibul shaikh\Documents\Car_Color_Detection_AI\data\raw\archive (6)\test\silver\1f2d366b6b.jpg,silver,11
c:\Users\hasibul shaikh\Documents\Car_Color_Detection_AI\data\raw\archive (6)\train\beige\ef5263169c.jpg,beige,0
c:\Users\hasibul shaikh\Documents\Car_Color_Detection_AI\data\raw\archive (6)\train\grey\8d8547abee.jpg,grey,6
c:\Users\hasibul shaikh\Documents\Car_Color_Detection_AI\data\raw\archive (6)\train\green\ab80aa0fef.jpg,green,5
c:\Users\hasibul shaikh\Documents\Car_Color_Detection_AI\data\raw\archive (6)\train\yellow\99d601545b.jpg,yellow,14
c:\Users\hasibul shaikh\Documents\Car_Color_Detection_AI\data\raw\archive (6)\test\orange\2e96e68232.jpg,orange,7
c:\Users\hasibul shaikh\Documents\Car_Color_Detection_AI\data\raw\archive (6)\train\black\1a21c86cbb.jpg,black,1
c:\Users\hasibul shaikh\Documents\Car_Color_Detection_AI\data\raw\archive (6)\train\orange\bff9d0e46e.jpg,orange,7
c:\Users\hasibul shaikh\Documents\Car_Color_Detection_AI\data\raw\archive (6)\train\beige\7b72642a90.jpg,beige,0
c:\Users\hasibul shaikh\Documents\Car_Color_Detection_AI\data\raw\archive (6)\train\brown\88a56dd394.jpg,brown,3
c:\Users\hasibul shaikh\Documents\Car_Color_Detection_AI\data\raw\archive (6)\train\red\96771a66a1.jpg,red,10
c:\Users\hasibul shaikh\Documents\Car_Color_Detection_AI\data\raw\archive (6)\train\pink\0556a253fe.jpg,pink,8
c:\Users\hasibul shaikh\Documents\Car_Color_Detection_AI\data\raw\archive (6)\train\orange\fe5939c8c7.jpg,orange,7
c:\Users\hasibul shaikh\Documents\Car_Color_Detection_AI\data\raw\archive (6)\train\blue\37eed63159.jpg,blue,2
c:\Users\hasibul shaikh\Documents\Car_Color_Detection_AI\data\raw\archive (6)\train\white\68eea65f54.jpg,white,13
c:\Users\hasibul shaikh\Documents\Car_Color_Detection_AI\data\raw\archive (6)\train\blue\14b8f09194.jpg,blue,2
c:\Users\hasibul shaikh\Documents\Car_Color_Detection_AI\data\raw\archive (6)\val\silver\173129c585.jpg,silver,11
c:\Users\hasibul shaikh\Documents\Car_Color_Detection_AI\data\raw\archive (6)\train\purple\efc1071726.jpg,purple,9
c:\Users\hasibul shaikh\Documents\Car_Color_Detection_AI\data\raw\archive (6)\train\tan\59bb5d5eee.jpg,tan,12
c:\Users\hasibul shaikh\Documents\Car_Color_Detection_AI\data\raw\archive (6)\val\beige\c6503f0993.jpg,beige,0
c:\Users\hasibul shaikh\Documents\Car_Color_Detection_AI\data\raw\archive (6)\train\grey\2a350ccc03.jpg,grey,6
c:\Users\hasibul shaikh\Documents\Car_Color_Detection_AI\data\raw\archive (6)\train\grey\987471d37a.jpg,grey,6
c:\Users\hasibul shaikh\Documents\Car_Color_Detection_AI\data\raw\archive (6)\train\purple\ef3474d5be.jpg,purple,9
c:\Users\hasibul shaikh\Documents\Car_Color_Detection_AI\data\raw\archive (6)\val\tan\e7eabf93f8.jpg,tan,12
c:\Users\hasibul shaikh\Documents\Car_Color_Detection_AI\data\raw\archive (6)\test\orange\0576de504b.jpg,orange,7
c:\Users\hasibul shaikh\Documents\Car_Color_Detection_AI\data\raw\archive (6)\train\orange\8aa3160eb9.jpg,orange,7
c:\Users\hasibul shaikh\Documents\Car_Color_Detection_AI\data\raw\archive (6)\val\purple\44b0bcd29f.jpg,purple,9
c:\Users\hasibul shaikh\Documents\Car_Color_Detection_AI\data\raw\archive (6)\val\tan\8ad2db010a.jpg,tan,12
c:\Users\hasibul shaikh\Documents\Car_Color_Detection_AI\data\raw\archive (6)\train\tan\6ea6f9e361.jpg,tan,12
c:\Users\hasibul shaikh\Documents\Car_Color_Detection_AI\data\raw\archive (6)\train\red\93e5ecb47f.jpg,red,10
c:\Users\hasibul shaikh\Documents\Car_Color_Detection_AI\data\raw\archive (6)\train\silver\c56ea763ce.jpg,silver,11
c:\Users\hasibul shaikh\Documents\Car_Color_Detection_AI\data\raw\archive (6)\train\grey\40b6a28651.jpg,grey,6
c:\Users\hasibul shaikh\Documents\Car_Color_Detection_AI\data\raw\archive (6)\train\red\964358f714.jpg,red,10
c:\Users\hasibul shaikh\Documents\Car_Color_Detection_AI\data\raw\archive (6)\train\red\c24517d9b7.jpg,red,10
c:\Users\hasibul shaikh\Documents\Car_Color_Detection_AI\data\raw\archive (6)\val\pink\da26a23fb9.jpg,pink,8
c:\Users\hasibul shaikh\Documents\Car_Color_Detection_AI\data\raw\archive (6)\val\yellow\3d6b1bc8af.jpg,yellow,14
c:\Users\hasibul shaikh\Documents\Car_Color_Detection_AI\data\raw\archive (6)\val\silver\c46f81889f.jpg,silver,11
c:\Users\hasibul shaikh\Documents\Car_Color_Detection_AI\data\raw\archive (6)\test\grey\67ff27aa2d.jpg,grey,6
c:\Users\hasibul shaikh\Documents\Car_Color_Detection_AI\data\raw\archive (6)\train\silver\570c9bcba7.jpg,silver,11
c:\Users\hasibul shaikh\Documents\Car_Color_Detection_AI\data\raw\archive (6)\train\blue\6622b784a5.jpg,blue,2
c:\Users\hasibul shaikh\Documents\Car_Color_Detection_AI\data\raw\archive (6)\train\green\8d03ddd07b.jpg,green,5
c:\Users\hasibul shaikh\Documents\Car_Color_Detection_AI\data\raw\archive (6)\train\green\0eb5a65cde.jpg,green,5
c:\Users\hasibul shaikh\Documents\Car_Color_Detection_AI\data\raw\archive (6)\train\white\26cba57732.jpg,white,13
c:\Users\hasibul shaikh\Documents\Car_Color_Detection_AI\data\raw\archive (6)\train\gold\ef35843d4a.jpg,gold,4
c:\Users\hasibul shaikh\Documents\Car_Color_Detection_AI\data\raw\archive (6)\val\orange\8dbd3277a8.jpg,orange,7
c:\Users\hasibul shaikh\Documents\Car_Color_Detection_AI\data\raw\archive (6)\val\orange\9460d2c2d0.jpg,orange,7
c:\Users\hasibul shaikh\Documents\Car_Color_Detection_AI\data\raw\archive (6)\test\blue\188fb65472.jpg,blue,2
c:\Users\hasibul shaikh\Documents\Car_Color_Detection_AI\data\raw\archive (6)\train\black\c1a0867bdb.jpg,black,1
c:\Users\hasibul shaikh\Documents\Car_Color_Detection_AI\data\raw\archive (6)\train\orange\6b5b386d77.jpg,orange,7
c:\Users\hasibul shaikh\Documents\Car_Color_Detection_AI\data\raw\archive (6)\train\yellow\8b529fa274.jpg,yellow,14
c:\Users\hasibul shaikh\Documents\Car_Color_Detection_AI\data\raw\archive (6)\val\green\bb0c229871.jpg,green,5
c:\Users\hasibul shaikh\Documents\Car_Color_Detection_AI\data\raw\archive (6)\train\white\8c5aa2b78a.jpg,white,13
c:\Users\hasibul shaikh\Documents\Car_Color_Detection_AI\data\raw\archive (6)\test\beige\f6affc4438.jpg,beige,0
c:\Users\hasibul shaikh\Documents\Car_Color_Detection_AI\data\raw\archive (6)\train\beige\238542f022.jpg,beige,0
c:\Users\hasibul shaikh\Documents\Car_Color_Detection_AI\data\raw\archive (6)\train\green\4635ee953e.jpg,green,5
c:\Users\hasibul shaikh\Documents\Car_Color_Detection_AI\data\raw\archive (6)\train\red\bd4421dc33.jpg,red,10
c:\Users\hasibul shaikh\Documents\Car_Color_Detection_AI\data\raw\archive (6)\train\orange\10c1304e4b.jpg,orange,7
c:\Users\hasibul shaikh\Documents\Car_Color_Detection_AI\data\raw\archive (6)\train\silver\302a2c9945.jpg,silver,11
c:\Users\hasibul shaikh\Documents\Car_Color_Detection_AI\data\raw\archive (6)\test\beige\02e37c0e56.jpg,beige,0
c:\Users\hasibul shaikh\Documents\Car_Color_Detection_AI\data\raw\archive (6)\train\blue\f62e446976.jpg,blue,2
c:\Users\hasibul shaikh\Documents\Car_Color_Detection_AI\data\raw\archive (6)\val\green\8f2232ee24.jpg,green,5
c:\Users\hasibul shaikh\Documents\Car_Color_Detection_AI\data\raw\archive (6)\train\green\520a2164c3.jpg,green,5
c:\Users\hasibul shaikh\Documents\Car_Color_Detection_AI\data\raw\archive (6)\train\beige\65c1e411a1.jpg,beige,0
c:\Users\hasibul shaikh\Documents\Car_Color_Detection_AI\data\raw\archive (6)\val\orange\ecc5151d01.jpg,orange,7
c:\Users\hasibul shaikh\Documents\Car_Color_Detection_AI\data\raw\archive (6)\train\purple\c14d1edff5.jpg,purple,9
c:\Users\hasibul shaikh\Documents\Car_Color_Detection_AI\data\raw\archive (6)\train\yellow\c5b19c8f10.jpg,yellow,14
c:\Users\hasibul shaikh\Documents\Car_Color_Detection_AI\data\raw\archive (6)\train\yellow\b5fc811932.jpg,yellow,14
c:\Users\hasibul shaikh\Documents\Car_Color_Detection_AI\data\raw\archive (6)\train\green\5f570e8891.jpg,green,5
c:\Users\hasibul shaikh\Documents\Car_Color_Detection_AI\data\raw\archive (6)\train\black\7d6d431a77.jpg,black,1
c:\Users\hasibul shaikh\Documents\Car_Color_Detection_AI\data\raw\archive (6)\train\black\c4241521d4.jpg,black,1
c:\Users\hasibul shaikh\Documents\Car_Color_Detection_AI\data\raw\archive (6)\train\pink\0faccc6f49.jpg,pink,8
c:\Users\hasibul shaikh\Documents\Car_Color_Detection_AI\data\raw\archive (6)\train\blue\d7ace7a8da.jpg,blue,2
c:\Users\hasibul shaikh\Documents\Car_Color_Detection_AI\data\raw\archive (6)\train\yellow\d08d081dfa.jpg,yellow,14
c:\Users\hasibul shaikh\Documents\Car_Color_Detection_AI\data\raw\archive (6)\train\white\9d4dca8f5e.jpg,white,13
c:\Users\hasibul shaikh\Documents\Car_Color_Detection_AI\data\raw\archive (6)\train\beige\1fc7e4a6b2.jpg,beige,0
c:\Users\hasibul shaikh\Documents\Car_Color_Detection_AI\data\raw\archive (6)\train\pink\63c0df6203.jpg,pink,8
c:\Users\hasibul shaikh\Documents\Car_Color_Detection_AI\data\raw\archive (6)\train\gold\93d5ae2dbc.jpg,gold,4
c:\Users\hasibul shaikh\Documents\Car_Color_Detection_AI\data\raw\archive (6)\train\beige\2845d59b1c.jpg,beige,0
c:\Users\hasibul shaikh\Documents\Car_Color_Detection_AI\data\raw\archive (6)\val\orange\3b5416545c.jpg,orange,7
c:\Users\hasibul shaikh\Documents\Car_Color_Detection_AI\data\raw\archive (6)\val\purple\2909738ee8.jpg,purple,9
c:\Users\hasibul shaikh\Documents\Car_Color_Detection_AI\data\raw\archive (6)\train\red\1d60bb77d2.jpg,red,10
c:\Users\hasibul shaikh\Documents\Car_Color_Detection_AI\data\raw\archive (6)\train\white\cf0883d659.jpg,white,13
c:\Users\hasibul shaikh\Documents\Car_Color_Detection_AI\data\raw\archive (6)\train\gold\c8d8a8d5e5.jpg,gold,4
c:\Users\hasibul shaikh\Documents\Car_Color_Detection_AI\data\raw\archive (6)\val\brown\ac0509b7c4.jpg,brown,3
c:\Users\hasibul shaikh\Documents\Car_Color_Detection_AI\data\raw\archive (6)\train\tan\e73de92a67.jpg,tan,12
c:\Users\hasibul shaikh\Documents\Car_Color_Detection_AI\data\raw\archive (6)\train\grey\fc8e727fdd.jpg,grey,6
c:\Users\hasibul shaikh\Documents\Car_Color_Detection_AI\data\raw\archive (6)\val\orange\6e54de5e4e.jpg,orange,7
c:\Users\hasibul shaikh\Documents\Car_Color_Detection_AI\data\raw\archive (6)\val\purple\674f601832.jpg,purple,9
c:\Users\hasibul shaikh\Documents\Car_Color_Detection_AI\data\raw\archive (6)\train\silver\237a288d72.jpg,silver,11
c:\Users\hasibul shaikh\Documents\Car_Color_Detection_AI\data\raw\archive (6)\train\brown\03586726c0.jpg,brown,3
c:\Users\hasibul shaikh\Documents\Car_Color_Detection_AI\data\raw\archive (6)\val\brown\d7fd285293.jpg,brown,3
c:\Users\hasibul shaikh\Documents\Car_Color_Detection_AI\data\raw\archive (6)\train\grey\c1cd9271cd.jpg,grey,6
c:\Users\hasibul shaikh\Documents\Car_Color_Detection_AI\data\raw\archive (6)\train\white\54322230fe.jpg,white,13
c:\Users\hasibul shaikh\Documents\Car_Color_Detection_AI\data\raw\archive (6)\train\orange\5472fea902.jpg,orange,7
c:\Users\hasibul shaikh\Documents\Car_Color_Detection_AI\data\raw\archive (6)\train\pink\01455ca702.jpg,pink,8
c:\Users\hasibul shaikh\Documents\Car_Color_Detection_AI\data\raw\archive (6)\train\grey\1d86a47eb5.jpg,grey,6
c:\Users\hasibul shaikh\Documents\Car_Color_Detection_AI\data\raw\archive (6)\train\grey\36cd2c3c3d.jpg,grey,6
c:\Users\hasibul shaikh\Documents\Car_Color_Detection_AI\data\raw\archive (6)\train\beige\2db43928e0.jpg,beige,0
c:\Users\hasibul shaikh\Documents\Car_Color_Detection_AI\data\raw\archive (6)\test\purple\3c7bb7aa8d.jpg,purple,9
c:\Users\hasibul shaikh\Documents\Car_Color_Detection_AI\data\raw\archive (6)\train\tan\630f950ac5.jpg,tan,12
c:\Users\hasibul shaikh\Documents\Car_Color_Detection_AI\data\raw\archive (6)\test\brown\b95dbd5500.jpg,brown,3
c:\Users\hasibul shaikh\Documents\Car_Color_Detection_AI\data\raw\archive (6)\val\purple\2dbe112cd9.jpg,purple,9
c:\Users\hasibul shaikh\Documents\Car_Color_Detection_AI\data\raw\archive (6)\test\gold\b64a14c785.jpg,gold,4
c:\Users\hasibul shaikh\Documents\Car_Color_Detection_AI\data\raw\archive (6)\train\green\d1d0d5e3f6.jpg,green,5
c:\Users\hasibul shaikh\Documents\Car_Color_Detection_AI\data\raw\archive (6)\train\yellow\36de952806.jpg,yellow,14
c:\Users\hasibul shaikh\Documents\Car_Color_Detection_AI\data\raw\archive (6)\train\orange\0bcdaa3d5d.jpg,orange,7
c:\Users\hasibul shaikh\Documents\Car_Color_Detection_AI\data\raw\archive (6)\train\orange\2beb591623.jpg,orange,7
c:\Users\hasibul shaikh\Documents\Car_Color_Detection_AI\data\raw\archive (6)\train\silver\afaba69d7b.jpg,silver,11
c:\Users\hasibul shaikh\Documents\Car_Color_Detection_AI\data\raw\archive (6)\train\brown\e5df0c7171.jpg,brown,3
c:\Users\hasibul shaikh\Documents\Car_Color_Detection_AI\data\raw\archive (6)\train\pink\0fb829821c.jpg,pink,8
c:\Users\hasibul shaikh\Documents\Car_Color_Detection_AI\data\raw\archive (6)\test\gold\4768bb71d4.jpg,gold,4
c:\Users\hasibul shaikh\Documents\Car_Color_Detection_AI\data\raw\archive (6)\train\red\a2aa73e5f9.jpg,red,10
c:\Users\hasibul shaikh\Documents\Car_Color_Detection_AI\data\raw\archive (6)\val\white\47f85e24ef.jpg,white,13
c:\Users\hasibul shaikh\Documents\Car_Color_Detection_AI\data\raw\archive (6)\train\yellow\14dee054d6.jpg,yellow,14
c:\Users\hasibul shaikh\Documents\Car_Color_Detection_AI\data\raw\archive (6)\train\brown\4776142ea7.jpg,brown,3
c:\Users\hasibul shaikh\Documents\Car_Color_Detection_AI\data\raw\archive (6)\train\grey\1a3bc0d55d.jpg,grey,6
c:\Users\hasibul shaikh\Documents\Car_Color_Detection_AI\data\raw\archive (6)\train\red\d6010ba540.jpg,red,10
c:\Users\hasibul shaikh\Documents\Car_Color_Detection_AI\data\raw\archive (6)\train\blue\d9d1e3e221.jpg,blue,2
c:\Users\hasibul shaikh\Documents\Car_Color_Detection_AI\data\raw\archive (6)\train\blue\f671852395.jpg,blue,2
c:\Users\hasibul shaikh\Documents\Car_Color_Detection_AI\data\raw\archive (6)\train\orange\391dbe1eec.jpg,orange,7
c:\Users\hasibul shaikh\Documents\Car_Color_Detection_AI\data\raw\archive (6)\train\brown\d0bbe5dba2.jpg,brown,3
c:\Users\hasibul shaikh\Documents\Car_Color_Detection_AI\data\raw\archive (6)\val\beige\569fb77c08.jpg,beige,0
c:\Users\hasibul shaikh\Documents\Car_Color_Detection_AI\data\raw\archive (6)\train\purple\e7bf49cdfb.jpg,purple,9
c:\Users\hasibul shaikh\Documents\Car_Color_Detection_AI\data\raw\archive (6)\train\blue\bebf51ef1b.jpg,blue,2
c:\Users\hasibul shaikh\Documents\Car_Color_Detection_AI\data\raw\archive (6)\val\green\af977f2a65.jpg,green,5
c:\Users\hasibul shaikh\Documents\Car_Color_Detection_AI\data\raw\archive (6)\train\tan\9700151bce.jpg,tan,12
c:\Users\hasibul shaikh\Documents\Car_Color_Detection_AI\data\raw\archive (6)\train\white\2598109c83.jpg,white,13
c:\Users\hasibul shaikh\Documents\Car_Color_Detection_AI\data\raw\archive (6)\train\pink\e1c9a88311.jpg,pink,8
c:\Users\hasibul shaikh\Documents\Car_Color_Detection_AI\data\raw\archive (6)\train\beige\588dba8dc8.jpg,beige,0
c:\Users\hasibul shaikh\Documents\Car_Color_Detection_AI\data\raw\archive (6)\test\brown\b8bb58b283.jpg,brown,3
c:\Users\hasibul shaikh\Documents\Car_Color_Detection_AI\data\raw\archive (6)\train\pink\f2266df971.jpg,pink,8
c:\Users\hasibul shaikh\Documents\Car_Color_Detection_AI\data\raw\archive (6)\val\silver\d9654dfab3.jpg,silver,11
c:\Users\hasibul shaikh\Documents\Car_Color_Detection_AI\data\raw\archive (6)\test\yellow\3e762c1baf.jpg,yellow,14
c:\Users\hasibul shaikh\Documents\Car_Color_Detection_AI\data\raw\archive (6)\train\red\1a1b57e9f2.jpg,red,10
c:\Users\hasibul shaikh\Documents\Car_Color_Detection_AI\data\raw\archive (6)\train\gold\e73847c9af.jpg,gold,4
c:\Users\hasibul shaikh\Documents\Car_Color_Detection_AI\data\raw\archive (6)\val\pink\55a2b73a67.jpg,pink,8
c:\Users\hasibul shaikh\Documents\Car_Color_Detection_AI\data\raw\archive (6)\val\purple\215a116086.jpg,purple,9
c:\Users\hasibul shaikh\Documents\Car_Color_Detection_AI\data\raw\archive (6)\train\red\770e818b3d.jpg,red,10
c:\Users\hasibul shaikh\Documents\Car_Color_Detection_AI\data\raw\archive (6)\train\pink\c92023c28a.jpg,pink,8
c:\Users\hasibul shaikh\Documents\Car_Color_Detection_AI\data\raw\archive (6)\train\silver\d8d22f2fd3.jpg,silver,11
c:\Users\hasibul shaikh\Documents\Car_Color_Detection_AI\data\raw\archive (6)\train\black\08acf67793.jpg,black,1
c:\Users\hasibul shaikh\Documents\Car_Color_Detection_AI\data\raw\archive (6)\train\pink\eca27a3680.jpg,pink,8
c:\Users\hasibul shaikh\Documents\Car_Color_Detection_AI\data\raw\archive (6)\train\pink\b3fd60db18.jpg,pink,8
c:\Users\hasibul shaikh\Documents\Car_Color_Detection_AI\data\raw\archive (6)\test\black\10f08e9178.jpg,black,1
c:\Users\hasibul shaikh\Documents\Car_Color_Detection_AI\data\raw\archive (6)\test\gold\ca436a466c.jpg,gold,4
c:\Users\hasibul shaikh\Documents\Car_Color_Detection_AI\data\raw\archive (6)\val\beige\8a1f175db7.jpg,beige,0
c:\Users\hasibul shaikh\Documents\Car_Color_Detection_AI\data\raw\archive (6)\train\pink\f17b56308c.jpg,pink,8
c:\Users\hasibul shaikh\Documents\Car_Color_Detection_AI\data\raw\archive (6)\train\purple\c328233894.jpg,purple,9
c:\Users\hasibul shaikh\Documents\Car_Color_Detection_AI\data\raw\archive (6)\train\pink\2947e69a33.jpg,pink,8
c:\Users\hasibul shaikh\Documents\Car_Color_Detection_AI\data\raw\archive (6)\train\yellow\6f244d8d70.jpg,yellow,14
c:\Users\hasibul shaikh\Documents\Car_Color_Detection_AI\data\raw\archive (6)\train\pink\8872c3b6c1.jpg,pink,8
c:\Users\hasibul shaikh\Documents\Car_Color_Detection_AI\data\raw\archive (6)\train\yellow\50f0399212.jpg,yellow,14
c:\Users\hasibul shaikh\Documents\Car_Color_Detection_AI\data\raw\archive (6)\train\green\f7f8ae04c2.jpg,green,5
c:\Users\hasibul shaikh\Documents\Car_Color_Detection_AI\data\raw\archive (6)\test\orange\0c48ea05e8.jpg,orange,7
c:\Users\hasibul shaikh\Documents\Car_Color_Detection_AI\data\raw\archive (6)\train\grey\6f77e09cf5.jpg,grey,6
c:\Users\hasibul shaikh\Documents\Car_Color_Detection_AI\data\raw\archive (6)\train\white\276294a701.jpg,white,13
c:\Users\hasibul shaikh\Documents\Car_Color_Detection_AI\data\raw\archive (6)\train\brown\a3f7893a68.jpg,brown,3
c:\Users\hasibul shaikh\Documents\Car_Color_Detection_AI\data\raw\archive (6)\val\brown\db2281a647.jpg,brown,3
c:\Users\hasibul shaikh\Documents\Car_Color_Detection_AI\data\raw\archive (6)\train\black\b11439b516.jpg,black,1
c:\Users\hasibul shaikh\Documents\Car_Color_Detection_AI\data\raw\archive (6)\train\orange\54a5132b97.jpg,orange,7
c:\Users\hasibul shaikh\Documents\Car_Color_Detection_AI\data\raw\archive (6)\val\grey\291a2c738e.jpg,grey,6
c:\Users\hasibul shaikh\Documents\Car_Color_Detection_AI\data\raw\archive (6)\train\green\b53731d671.jpg,green,5
c:\Users\hasibul shaikh\Documents\Car_Color_Detection_AI\data\raw\archive (6)\test\grey\794e33dac8.jpg,grey,6
c:\Users\hasibul shaikh\Documents\Car_Color_Detection_AI\data\raw\archive (6)\test\pink\4c96b5fedb.jpg,pink,8
c:\Users\hasibul shaikh\Documents\Car_Color_Detection_AI\data\raw\archive (6)\train\red\625e9922de.jpg,red,10
c:\Users\hasibul shaikh\Documents\Car_Color_Detection_AI\data\raw\archive (6)\train\grey\2480a2da03.jpg,grey,6
c:\Users\hasibul shaikh\Documents\Car_Color_Detection_AI\data\raw\archive (6)\train\purple\cdb1f0a08b.jpg,purple,9
c:\Users\hasibul shaikh\Documents\Car_Color_Detection_AI\data\raw\archive (6)\train\orange\0ba8d77f51.jpg,orange,7
c:\Users\hasibul shaikh\Documents\Car_Color_Detection_AI\data\raw\archive (6)\train\silver\14208b173f.jpg,silver,11
c:\Users\hasibul shaikh\Documents\Car_Color_Detection_AI\data\raw\archive (6)\test\green\43b4542805.jpg,green,5
c:\Users\hasibul shaikh\Documents\Car_Color_Detection_AI\data\raw\archive (6)\test\green\897d4a300f.jpg,green,5
c:\Users\hasibul shaikh\Documents\Car_Color_Detection_AI\data\raw\archive (6)\train\green\b2fcaf8c39.jpg,green,5
c:\Users\hasibul shaikh\Documents\Car_Color_Detection_AI\data\raw\archive (6)\val\pink\2c61abf5ce.jpg,pink,8
c:\Users\hasibul shaikh\Documents\Car_Color_Detection_AI\data\raw\archive (6)\train\purple\cb2d1eb144.jpg,purple,9
c:\Users\hasibul shaikh\Documents\Car_Color_Detection_AI\data\raw\archive (6)\train\yellow\ef72229da3.jpg,yellow,14
c:\Users\hasibul shaikh\Documents\Car_Color_Detection_AI\data\raw\archive (6)\test\brown\1557854fe5.jpg,brown,3
c:\Users\hasibul shaikh\Documents\Car_Color_Detection_AI\data\raw\archive (6)\val\orange\0c64c66af5.jpg,orange,7
c:\Users\hasibul shaikh\Documents\Car_Color_Detection_AI\data\raw\archive (6)\test\silver\34a9c7faea.jpg,silver,11
c:\Users\hasibul shaikh\Documents\Car_Color_Detection_AI\data\raw\archive (6)\train\red\e4e335c953.jpg,red,10
c:\Users\hasibul shaikh\Documents\Car_Color_Detection_AI\data\raw\archive (6)\train\tan\99fa840c81.jpg,tan,12
c:\Users\hasibul shaikh\Documents\Car_Color_Detection_AI\data\raw\archive (6)\train\red\c530737b2d.jpg,red,10
c:\Users\hasibul shaikh\Documents\Car_Color_Detection_AI\data\raw\archive (6)\train\orange\61523bdb9d.jpg,orange,7
c:\Users\hasibul shaikh\Documents\Car_Color_Detection_AI\data\raw\archive (6)\train\pink\e41549c79e.jpg,pink,8
c:\Users\hasibul shaikh\Documents\Car_Color_Detection_AI\data\raw\archive (6)\test\grey\8067dee4ac.jpg,grey,6
c:\Users\hasibul shaikh\Documents\Car_Color_Detection_AI\data\raw\archive (6)\train\brown\a2571ccdb5.jpg,brown,3
c:\Users\hasibul shaikh\Documents\Car_Color_Detection_AI\data\raw\archive (6)\train\purple\2abd62df0b.jpg,purple,9
c:\Users\hasibul shaikh\Documents\Car_Color_Detection_AI\data\raw\archive (6)\train\pink\cdf0f39d84.jpg,pink,8
c:\Users\hasibul shaikh\Documents\Car_Color_Detection_AI\data\raw\archive (6)\test\gold\19dd803ab7.jpg,gold,4
c:\Users\hasibul shaikh\Documents\Car_Color_Detection_AI\data\raw\archive (6)\train\beige\a34a733c27.jpg,beige,0
c:\Users\hasibul shaikh\Documents\Car_Color_Detection_AI\data\raw\archive (6)\train\brown\8213bcf6b8.jpg,brown,3
c:\Users\hasibul shaikh\Documents\Car_Color_Detection_AI\data\raw\archive (6)\val\red\09b6c3cb16.jpg,red,10
c:\Users\hasibul shaikh\Documents\Car_Color_Detection_AI\data\raw\archive (6)\train\green\8d5b591c6c.jpg,green,5
c:\Users\hasibul shaikh\Documents\Car_Color_Detection_AI\data\raw\archive (6)\train\red\d04b741874.jpg,red,10
c:\Users\hasibul shaikh\Documents\Car_Color_Detection_AI\data\raw\archive (6)\test\green\9d7735d456.jpg,green,5
c:\Users\hasibul shaikh\Documents\Car_Color_Detection_AI\data\raw\archive (6)\train\beige\d9ef627b74.jpg,beige,0
c:\Users\hasibul shaikh\Documents\Car_Color_Detection_AI\data\raw\archive (6)\train\pink\9a0cb50bc1.jpg,pink,8
c:\Users\hasibul shaikh\Documents\Car_Color_Detection_AI\data\raw\archive (6)\test\grey\3ec4fc265e.jpg,grey,6
c:\Users\hasibul shaikh\Documents\Car_Color_Detection_AI\data\raw\archive (6)\train\brown\58931f3de1.jpg,brown,3
c:\Users\hasibul shaikh\Documents\Car_Color_Detection_AI\data\raw\archive (6)\train\silver\435912d907.jpg,silver,11
c:\Users\hasibul shaikh\Documents\Car_Color_Detection_AI\data\raw\archive (6)\train\red\82d8e91761.jpg,red,10
c:\Users\hasibul shaikh\Documents\Car_Color_Detection_AI\data\raw\archive (6)\train\yellow\3995c7268b.jpg,yellow,14
c:\Users\hasibul shaikh\Documents\Car_Color_Detection_AI\data\raw\archive (6)\train\yellow\d0c81c0516.jpg,yellow,14
c:\Users\hasibul shaikh\Documents\Car_Color_Detection_AI\data\raw\archive (6)\val\brown\d52eb401b7.jpg,brown,3
c:\Users\hasibul shaikh\Documents\Car_Color_Detection_AI\data\raw\archive (6)\train\tan\c0e2163d9e.jpg,tan,12
c:\Users\hasibul shaikh\Documents\Car_Color_Detection_AI\data\raw\archive (6)\train\yellow\22252a9f34.jpg,yellow,14
c:\Users\hasibul shaikh\Documents\Car_Color_Detection_AI\data\raw\archive (6)\test\orange\963a868476.jpg,orange,7
c:\Users\hasibul shaikh\Documents\Car_Color_Detection_AI\data\raw\archive (6)\train\brown\7604cadec1.jpg,brown,3
c:\Users\hasibul shaikh\Documents\Car_Color_Detection_AI\data\raw\archive (6)\train\purple\a7e532f3f2.jpg,purple,9
c:\Users\hasibul shaikh\Documents\Car_Color_Detection_AI\data\raw\archive (6)\train\orange\5ee91ff054.jpg,orange,7
c:\Users\hasibul shaikh\Documents\Car_Color_Detection_AI\data\raw\archive (6)\test\pink\435f482bcc.jpg,pink,8
c:\Users\hasibul shaikh\Documents\Car_Color_Detection_AI\data\raw\archive (6)\train\blue\253ce42a4b.jpg,blue,2
c:\Users\hasibul shaikh\Documents\Car_Color_Detection_AI\data\raw\archive (6)\test\gold\0927b1412e.jpg,gold,4
c:\Users\hasibul shaikh\Documents\Car_Color_Detection_AI\data\raw\archive (6)\test\tan\bd1cab4a1e.jpg,tan,12
c:\Users\hasibul shaikh\Documents\Car_Color_Detection_AI\data\raw\archive (6)\train\yellow\77c3835b07.jpg,yellow,14
c:\Users\hasibul shaikh\Documents\Car_Color_Detection_AI\data\raw\archive (6)\train\blue\5b38fe89c8.jpg,blue,2
c:\Users\hasibul shaikh\Documents\Car_Color_Detection_AI\data\raw\archive (6)\val\green\f4fe027579.jpg,green,5
c:\Users\hasibul shaikh\Documents\Car_Color_Detection_AI\data\raw\archive (6)\train\orange\a18f82bcfa.jpg,orange,7
c:\Users\hasibul shaikh\Documents\Car_Color_Detection_AI\data\raw\archive (6)\train\red\75e6a58dc1.jpg,red,10
c:\Users\hasibul shaikh\Documents\Car_Color_Detection_AI\data\raw\archive (6)\train\purple\a374bb316e.jpg,purple,9
c:\Users\hasibul shaikh\Documents\Car_Color_Detection_AI\data\raw\archive (6)\test\purple\557d86649a.jpg,purple,9
c:\Users\hasibul shaikh\Documents\Car_Color_Detection_AI\data\raw\archive (6)\val\yellow\8cb107b360.jpg,yellow,14
c:\Users\hasibul shaikh\Documents\Car_Color_Detection_AI\data\raw\archive (6)\train\red\d646c55ae2.jpg,red,10
c:\Users\hasibul shaikh\Documents\Car_Color_Detection_AI\data\raw\archive (6)\train\blue\9e80ecaf31.jpg,blue,2
c:\Users\hasibul shaikh\Documents\Car_Color_Detection_AI\data\raw\archive (6)\test\purple\6bd1acf0b9.jpg,purple,9
c:\Users\hasibul shaikh\Documents\Car_Color_Detection_AI\data\raw\archive (6)\test\orange\ad08468dc6.jpg,orange,7
c:\Users\hasibul shaikh\Documents\Car_Color_Detection_AI\data\raw\archive (6)\train\blue\090d4fe427.jpg,blue,2
c:\Users\hasibul shaikh\Documents\Car_Color_Detection_AI\data\raw\archive (6)\train\pink\3132c2b50c.jpg,pink,8
c:\Users\hasibul shaikh\Documents\Car_Color_Detection_AI\data\raw\archive (6)\train\brown\588754bb79.jpg,brown,3
c:\Users\hasibul shaikh\Documents\Car_Color_Detection_AI\data\raw\archive (6)\train\purple\337b080b27.jpg,purple,9
c:\Users\hasibul shaikh\Documents\Car_Color_Detection_AI\data\raw\archive (6)\train\black\6f9ec04da0.jpg,black,1
c:\Users\hasibul shaikh\Documents\Car_Color_Detection_AI\data\raw\archive (6)\train\white\6f858994a2.jpg,white,13
c:\Users\hasibul shaikh\Documents\Car_Color_Detection_AI\data\raw\archive (6)\train\silver\d1bab4a648.jpg,silver,11
c:\Users\hasibul shaikh\Documents\Car_Color_Detection_AI\data\raw\archive (6)\train\tan\247626db84.jpg,tan,12
c:\Users\hasibul shaikh\Documents\Car_Color_Detection_AI\data\raw\archive (6)\val\silver\7364e79552.jpg,silver,11
c:\Users\hasibul shaikh\Documents\Car_Color_Detection_AI\data\raw\archive (6)\train\red\17a2d9ebb4.jpg,red,10
c:\Users\hasibul shaikh\Documents\Car_Color_Detection_AI\data\raw\archive (6)\test\blue\0b25c43a3e.jpg,blue,2
c:\Users\hasibul shaikh\Documents\Car_Color_Detection_AI\data\raw\archive (6)\train\blue\0aacb2b119.jpg,blue,2
c:\Users\hasibul shaikh\Documents\Car_Color_Detection_AI\data\raw\archive (6)\train\black\7a2a949f09.jpg,black,1
c:\Users\hasibul shaikh\Documents\Car_Color_Detection_AI\data\raw\archive (6)\train\green\043de69d64.jpg,green,5
c:\Users\hasibul shaikh\Documents\Car_Color_Detection_AI\data\raw\archive (6)\val\red\50c79d1533.jpg,red,10
c:\Users\hasibul shaikh\Documents\Car_Color_Detection_AI\data\raw\archive (6)\val\orange\1fc69ef53c.jpg,orange,7
c:\Users\hasibul shaikh\Documents\Car_Color_Detection_AI\data\raw\archive (6)\train\black\6e49287c10.jpg,black,1
c:\Users\hasibul shaikh\Documents\Car_Color_Detection_AI\data\raw\archive (6)\train\pink\e4256cb76d.jpg,pink,8
c:\Users\hasibul shaikh\Documents\Car_Color_Detection_AI\data\raw\archive (6)\train\orange\0814caa0ee.jpg,orange,7
c:\Users\hasibul shaikh\Documents\Car_Color_Detection_AI\data\raw\archive (6)\test\orange\c4214592d9.jpg,orange,7
c:\Users\hasibul shaikh\Documents\Car_Color_Detection_AI\data\raw\archive (6)\test\silver\994f99b89d.jpg,silver,11
c:\Users\hasibul shaikh\Documents\Car_Color_Detection_AI\data\raw\archive (6)\train\black\3d484c8f14.jpg,black,1
c:\Users\hasibul shaikh\Documents\Car_Color_Detection_AI\data\raw\archive (6)\val\tan\ab6bb3a13a.jpg,tan,12
c:\Users\hasibul shaikh\Documents\Car_Color_Detection_AI\data\raw\archive (6)\test\blue\3295d5f0b2.jpg,blue,2
c:\Users\hasibul shaikh\Documents\Car_Color_Detection_AI\data\raw\archive (6)\train\blue\da6fe95ca4.jpg,blue,2
c:\Users\hasibul shaikh\Documents\Car_Color_Detection_AI\data\raw\archive (6)\test\green\2066af6dc4.jpg,green,5
c:\Users\hasibul shaikh\Documents\Car_Color_Detection_AI\data\raw\archive (6)\val\silver\f19973c372.jpg,silver,11
c:\Users\hasibul shaikh\Documents\Car_Color_Detection_AI\data\raw\archive (6)\val\red\3ea22d0bcd.jpg,red,10
c:\Users\hasibul shaikh\Documents\Car_Color_Detection_AI\data\raw\archive (6)\train\pink\e6601fdb7b.jpg,pink,8
c:\Users\hasibul shaikh\Documents\Car_Color_Detection_AI\data\raw\archive (6)\train\beige\ad927861e0.jpg,beige,0
c:\Users\hasibul shaikh\Documents\Car_Color_Detection_AI\data\raw\archive (6)\train\black\06d90feac6.jpg,black,1
c:\Users\hasibul shaikh\Documents\Car_Color_Detection_AI\data\raw\archive (6)\train\beige\5f8b9a800e.jpg,beige,0
c:\Users\hasibul shaikh\Documents\Car_Color_Detection_AI\data\raw\archive (6)\train\blue\6928c714af.jpg,blue,2
c:\Users\hasibul shaikh\Documents\Car_Color_Detection_AI\data\raw\archive (6)\train\purple\411a65d5c3.jpg,purple,9
c:\Users\hasibul shaikh\Documents\Car_Color_Detection_AI\data\raw\archive (6)\train\red\c43b49dc11.jpg,red,10
c:\Users\hasibul shaikh\Documents\Car_Color_Detection_AI\data\raw\archive (6)\test\green\cdd6f6abe6.jpg,green,5
c:\Users\hasibul shaikh\Documents\Car_Color_Detection_AI\data\raw\archive (6)\train\brown\6bb27c5776.jpg,brown,3
c:\Users\hasibul shaikh\Documents\Car_Color_Detection_AI\data\raw\archive (6)\train\purple\4b620e5ba1.jpg,purple,9
c:\Users\hasibul shaikh\Documents\Car_Color_Detection_AI\data\raw\archive (6)\test\grey\c66b73543e.jpg,grey,6
c:\Users\hasibul shaikh\Documents\Car_Color_Detection_AI\data\raw\archive (6)\train\pink\ddcd387678.jpg,pink,8
c:\Users\hasibul shaikh\Documents\Car_Color_Detection_AI\data\raw\archive (6)\train\black\d5df4a01c8.jpg,black,1
c:\Users\hasibul shaikh\Documents\Car_Color_Detection_AI\data\raw\archive (6)\train\pink\2a0c1b91c7.jpg,pink,8
c:\Users\hasibul shaikh\Documents\Car_Color_Detection_AI\data\raw\archive (6)\test\purple\eae4bac2ce.jpg,purple,9
c:\Users\hasibul shaikh\Documents\Car_Color_Detection_AI\data\raw\archive (6)\val\white\c77fcff5be.jpg,white,13
c:\Users\hasibul shaikh\Documents\Car_Color_Detection_AI\data\raw\archive (6)\train\brown\27e071d5ff.jpg,brown,3
c:\Users\hasibul shaikh\Documents\Car_Color_Detection_AI\data\raw\archive (6)\val\purple\1230352115.jpg,purple,9
c:\Users\hasibul shaikh\Documents\Car_Color_Detection_AI\data\raw\archive (6)\train\beige\d5f4ccb88e.jpg,beige,0
c:\Users\hasibul shaikh\Documents\Car_Color_Detection_AI\data\raw\archive (6)\train\pink\a658173d35.jpg,pink,8
c:\Users\hasibul shaikh\Documents\Car_Color_Detection_AI\data\raw\archive (6)\test\orange\0b8988e43e.jpg,orange,7
c:\Users\hasibul shaikh\Documents\Car_Color_Detection_AI\data\raw\archive (6)\train\white\4dde922c1d.jpg,white,13
c:\Users\hasibul shaikh\Documents\Car_Color_Detection_AI\data\raw\archive (6)\train\purple\b3f12f52f9.jpg,purple,9
c:\Users\hasibul shaikh\Documents\Car_Color_Detection_AI\data\raw\archive (6)\test\green\50bb5f0abc.jpg,green,5
c:\Users\hasibul shaikh\Documents\Car_Color_Detection_AI\data\raw\archive (6)\test\grey\3dff4febf2.jpg,grey,6
c:\Users\hasibul shaikh\Documents\Car_Color_Detection_AI\data\raw\archive (6)\train\purple\f3e0084441.jpg,purple,9
c:\Users\hasibul shaikh\Documents\Car_Color_Detection_AI\data\raw\archive (6)\test\grey\8666ccbbfb.jpg,grey,6
c:\Users\hasibul shaikh\Documents\Car_Color_Detection_AI\data\raw\archive (6)\train\tan\80ff32a284.jpg,tan,12
c:\Users\hasibul shaikh\Documents\Car_Color_Detection_AI\data\raw\archive (6)\val\white\b000f96162.jpg,white,13
c:\Users\hasibul shaikh\Documents\Car_Color_Detection_AI\data\raw\archive (6)\train\yellow\a730560646.jpg,yellow,14
c:\Users\hasibul shaikh\Documents\Car_Color_Detection_AI\data\raw\archive (6)\train\grey\9206c35c77.jpg,grey,6
c:\Users\hasibul shaikh\Documents\Car_Color_Detection_AI\data\raw\archive (6)\train\blue\7c322ee8e6.jpg,blue,2
c:\Users\hasibul shaikh\Documents\Car_Color_Detection_AI\data\raw\archive (6)\train\blue\4a67c535e8.jpg,blue,2
c:\Users\hasibul shaikh\Documents\Car_Color_Detection_AI\data\raw\archive (6)\train\pink\e3f190d052.jpg,pink,8
c:\Users\hasibul shaikh\Documents\Car_Color_Detection_AI\data\raw\archive (6)\train\beige\bbb5a4f085.jpg,beige,0
c:\Users\hasibul shaikh\Documents\Car_Color_Detection_AI\data\raw\archive (6)\train\green\67dc1db2d3.jpg,green,5
c:\Users\hasibul shaikh\Documents\Car_Color_Detection_AI\data\raw\archive (6)\train\red\85af5f7086.jpg,red,10
c:\Users\hasibul shaikh\Documents\Car_Color_Detection_AI\data\raw\archive (6)\train\white\662f5065a6.jpg,white,13
c:\Users\hasibul shaikh\Documents\Car_Color_Detection_AI\data\raw\archive (6)\test\blue\b1b188d3e6.jpg,blue,2
c:\Users\hasibul shaikh\Documents\Car_Color_Detection_AI\data\raw\archive (6)\train\orange\19097deffa.jpg,orange,7
c:\Users\hasibul shaikh\Documents\Car_Color_Detection_AI\data\raw\archive (6)\train\pink\6fb0711049.jpg,pink,8
c:\Users\hasibul shaikh\Documents\Car_Color_Detection_AI\data\raw\archive (6)\train\green\c2c4d6ae7e.jpg,green,5
c:\Users\hasibul shaikh\Documents\Car_Color_Detection_AI\data\raw\archive (6)\train\tan\1ce000f103.jpg,tan,12
c:\Users\hasibul shaikh\Documents\Car_Color_Detection_AI\data\raw\archive (6)\train\blue\c5fbd0d65b.jpg,blue,2
c:\Users\hasibul shaikh\Documents\Car_Color_Detection_AI\data\raw\archive (6)\train\pink\0bf5c7eaaf.jpg,pink,8
c:\Users\hasibul shaikh\Documents\Car_Color_Detection_AI\data\raw\archive (6)\train\yellow\497383f416.jpg,yellow,14
c:\Users\hasibul shaikh\Documents\Car_Color_Detection_AI\data\raw\archive (6)\train\purple\afbdf9eb55.jpg,purple,9
c:\Users\hasibul shaikh\Documents\Car_Color_Detection_AI\data\raw\archive (6)\train\red\aaaad942bb.jpg,red,10
c:\Users\hasibul shaikh\Documents\Car_Color_Detection_AI\data\raw\archive (6)\test\silver\7deb85c546.jpg,silver,11
c:\Users\hasibul shaikh\Documents\Car_Color_Detection_AI\data\raw\archive (6)\train\silver\3fc896d802.jpg,silver,11
c:\Users\hasibul shaikh\Documents\Car_Color_Detection_AI\data\raw\archive (6)\train\blue\43c0603382.jpg,blue,2
c:\Users\hasibul shaikh\Documents\Car_Color_Detection_AI\data\raw\archive (6)\val\purple\aa7e282e1c.jpg,purple,9
c:\Users\hasibul shaikh\Documents\Car_Color_Detection_AI\data\raw\archive (6)\train\purple\8c2be0570b.jpg,purple,9
c:\Users\hasibul shaikh\Documents\Car_Color_Detection_AI\data\raw\archive (6)\val\silver\1965c5cf29.jpg,silver,11
c:\Users\hasibul shaikh\Documents\Car_Color_Detection_AI\data\raw\archive (6)\train\white\7c76dd4d40.jpg,white,13
c:\Users\hasibul shaikh\Documents\Car_Color_Detection_AI\data\raw\archive (6)\train\red\0a7c86d6bc.jpg,red,10
c:\Users\hasibul shaikh\Documents\Car_Color_Detection_AI\data\raw\archive (6)\test\beige\c66e785e0e.jpg,beige,0
c:\Users\hasibul shaikh\Documents\Car_Color_Detection_AI\data\raw\archive (6)\train\tan\9fd989ad94.jpg,tan,12
c:\Users\hasibul shaikh\Documents\Car_Color_Detection_AI\data\raw\archive (6)\train\green\98cc1ae07c.jpg,green,5
c:\Users\hasibul shaikh\Documents\Car_Color_Detection_AI\data\raw\archive (6)\val\tan\bd1399af3c.jpg,tan,12
c:\Users\hasibul shaikh\Documents\Car_Color_Detection_AI\data\raw\archive (6)\train\green\ced98cf69e.jpg,green,5
c:\Users\hasibul shaikh\Documents\Car_Color_Detection_AI\data\raw\archive (6)\train\red\baff1bbfac.jpg,red,10
c:\Users\hasibul shaikh\Documents\Car_Color_Detection_AI\data\raw\archive (6)\test\tan\2fe4ba1ea0.jpg,tan,12
c:\Users\hasibul shaikh\Documents\Car_Color_Detection_AI\data\raw\archive (6)\val\purple\fa0db0fae7.jpg,purple,9
c:\Users\hasibul shaikh\Documents\Car_Color_Detection_AI\data\raw\archive (6)\train\red\b9a07f13df.jpg,red,10
c:\Users\hasibul shaikh\Documents\Car_Color_Detection_AI\data\raw\archive (6)\train\pink\758c8d3aa5.jpg,pink,8
c:\Users\hasibul shaikh\Documents\Car_Color_Detection_AI\data\raw\archive (6)\train\red\b7ac893f0e.jpg,red,10
c:\Users\hasibul shaikh\Documents\Car_Color_Detection_AI\data\raw\archive (6)\train\grey\e74f7ea1c2.jpg,grey,6
c:\Users\hasibul shaikh\Documents\Car_Color_Detection_AI\data\raw\archive (6)\val\gold\c8996074ac.jpg,gold,4
c:\Users\hasibul shaikh\Documents\Car_Color_Detection_AI\data\raw\archive (6)\train\red\97bf6e211f.jpg,red,10
c:\Users\hasibul shaikh\Documents\Car_Color_Detection_AI\data\raw\archive (6)\test\gold\aa317c3aac.jpg,gold,4
c:\Users\hasibul shaikh\Documents\Car_Color_Detection_AI\data\raw\archive (6)\train\black\095b15b847.jpg,black,1
c:\Users\hasibul shaikh\Documents\Car_Color_Detection_AI\data\raw\archive (6)\test\grey\9d393a2287.jpg,grey,6
c:\Users\hasibul shaikh\Documents\Car_Color_Detection_AI\data\raw\archive (6)\train\tan\00acfc482e.jpg,tan,12
c:\Users\hasibul shaikh\Documents\Car_Color_Detection_AI\data\raw\archive (6)\test\tan\65dc9c1c3e.jpg,tan,12
c:\Users\hasibul shaikh\Documents\Car_Color_Detection_AI\data\raw\archive (6)\train\red\a1488e2bd4.jpg,red,10
c:\Users\hasibul shaikh\Documents\Car_Color_Detection_AI\data\raw\archive (6)\train\blue\b246267e57.jpg,blue,2
c:\Users\hasibul shaikh\Documents\Car_Color_Detection_AI\data\raw\archive (6)\train\grey\716540d2b9.jpg,grey,6
c:\Users\hasibul shaikh\Documents\Car_Color_Detection_AI\data\raw\archive (6)\train\silver\58b12a0a63.jpg,silver,11
c:\Users\hasibul shaikh\Documents\Car_Color_Detection_AI\data\raw\archive (6)\val\pink\9f5284fbe4.jpg,pink,8
c:\Users\hasibul shaikh\Documents\Car_Color_Detection_AI\data\raw\archive (6)\train\grey\0d5587470a.jpg,grey,6
c:\Users\hasibul shaikh\Documents\Car_Color_Detection_AI\data\raw\archive (6)\train\beige\0ecf8a8903.jpg,beige,0
c:\Users\hasibul shaikh\Documents\Car_Color_Detection_AI\data\raw\archive (6)\val\silver\14891ad578.jpg,silver,11
c:\Users\hasibul shaikh\Documents\Car_Color_Detection_AI\data\raw\archive (6)\test\yellow\6d141ccc79.jpg,yellow,14
c:\Users\hasibul shaikh\Documents\Car_Color_Detection_AI\data\raw\archive (6)\val\pink\5cfc88c78c.jpg,pink,8
c:\Users\hasibul shaikh\Documents\Car_Color_Detection_AI\data\raw\archive (6)\test\tan\b52d8b5e4c.jpg,tan,12
c:\Users\hasibul shaikh\Documents\Car_Color_Detection_AI\data\raw\archive (6)\train\silver\a2d89193d2.jpg,silver,11
c:\Users\hasibul shaikh\Documents\Car_Color_Detection_AI\data\raw\archive (6)\test\black\2fe07bcd62.jpg,black,1
c:\Users\hasibul shaikh\Documents\Car_Color_Detection_AI\data\raw\archive (6)\train\beige\3c5630f913.jpg,beige,0
c:\Users\hasibul shaikh\Documents\Car_Color_Detection_AI\data\raw\archive (6)\train\tan\cab4a9b1b2.jpg,tan,12
c:\Users\hasibul shaikh\Documents\Car_Color_Detection_AI\data\raw\archive (6)\train\black\dc8143d408.jpg,black,1
c:\Users\hasibul shaikh\Documents\Car_Color_Detection_AI\data\raw\archive (6)\train\yellow\bfdbd6f2fc.jpg,yellow,14
c:\Users\hasibul shaikh\Documents\Car_Color_Detection_AI\data\raw\archive (6)\train\green\ce9c4da40d.jpg,green,5
c:\Users\hasibul shaikh\Documents\Car_Color_Detection_AI\data\raw\archive (6)\test\brown\696cdfdbe5.jpg,brown,3
c:\Users\hasibul shaikh\Documents\Car_Color_Detection_AI\data\raw\archive (6)\train\tan\399165b1c9.jpg,tan,12
c:\Users\hasibul shaikh\Documents\Car_Color_Detection_AI\data\raw\archive (6)\train\orange\2cfdf6e950.jpg,orange,7
c:\Users\hasibul shaikh\Documents\Car_Color_Detection_AI\data\raw\archive (6)\train\pink\e4675acf83.jpg,pink,8
c:\Users\hasibul shaikh\Documents\Car_Color_Detection_AI\data\raw\archive (6)\train\purple\638c659e1d.jpg,purple,9
c:\Users\hasibul shaikh\Documents\Car_Color_Detection_AI\data\raw\archive (6)\train\red\175f5812f6.jpg,red,10
c:\Users\hasibul shaikh\Documents\Car_Color_Detection_AI\data\raw\archive (6)\train\orange\2f7c26a5db.jpg,orange,7
c:\Users\hasibul shaikh\Documents\Car_Color_Detection_AI\data\raw\archive (6)\train\pink\72edeb7738.jpg,pink,8
c:\Users\hasibul shaikh\Documents\Car_Color_Detection_AI\data\raw\archive (6)\train\silver\3c94527c95.jpg,silver,11
c:\Users\hasibul shaikh\Documents\Car_Color_Detection_AI\data\raw\archive (6)\val\yellow\faa910aa51.jpg,yellow,14
c:\Users\hasibul shaikh\Documents\Car_Color_Detection_AI\data\raw\archive (6)\train\pink\1072308598.jpg,pink,8
c:\Users\hasibul shaikh\Documents\Car_Color_Detection_AI\data\raw\archive (6)\val\purple\1496bfdbff.jpg,purple,9
c:\Users\hasibul shaikh\Documents\Car_Color_Detection_AI\data\raw\archive (6)\train\brown\aefa85e3f7.jpg,brown,3
c:\Users\hasibul shaikh\Documents\Car_Color_Detection_AI\data\raw\archive (6)\train\black\377039f3bc.jpg,black,1
c:\Users\hasibul shaikh\Documents\Car_Color_Detection_AI\data\raw\archive (6)\train\beige\5ebcb0f571.jpg,beige,0
c:\Users\hasibul shaikh\Documents\Car_Color_Detection_AI\data\raw\archive (6)\train\silver\f69a6231d3.jpg,silver,11
c:\Users\hasibul shaikh\Documents\Car_Color_Detection_AI\data\raw\archive (6)\train\red\23322356a3.jpg,red,10
c:\Users\hasibul shaikh\Documents\Car_Color_Detection_AI\data\raw\archive (6)\test\black\375e468a7b.jpg,black,1
c:\Users\hasibul shaikh\Documents\Car_Color_Detection_AI\data\raw\archive (6)\test\green\31745746a1.jpg,green,5
c:\Users\hasibul shaikh\Documents\Car_Color_Detection_AI\data\raw\archive (6)\train\beige\8937ab147f.jpg,beige,0
c:\Users\hasibul shaikh\Documents\Car_Color_Detection_AI\data\raw\archive (6)\test\green\396caa7031.jpg,green,5
c:\Users\hasibul shaikh\Documents\Car_Color_Detection_AI\data\raw\archive (6)\train\brown\d224f26f42.jpg,brown,3
c:\Users\hasibul shaikh\Documents\Car_Color_Detection_AI\data\raw\archive (6)\train\white\206380f936.jpg,white,13
c:\Users\hasibul shaikh\Documents\Car_Color_Detection_AI\data\raw\archive (6)\train\green\fed7a60ce0.jpg,green,5
c:\Users\hasibul shaikh\Documents\Car_Color_Detection_AI\data\raw\archive (6)\train\beige\b3e07bb246.jpg,beige,0
c:\Users\hasibul shaikh\Documents\Car_Color_Detection_AI\data\raw\archive (6)\train\blue\19eb5eb033.jpg,blue,2
c:\Users\hasibul shaikh\Documents\Car_Color_Detection_AI\data\raw\archive (6)\test\red\0d357044c5.jpg,red,10
c:\Users\hasibul shaikh\Documents\Car_Color_Detection_AI\data\raw\archive (6)\train\purple\66b101af5b.jpg,purple,9
c:\Users\hasibul shaikh\Documents\Car_Color_Detection_AI\data\raw\archive (6)\train\red\7cdfceca0f.jpg,red,10
c:\Users\hasibul shaikh\Documents\Car_Color_Detection_AI\data\raw\archive (6)\train\yellow\78ed0a961a.jpg,yellow,14
c:\Users\hasibul shaikh\Documents\Car_Color_Detection_AI\data\raw\archive (6)\val\beige\c88a33d0aa.jpg,beige,0
c:\Users\hasibul shaikh\Documents\Car_Color_Detection_AI\data\raw\archive (6)\train\green\106eb12214.jpg,green,5
c:\Users\hasibul shaikh\Documents\Car_Color_Detection_AI\data\raw\archive (6)\train\tan\13de880bde.jpg,tan,12
c:\Users\hasibul shaikh\Documents\Car_Color_Detection_AI\data\raw\archive (6)\test\black\633bf36dd1.jpg,black,1
c:\Users\hasibul shaikh\Documents\Car_Color_Detection_AI\data\raw\archive (6)\train\yellow\edcb6c1fb7.jpg,yellow,14
c:\Users\hasibul shaikh\Documents\Car_Color_Detection_AI\data\raw\archive (6)\train\grey\6609a6420c.jpg,grey,6
c:\Users\hasibul shaikh\Documents\Car_Color_Detection_AI\data\raw\archive (6)\test\green\df940057ce.jpg,green,5
c:\Users\hasibul shaikh\Documents\Car_Color_Detection_AI\data\raw\archive (6)\train\silver\e924cbbb3f.jpg,silver,11
c:\Users\hasibul shaikh\Documents\Car_Color_Detection_AI\data\raw\archive (6)\train\grey\3560e249d7.jpg,grey,6
c:\Users\hasibul shaikh\Documents\Car_Color_Detection_AI\data\raw\archive (6)\train\yellow\865564f46c.jpg,yellow,14
c:\Users\hasibul shaikh\Documents\Car_Color_Detection_AI\data\raw\archive (6)\train\yellow\3b8ce4503b.jpg,yellow,14
c:\Users\hasibul shaikh\Documents\Car_Color_Detection_AI\data\raw\archive (6)\train\orange\c20bd9e3e5.jpg,orange,7
c:\Users\hasibul shaikh\Documents\Car_Color_Detection_AI\data\raw\archive (6)\train\green\47d4fdb383.jpg,green,5
c:\Users\hasibul shaikh\Documents\Car_Color_Detection_AI\data\raw\archive (6)\train\grey\9f3ab18c70.jpg,grey,6
c:\Users\hasibul shaikh\Documents\Car_Color_Detection_AI\data\raw\archive (6)\train\gold\a0637e0179.jpg,gold,4
c:\Users\hasibul shaikh\Documents\Car_Color_Detection_AI\data\raw\archive (6)\train\blue\8a710c7645.jpg,blue,2
c:\Users\hasibul shaikh\Documents\Car_Color_Detection_AI\data\raw\archive (6)\train\grey\dc991c5b5c.jpg,grey,6
c:\Users\hasibul shaikh\Documents\Car_Color_Detection_AI\data\raw\archive (6)\train\black\d9fbbd084e.jpg,black,1
c:\Users\hasibul shaikh\Documents\Car_Color_Detection_AI\data\raw\archive (6)\train\red\ab60a4ee26.jpg,red,10
c:\Users\hasibul shaikh\Documents\Car_Color_Detection_AI\data\raw\archive (6)\train\red\0ea51bc65c.jpg,red,10
c:\Users\hasibul shaikh\Documents\Car_Color_Detection_AI\data\raw\archive (6)\test\purple\bf29def25f.jpg,purple,9
c:\Users\hasibul shaikh\Documents\Car_Color_Detection_AI\data\raw\archive (6)\train\white\eabc1ea23c.jpg,white,13
c:\Users\hasibul shaikh\Documents\Car_Color_Detection_AI\data\raw\archive (6)\train\purple\d685901655.jpg,purple,9
c:\Users\hasibul shaikh\Documents\Car_Color_Detection_AI\data\raw\archive (6)\train\pink\64aaf43812.jpg,pink,8
c:\Users\hasibul shaikh\Documents\Car_Color_Detection_AI\data\raw\archive (6)\train\red\8397f68db6.jpg,red,10
c:\Users\hasibul shaikh\Documents\Car_Color_Detection_AI\data\raw\archive (6)\train\red\c8c3b4433b.jpg,red,10
c:\Users\hasibul shaikh\Documents\Car_Color_Detection_AI\data\raw\archive (6)\train\white\176ac9df13.jpg,white,13
c:\Users\hasibul shaikh\Documents\Car_Color_Detection_AI\data\raw\archive (6)\train\pink\c2a4548e63.jpg,pink,8
c:\Users\hasibul shaikh\Documents\Car_Color_Detection_AI\data\raw\archive (6)\val\pink\4e2c14bb13.jpg,pink,8
c:\Users\hasibul shaikh\Documents\Car_Color_Detection_AI\data\raw\archive (6)\train\gold\3b1b6bdf75.jpg,gold,4
c:\Users\hasibul shaikh\Documents\Car_Color_Detection_AI\data\raw\archive (6)\train\beige\9b340dad9e.jpg,beige,0
c:\Users\hasibul shaikh\Documents\Car_Color_Detection_AI\data\raw\archive (6)\train\black\8b07932e83.jpg,black,1
c:\Users\hasibul shaikh\Documents\Car_Color_Detection_AI\data\raw\archive (6)\train\black\58f80a7526.jpg,black,1
c:\Users\hasibul shaikh\Documents\Car_Color_Detection_AI\data\raw\archive (6)\train\orange\7faa08efdd.jpg,orange,7
c:\Users\hasibul shaikh\Documents\Car_Color_Detection_AI\data\raw\archive (6)\val\white\086c1d2ece.jpg,white,13
c:\Users\hasibul shaikh\Documents\Car_Color_Detection_AI\data\raw\archive (6)\val\white\d07974f3ec.jpg,white,13
c:\Users\hasibul shaikh\Documents\Car_Color_Detection_AI\data\raw\archive (6)\train\purple\21d051fd1d.jpg,purple,9
c:\Users\hasibul shaikh\Documents\Car_Color_Detection_AI\data\raw\archive (6)\train\pink\3fb6599dc7.jpg,pink,8
c:\Users\hasibul shaikh\Documents\Car_Color_Detection_AI\data\raw\archive (6)\train\orange\74644659bd.jpg,orange,7
c:\Users\hasibul shaikh\Documents\Car_Color_Detection_AI\data\raw\archive (6)\val\orange\f1c3dbe9db.jpg,orange,7
c:\Users\hasibul shaikh\Documents\Car_Color_Detection_AI\data\raw\archive (6)\train\blue\d5e3580d8b.jpg,blue,2
c:\Users\hasibul shaikh\Documents\Car_Color_Detection_AI\data\raw\archive (6)\train\red\83f908bed8.jpg,red,10
c:\Users\hasibul shaikh\Documents\Car_Color_Detection_AI\data\raw\archive (6)\train\blue\ef8e027209.jpg,blue,2
c:\Users\hasibul shaikh\Documents\Car_Color_Detection_AI\data\raw\archive (6)\train\silver\62d2b30f05.jpg,silver,11
c:\Users\hasibul shaikh\Documents\Car_Color_Detection_AI\data\raw\archive (6)\train\green\55d3a76859.jpg,green,5
c:\Users\hasibul shaikh\Documents\Car_Color_Detection_AI\data\raw\archive (6)\train\yellow\840662612f.jpg,yellow,14
c:\Users\hasibul shaikh\Documents\Car_Color_Detection_AI\data\raw\archive (6)\val\brown\11c9b5974b.jpg,brown,3
c:\Users\hasibul shaikh\Documents\Car_Color_Detection_AI\data\raw\archive (6)\train\brown\5347f481b9.jpg,brown,3
c:\Users\hasibul shaikh\Documents\Car_Color_Detection_AI\data\raw\archive (6)\train\purple\e458884736.jpg,purple,9
c:\Users\hasibul shaikh\Documents\Car_Color_Detection_AI\data\raw\archive (6)\val\brown\6d4357797d.jpg,brown,3
c:\Users\hasibul shaikh\Documents\Car_Color_Detection_AI\data\raw\archive (6)\train\beige\0657543685.jpg,beige,0
c:\Users\hasibul shaikh\Documents\Car_Color_Detection_AI\data\raw\archive (6)\val\red\abba223a87.jpg,red,10
c:\Users\hasibul shaikh\Documents\Car_Color_Detection_AI\data\raw\archive (6)\val\yellow\f780e19f37.jpg,yellow,14
c:\Users\hasibul shaikh\Documents\Car_Color_Detection_AI\data\raw\archive (6)\train\blue\c89972deaf.jpg,blue,2
c:\Users\hasibul shaikh\Documents\Car_Color_Detection_AI\data\raw\archive (6)\train\orange\b59cb1aef8.jpg,orange,7
c:\Users\hasibul shaikh\Documents\Car_Color_Detection_AI\data\raw\archive (6)\train\green\f7aa2f2282.jpg,green,5
c:\Users\hasibul shaikh\Documents\Car_Color_Detection_AI\data\raw\archive (6)\train\beige\c17521c439.jpg,beige,0
c:\Users\hasibul shaikh\Documents\Car_Color_Detection_AI\data\raw\archive (6)\val\yellow\cf36d20be6.jpg,yellow,14
c:\Users\hasibul shaikh\Documents\Car_Color_Detection_AI\data\raw\archive (6)\train\brown\d7fc2f8543.jpg,brown,3
c:\Users\hasibul shaikh\Documents\Car_Color_Detection_AI\data\raw\archive (6)\train\white\22d42c07a9.jpg,white,13
c:\Users\hasibul shaikh\Documents\Car_Color_Detection_AI\data\raw\archive (6)\train\blue\7085a281b2.jpg,blue,2
c:\Users\hasibul shaikh\Documents\Car_Color_Detection_AI\data\raw\archive (6)\train\purple\9ad6765e4c.jpg,purple,9
c:\Users\hasibul shaikh\Documents\Car_Color_Detection_AI\data\raw\archive (6)\train\orange\6758108989.jpg,orange,7
c:\Users\hasibul shaikh\Documents\Car_Color_Detection_AI\data\raw\archive (6)\train\orange\4bca0d2798.jpg,orange,7
c:\Users\hasibul shaikh\Documents\Car_Color_Detection_AI\data\raw\archive (6)\train\gold\8108e09365.jpg,gold,4
c:\Users\hasibul shaikh\Documents\Car_Color_Detection_AI\data\raw\archive (6)\val\orange\13104f760a.jpg,orange,7
c:\Users\hasibul shaikh\Documents\Car_Color_Detection_AI\data\raw\archive (6)\val\grey\db195f7da3.jpg,grey,6
c:\Users\hasibul shaikh\Documents\Car_Color_Detection_AI\data\raw\archive (6)\train\yellow\1140f22594.jpg,yellow,14
c:\Users\hasibul shaikh\Documents\Car_Color_Detection_AI\data\raw\archive (6)\train\blue\dd643c8456.jpg,blue,2
c:\Users\hasibul shaikh\Documents\Car_Color_Detection_AI\data\raw\archive (6)\val\green\9716f7cf1f.jpg,green,5
c:\Users\hasibul shaikh\Documents\Car_Color_Detection_AI\data\raw\archive (6)\train\green\8c62b96c1c.jpg,green,5
c:\Users\hasibul shaikh\Documents\Car_Color_Detection_AI\data\raw\archive (6)\test\beige\69629b6466.jpg,beige,0
c:\Users\hasibul shaikh\Documents\Car_Color_Detection_AI\data\raw\archive (6)\train\beige\6dceb765f1.jpg,beige,0
c:\Users\hasibul shaikh\Documents\Car_Color_Detection_AI\data\raw\archive (6)\train\yellow\d8895bfa62.jpg,yellow,14
c:\Users\hasibul shaikh\Documents\Car_Color_Detection_AI\data\raw\archive (6)\train\white\3d5db5f850.jpg,white,13
c:\Users\hasibul shaikh\Documents\Car_Color_Detection_AI\data\raw\archive (6)\train\blue\2a1b6b04cf.jpg,blue,2
c:\Users\hasibul shaikh\Documents\Car_Color_Detection_AI\data\raw\archive (6)\train\grey\598b95ca96.jpg,grey,6
c:\Users\hasibul shaikh\Documents\Car_Color_Detection_AI\data\raw\archive (6)\train\blue\fe673c7f7b.jpg,blue,2
c:\Users\hasibul shaikh\Documents\Car_Color_Detection_AI\data\raw\archive (6)\train\grey\8b24146c76.jpg,grey,6
c:\Users\hasibul shaikh\Documents\Car_Color_Detection_AI\data\raw\archive (6)\val\red\5b3ff0cc32.jpg,red,10
c:\Users\hasibul shaikh\Documents\Car_Color_Detection_AI\data\raw\archive (6)\train\grey\1dce184989.jpg,grey,6
c:\Users\hasibul shaikh\Documents\Car_Color_Detection_AI\data\raw\archive (6)\train\beige\ffac34b592.jpg,beige,0
c:\Users\hasibul shaikh\Documents\Car_Color_Detection_AI\data\raw\archive (6)\train\green\2e7c47ef69.jpg,green,5
c:\Users\hasibul shaikh\Documents\Car_Color_Detection_AI\data\raw\archive (6)\train\silver\8a5e8e6d6a.jpg,silver,11
c:\Users\hasibul shaikh\Documents\Car_Color_Detection_AI\data\raw\archive (6)\train\tan\a1069f6eb0.jpg,tan,12
c:\Users\hasibul shaikh\Documents\Car_Color_Detection_AI\data\raw\archive (6)\train\black\3727204928.jpg,black,1
c:\Users\hasibul shaikh\Documents\Car_Color_Detection_AI\data\raw\archive (6)\val\brown\20752a8fce.jpg,brown,3
c:\Users\hasibul shaikh\Documents\Car_Color_Detection_AI\data\raw\archive (6)\train\blue\0316589b9f.jpg,blue,2
c:\Users\hasibul shaikh\Documents\Car_Color_Detection_AI\data\raw\archive (6)\train\silver\3b74d40859.jpg,silver,11
c:\Users\hasibul shaikh\Documents\Car_Color_Detection_AI\data\raw\archive (6)\train\orange\a48677b1fe.jpg,orange,7
c:\Users\hasibul shaikh\Documents\Car_Color_Detection_AI\data\raw\archive (6)\train\white\5e21d88ad6.jpg,white,13
c:\Users\hasibul shaikh\Documents\Car_Color_Detection_AI\data\raw\archive (6)\train\blue\63ae7bfaaa.jpg,blue,2
c:\Users\hasibul shaikh\Documents\Car_Color_Detection_AI\data\raw\archive (6)\train\purple\a3363f9e3d.jpg,purple,9
c:\Users\hasibul shaikh\Documents\Car_Color_Detection_AI\data\raw\archive (6)\train\black\b4301468d2.jpg,black,1
c:\Users\hasibul shaikh\Documents\Car_Color_Detection_AI\data\raw\archive (6)\train\red\4dbad44ccb.jpg,red,10
c:\Users\hasibul shaikh\Documents\Car_Color_Detection_AI\data\raw\archive (6)\train\silver\76b2833b29.jpg,silver,11
c:\Users\hasibul shaikh\Documents\Car_Color_Detection_AI\data\raw\archive (6)\train\red\9184afd9e0.jpg,red,10
c:\Users\hasibul shaikh\Documents\Car_Color_Detection_AI\data\raw\archive (6)\train\beige\9a07c2793a.jpg,beige,0
c:\Users\hasibul shaikh\Documents\Car_Color_Detection_AI\data\raw\archive (6)\train\red\b7ce639923.jpg,red,10
c:\Users\hasibul shaikh\Documents\Car_Color_Detection_AI\data\raw\archive (6)\train\orange\f419b604c3.jpg,orange,7
c:\Users\hasibul shaikh\Documents\Car_Color_Detection_AI\data\raw\archive (6)\test\purple\611474bcf5.jpg,purple,9
c:\Users\hasibul shaikh\Documents\Car_Color_Detection_AI\data\raw\archive (6)\train\beige\c064dd9210.jpg,beige,0
c:\Users\hasibul shaikh\Documents\Car_Color_Detection_AI\data\raw\archive (6)\train\gold\f078e62efa.jpg,gold,4
c:\Users\hasibul shaikh\Documents\Car_Color_Detection_AI\data\raw\archive (6)\train\red\0ac5899633.jpg,red,10
c:\Users\hasibul shaikh\Documents\Car_Color_Detection_AI\data\raw\archive (6)\train\blue\b03091d638.jpg,blue,2
c:\Users\hasibul shaikh\Documents\Car_Color_Detection_AI\data\raw\archive (6)\train\purple\4c2f034f59.jpg,purple,9
c:\Users\hasibul shaikh\Documents\Car_Color_Detection_AI\data\raw\archive (6)\train\black\d0cec1b80f.jpg,black,1
c:\Users\hasibul shaikh\Documents\Car_Color_Detection_AI\data\raw\archive (6)\val\red\ddc25bd6e5.jpg,red,10
c:\Users\hasibul shaikh\Documents\Car_Color_Detection_AI\data\raw\archive (6)\train\tan\2aa59f4ddd.jpg,tan,12
c:\Users\hasibul shaikh\Documents\Car_Color_Detection_AI\data\raw\archive (6)\train\blue\07c85eb69b.jpg,blue,2
c:\Users\hasibul shaikh\Documents\Car_Color_Detection_AI\data\raw\archive (6)\train\tan\2f125d4021.jpg,tan,12
c:\Users\hasibul shaikh\Documents\Car_Color_Detection_AI\data\raw\archive (6)\train\gold\3254c226ec.jpg,gold,4
c:\Users\hasibul shaikh\Documents\Car_Color_Detection_AI\data\raw\archive (6)\test\silver\5c26823daf.jpg,silver,11
c:\Users\hasibul shaikh\Documents\Car_Color_Detection_AI\data\raw\archive (6)\train\red\6545a69ad3.jpg,red,10
c:\Users\hasibul shaikh\Documents\Car_Color_Detection_AI\data\raw\archive (6)\train\yellow\48501e4e0f.jpg,yellow,14
c:\Users\hasibul shaikh\Documents\Car_Color_Detection_AI\data\raw\archive (6)\train\brown\1e5a335e94.jpg,brown,3
c:\Users\hasibul shaikh\Documents\Car_Color_Detection_AI\data\raw\archive (6)\train\blue\0fe2f148d1.jpg,blue,2
c:\Users\hasibul shaikh\Documents\Car_Color_Detection_AI\data\raw\archive (6)\test\yellow\faeb1332a6.jpg,yellow,14
c:\Users\hasibul shaikh\Documents\Car_Color_Detection_AI\data\raw\archive (6)\test\brown\b0213dc00e.jpg,brown,3
c:\Users\hasibul shaikh\Documents\Car_Color_Detection_AI\data\raw\archive (6)\val\pink\ab0c69c102.jpg,pink,8
c:\Users\hasibul shaikh\Documents\Car_Color_Detection_AI\data\raw\archive (6)\train\pink\85755f3938.jpg,pink,8
c:\Users\hasibul shaikh\Documents\Car_Color_Detection_AI\data\raw\archive (6)\train\red\d65c2bb732.jpg,red,10
c:\Users\hasibul shaikh\Documents\Car_Color_Detection_AI\data\raw\archive (6)\train\orange\da88320ec7.jpg,orange,7
c:\Users\hasibul shaikh\Documents\Car_Color_Detection_AI\data\raw\archive (6)\train\blue\e454f056d4.jpg,blue,2
c:\Users\hasibul shaikh\Documents\Car_Color_Detection_AI\data\raw\archive (6)\test\tan\84cfcd8572.jpg,tan,12
c:\Users\hasibul shaikh\Documents\Car_Color_Detection_AI\data\raw\archive (6)\val\blue\04d752660a.jpg,blue,2
c:\Users\hasibul shaikh\Documents\Car_Color_Detection_AI\data\raw\archive (6)\train\blue\da2a587a83.jpg,blue,2
c:\Users\hasibul shaikh\Documents\Car_Color_Detection_AI\data\raw\archive (6)\train\yellow\e3f2e2940d.jpg,yellow,14
c:\Users\hasibul shaikh\Documents\Car_Color_Detection_AI\data\raw\archive (6)\train\brown\cb2460058e.jpg,brown,3
c:\Users\hasibul shaikh\Documents\Car_Color_Detection_AI\data\raw\archive (6)\train\blue\4dacc0384a.jpg,blue,2
c:\Users\hasibul shaikh\Documents\Car_Color_Detection_AI\data\raw\archive (6)\val\blue\1aa576ee40.jpg,blue,2
c:\Users\hasibul shaikh\Documents\Car_Color_Detection_AI\data\raw\archive (6)\train\gold\4dd10d1b91.jpg,gold,4
c:\Users\hasibul shaikh\Documents\Car_Color_Detection_AI\data\raw\archive (6)\train\gold\20d79d9a59.jpg,gold,4
c:\Users\hasibul shaikh\Documents\Car_Color_Detection_AI\data\raw\archive (6)\val\gold\280229e5cb.jpg,gold,4
c:\Users\hasibul shaikh\Documents\Car_Color_Detection_AI\data\raw\archive (6)\train\gold\f90c9d7ba5.jpg,gold,4
c:\Users\hasibul shaikh\Documents\Car_Color_Detection_AI\data\raw\archive (6)\train\grey\5c83548836.jpg,grey,6
c:\Users\hasibul shaikh\Documents\Car_Color_Detection_AI\data\raw\archive (6)\test\blue\e916197d54.jpg,blue,2
c:\Users\hasibul shaikh\Documents\Car_Color_Detection_AI\data\raw\archive (6)\val\black\ebecc24ace.jpg,black,1
c:\Users\hasibul shaikh\Documents\Car_Color_Detection_AI\data\raw\archive (6)\val\orange\e7ac3b3b20.jpg,orange,7
c:\Users\hasibul shaikh\Documents\Car_Color_Detection_AI\data\raw\archive (6)\val\silver\6cc6ae33a5.jpg,silver,11
c:\Users\hasibul shaikh\Documents\Car_Color_Detection_AI\data\raw\archive (6)\train\brown\06b76e6ee9.jpg,brown,3
c:\Users\hasibul shaikh\Documents\Car_Color_Detection_AI\data\raw\archive (6)\train\white\c1b30175f2.jpg,white,13
c:\Users\hasibul shaikh\Documents\Car_Color_Detection_AI\data\raw\archive (6)\train\gold\b84e0af990.jpg,gold,4
c:\Users\hasibul shaikh\Documents\Car_Color_Detection_AI\data\raw\archive (6)\train\yellow\fde8201722.jpg,yellow,14
c:\Users\hasibul shaikh\Documents\Car_Color_Detection_AI\data\raw\archive (6)\train\black\cac2d099a6.jpg,black,1
c:\Users\hasibul shaikh\Documents\Car_Color_Detection_AI\data\raw\archive (6)\train\gold\4221991253.jpg,gold,4
c:\Users\hasibul shaikh\Documents\Car_Color_Detection_AI\data\raw\archive (6)\train\red\cfdf9e8d21.jpg,red,10
c:\Users\hasibul shaikh\Documents\Car_Color_Detection_AI\data\raw\archive (6)\train\yellow\a3498f3910.jpg,yellow,14
c:\Users\hasibul shaikh\Documents\Car_Color_Detection_AI\data\raw\archive (6)\val\beige\0a8ca5ca17.jpg,beige,0
c:\Users\hasibul shaikh\Documents\Car_Color_Detection_AI\data\raw\archive (6)\train\pink\ae8ed4a401.jpg,pink,8
c:\Users\hasibul shaikh\Documents\Car_Color_Detection_AI\data\raw\archive (6)\train\green\c9a57dac71.jpg,green,5
c:\Users\hasibul shaikh\Documents\Car_Color_Detection_AI\data\raw\archive (6)\train\blue\0b7f8b5239.jpg,blue,2
c:\Users\hasibul shaikh\Documents\Car_Color_Detection_AI\data\raw\archive (6)\test\green\044c3fb74a.jpg,green,5
c:\Users\hasibul shaikh\Documents\Car_Color_Detection_AI\data\raw\archive (6)\train\yellow\cba0bf4e6b.jpg,yellow,14
c:\Users\hasibul shaikh\Documents\Car_Color_Detection_AI\data\raw\archive (6)\train\red\685d91e171.jpg,red,10
c:\Users\hasibul shaikh\Documents\Car_Color_Detection_AI\data\raw\archive (6)\train\brown\8c30e73029.jpg,brown,3
c:\Users\hasibul shaikh\Documents\Car_Color_Detection_AI\data\raw\archive (6)\val\blue\42d15042e7.jpg,blue,2
c:\Users\hasibul shaikh\Documents\Car_Color_Detection_AI\data\raw\archive (6)\train\white\e155455557.jpg,white,13
c:\Users\hasibul shaikh\Documents\Car_Color_Detection_AI\data\raw\archive (6)\train\grey\5b46a1a090.jpg,grey,6
c:\Users\hasibul shaikh\Documents\Car_Color_Detection_AI\data\raw\archive (6)\test\orange\26dec24995.jpg,orange,7
c:\Users\hasibul shaikh\Documents\Car_Color_Detection_AI\data\raw\archive (6)\test\orange\9e4302667c.jpg,orange,7
c:\Users\hasibul shaikh\Documents\Car_Color_Detection_AI\data\raw\archive (6)\train\brown\a3a3b1dfb7.jpg,brown,3
c:\Users\hasibul shaikh\Documents\Car_Color_Detection_AI\data\raw\archive (6)\test\green\099aee3195.jpg,green,5
c:\Users\hasibul shaikh\Documents\Car_Color_Detection_AI\data\raw\archive (6)\train\orange\ad612fa979.jpg,orange,7
c:\Users\hasibul shaikh\Documents\Car_Color_Detection_AI\data\raw\archive (6)\train\black\e446b36203.jpg,black,1
c:\Users\hasibul shaikh\Documents\Car_Color_Detection_AI\data\raw\archive (6)\train\brown\77f01035dc.jpg,brown,3
c:\Users\hasibul shaikh\Documents\Car_Color_Detection_AI\data\raw\archive (6)\train\yellow\74b38145ad.jpg,yellow,14
c:\Users\hasibul shaikh\Documents\Car_Color_Detection_AI\data\raw\archive (6)\train\orange\b89d5678b9.jpg,orange,7
c:\Users\hasibul shaikh\Documents\Car_Color_Detection_AI\data\raw\archive (6)\train\purple\540c50efff.jpg,purple,9
c:\Users\hasibul shaikh\Documents\Car_Color_Detection_AI\data\raw\archive (6)\train\yellow\be1e751d6d.jpg,yellow,14
c:\Users\hasibul shaikh\Documents\Car_Color_Detection_AI\data\raw\archive (6)\val\purple\623723725d.jpg,purple,9
c:\Users\hasibul shaikh\Documents\Car_Color_Detection_AI\data\raw\archive (6)\train\beige\07012e2d74.jpg,beige,0
c:\Users\hasibul shaikh\Documents\Car_Color_Detection_AI\data\raw\archive (6)\val\grey\f8b0df76b2.jpg,grey,6
c:\Users\hasibul shaikh\Documents\Car_Color_Detection_AI\data\raw\archive (6)\train\green\3974120012.jpg,green,5
c:\Users\hasibul shaikh\Documents\Car_Color_Detection_AI\data\raw\archive (6)\test\green\774674a18b.jpg,green,5
c:\Users\hasibul shaikh\Documents\Car_Color_Detection_AI\data\raw\archive (6)\train\red\1a22896277.jpg,red,10
c:\Users\hasibul shaikh\Documents\Car_Color_Detection_AI\data\raw\archive (6)\val\purple\410727f1b4.jpg,purple,9
c:\Users\hasibul shaikh\Documents\Car_Color_Detection_AI\data\raw\archive (6)\train\silver\51ad2e9707.jpg,silver,11
c:\Users\hasibul shaikh\Documents\Car_Color_Detection_AI\data\raw\archive (6)\test\blue\d10f09c8bf.jpg,blue,2
c:\Users\hasibul shaikh\Documents\Car_Color_Detection_AI\data\raw\archive (6)\train\orange\f25641efb1.jpg,orange,7
c:\Users\hasibul shaikh\Documents\Car_Color_Detection_AI\data\raw\archive (6)\train\yellow\afd7927c75.jpg,yellow,14
c:\Users\hasibul shaikh\Documents\Car_Color_Detection_AI\data\raw\archive (6)\train\brown\77149db69b.jpg,brown,3
c:\Users\hasibul shaikh\Documents\Car_Color_Detection_AI\data\raw\archive (6)\train\white\f8d8811bac.jpg,white,13
c:\Users\hasibul shaikh\Documents\Car_Color_Detection_AI\data\raw\archive (6)\train\white\791d26e921.jpg,white,13
c:\Users\hasibul shaikh\Documents\Car_Color_Detection_AI\data\raw\archive (6)\train\red\547808b75c.jpg,red,10
c:\Users\hasibul shaikh\Documents\Car_Color_Detection_AI\data\raw\archive (6)\train\orange\27bec45a6a.jpg,orange,7
c:\Users\hasibul shaikh\Documents\Car_Color_Detection_AI\data\raw\archive (6)\train\tan\95ef25cbb9.jpg,tan,12
c:\Users\hasibul shaikh\Documents\Car_Color_Detection_AI\data\raw\archive (6)\train\silver\7ef73fd0d3.jpg,silver,11
c:\Users\hasibul shaikh\Documents\Car_Color_Detection_AI\data\raw\archive (6)\test\brown\714a6148f4.jpg,brown,3
c:\Users\hasibul shaikh\Documents\Car_Color_Detection_AI\data\raw\archive (6)\train\purple\32e9ecd993.jpg,purple,9
c:\Users\hasibul shaikh\Documents\Car_Color_Detection_AI\data\raw\archive (6)\train\beige\112080c888.jpg,beige,0
c:\Users\hasibul shaikh\Documents\Car_Color_Detection_AI\data\raw\archive (6)\test\blue\961ef270e4.jpg,blue,2
c:\Users\hasibul shaikh\Documents\Car_Color_Detection_AI\data\raw\archive (6)\train\blue\8b9cd571fa.jpg,blue,2
c:\Users\hasibul shaikh\Documents\Car_Color_Detection_AI\data\raw\archive (6)\train\orange\a62fece5cd.jpg,orange,7
c:\Users\hasibul shaikh\Documents\Car_Color_Detection_AI\data\raw\archive (6)\val\white\fb1a2de480.jpg,white,13
c:\Users\hasibul shaikh\Documents\Car_Color_Detection_AI\data\raw\archive (6)\train\yellow\f4e230e88f.jpg,yellow,14
c:\Users\hasibul shaikh\Documents\Car_Color_Detection_AI\data\raw\archive (6)\train\grey\62321a3cfc.jpg,grey,6
c:\Users\hasibul shaikh\Documents\Car_Color_Detection_AI\data\raw\archive (6)\val\silver\e1e89567b4.jpg,silver,11
c:\Users\hasibul shaikh\Documents\Car_Color_Detection_AI\data\raw\archive (6)\test\brown\902680c6e2.jpg,brown,3
c:\Users\hasibul shaikh\Documents\Car_Color_Detection_AI\data\raw\archive (6)\train\gold\a633bb5bee.jpg,gold,4
c:\Users\hasibul shaikh\Documents\Car_Color_Detection_AI\data\raw\archive (6)\train\brown\d857b3e8bc.jpg,brown,3
c:\Users\hasibul shaikh\Documents\Car_Color_Detection_AI\data\raw\archive (6)\train\red\e4a70cee7e.jpg,red,10
c:\Users\hasibul shaikh\Documents\Car_Color_Detection_AI\data\raw\archive (6)\train\green\fe7de6a921.jpg,green,5
c:\Users\hasibul shaikh\Documents\Car_Color_Detection_AI\data\raw\archive (6)\train\grey\56adc6f7ec.jpg,grey,6
c:\Users\hasibul shaikh\Documents\Car_Color_Detection_AI\data\raw\archive (6)\test\tan\b3fc637046.jpg,tan,12
c:\Users\hasibul shaikh\Documents\Car_Color_Detection_AI\data\raw\archive (6)\test\pink\4b62362bff.jpg,pink,8
c:\Users\hasibul shaikh\Documents\Car_Color_Detection_AI\data\raw\archive (6)\train\silver\a4db347392.jpg,silver,11
c:\Users\hasibul shaikh\Documents\Car_Color_Detection_AI\data\raw\archive (6)\train\red\67be1e0dd7.jpg,red,10
c:\Users\hasibul shaikh\Documents\Car_Color_Detection_AI\data\raw\archive (6)\test\red\e96ef684ef.jpg,red,10
c:\Users\hasibul shaikh\Documents\Car_Color_Detection_AI\data\raw\archive (6)\train\beige\9a1602cae9.jpg,beige,0
c:\Users\hasibul shaikh\Documents\Car_Color_Detection_AI\data\raw\archive (6)\train\orange\1be1673ede.jpg,orange,7
c:\Users\hasibul shaikh\Documents\Car_Color_Detection_AI\data\raw\archive (6)\train\pink\cf91eaca1d.jpg,pink,8
c:\Users\hasibul shaikh\Documents\Car_Color_Detection_AI\data\raw\archive (6)\test\red\f67f0c46c4.jpg,red,10
c:\Users\hasibul shaikh\Documents\Car_Color_Detection_AI\data\raw\archive (6)\train\blue\fbd9e7296f.jpg,blue,2
c:\Users\hasibul shaikh\Documents\Car_Color_Detection_AI\data\raw\archive (6)\train\yellow\d94e099c9a.jpg,yellow,14
c:\Users\hasibul shaikh\Documents\Car_Color_Detection_AI\data\raw\archive (6)\val\tan\f00ac0b92a.jpg,tan,12
c:\Users\hasibul shaikh\Documents\Car_Color_Detection_AI\data\raw\archive (6)\train\beige\136aeff324.jpg,beige,0
c:\Users\hasibul shaikh\Documents\Car_Color_Detection_AI\data\raw\archive (6)\test\red\a362535ff6.jpg,red,10
c:\Users\hasibul shaikh\Documents\Car_Color_Detection_AI\data\raw\archive (6)\train\blue\53df3978cf.jpg,blue,2
c:\Users\hasibul shaikh\Documents\Car_Color_Detection_AI\data\raw\archive (6)\train\grey\55fa59b599.jpg,grey,6
c:\Users\hasibul shaikh\Documents\Car_Color_Detection_AI\data\raw\archive (6)\val\beige\f20588a861.jpg,beige,0
c:\Users\hasibul shaikh\Documents\Car_Color_Detection_AI\data\raw\archive (6)\train\white\2cf1e82627.jpg,white,13
c:\Users\hasibul shaikh\Documents\Car_Color_Detection_AI\data\raw\archive (6)\train\blue\450c808034.jpg,blue,2
c:\Users\hasibul shaikh\Documents\Car_Color_Detection_AI\data\raw\archive (6)\train\white\fd195d125b.jpg,white,13
c:\Users\hasibul shaikh\Documents\Car_Color_Detection_AI\data\raw\archive (6)\train\blue\fd50ef6c5d.jpg,blue,2
c:\Users\hasibul shaikh\Documents\Car_Color_Detection_AI\data\raw\archive (6)\val\black\547389c845.jpg,black,1
c:\Users\hasibul shaikh\Documents\Car_Color_Detection_AI\data\raw\archive (6)\train\gold\ad389355d0.jpg,gold,4
c:\Users\hasibul shaikh\Documents\Car_Color_Detection_AI\data\raw\archive (6)\train\green\aea2ba184f.jpg,green,5
c:\Users\hasibul shaikh\Documents\Car_Color_Detection_AI\data\raw\archive (6)\train\brown\01274d8372.jpg,brown,3
c:\Users\hasibul shaikh\Documents\Car_Color_Detection_AI\data\raw\archive (6)\train\black\6403a1682c.jpg,black,1
c:\Users\hasibul shaikh\Documents\Car_Color_Detection_AI\data\raw\archive (6)\train\gold\8e326c6a20.jpg,gold,4
c:\Users\hasibul shaikh\Documents\Car_Color_Detection_AI\data\raw\archive (6)\val\red\f04dfb4b9a.jpg,red,10
c:\Users\hasibul shaikh\Documents\Car_Color_Detection_AI\data\raw\archive (6)\train\yellow\e3104a9ff6.jpg,yellow,14
c:\Users\hasibul shaikh\Documents\Car_Color_Detection_AI\data\raw\archive (6)\val\pink\6267d29481.jpg,pink,8
c:\Users\hasibul shaikh\Documents\Car_Color_Detection_AI\data\raw\archive (6)\val\black\cdb8030073.jpg,black,1
c:\Users\hasibul shaikh\Documents\Car_Color_Detection_AI\data\raw\archive (6)\train\orange\78437d1c4d.jpg,orange,7
c:\Users\hasibul shaikh\Documents\Car_Color_Detection_AI\data\raw\archive (6)\train\red\ad7c9300b5.jpg,red,10
c:\Users\hasibul shaikh\Documents\Car_Color_Detection_AI\data\raw\archive (6)\val\orange\d984313333.jpg,orange,7
c:\Users\hasibul shaikh\Documents\Car_Color_Detection_AI\data\raw\archive (6)\train\grey\709f2a7eef.jpg,grey,6
c:\Users\hasibul shaikh\Documents\Car_Color_Detection_AI\data\raw\archive (6)\train\orange\6da972cf83.jpg,orange,7
c:\Users\hasibul shaikh\Documents\Car_Color_Detection_AI\data\raw\archive (6)\train\white\ac562a48ae.jpg,white,13
c:\Users\hasibul shaikh\Documents\Car_Color_Detection_AI\data\raw\archive (6)\train\black\2071946372.jpg,black,1
c:\Users\hasibul shaikh\Documents\Car_Color_Detection_AI\data\raw\archive (6)\test\red\6e4c2fb6d5.jpg,red,10
c:\Users\hasibul shaikh\Documents\Car_Color_Detection_AI\data\raw\archive (6)\train\brown\821acad750.jpg,brown,3
c:\Users\hasibul shaikh\Documents\Car_Color_Detection_AI\data\raw\archive (6)\train\red\f36ddc9866.jpg,red,10
c:\Users\hasibul shaikh\Documents\Car_Color_Detection_AI\data\raw\archive (6)\train\tan\3617391217.jpg,tan,12
c:\Users\hasibul shaikh\Documents\Car_Color_Detection_AI\data\raw\archive (6)\train\tan\7888cd0a1e.jpg,tan,12
c:\Users\hasibul shaikh\Documents\Car_Color_Detection_AI\data\raw\archive (6)\train\black\d5c995e41b.jpg,black,1
c:\Users\hasibul shaikh\Documents\Car_Color_Detection_AI\data\raw\archive (6)\train\blue\dc8a4fccc5.jpg,blue,2
c:\Users\hasibul shaikh\Documents\Car_Color_Detection_AI\data\raw\archive (6)\val\brown\c271f7a40c.jpg,brown,3
c:\Users\hasibul shaikh\Documents\Car_Color_Detection_AI\data\raw\archive (6)\val\grey\a7d2eee91f.jpg,grey,6
c:\Users\hasibul shaikh\Documents\Car_Color_Detection_AI\data\raw\archive (6)\val\green\018d8448c5.jpg,green,5
c:\Users\hasibul shaikh\Documents\Car_Color_Detection_AI\data\raw\archive (6)\train\green\d9c9eae875.jpg,green,5
c:\Users\hasibul shaikh\Documents\Car_Color_Detection_AI\data\raw\archive (6)\train\orange\49f653356e.jpg,orange,7
c:\Users\hasibul shaikh\Documents\Car_Color_Detection_AI\data\raw\archive (6)\train\tan\3e232ea31a.jpg,tan,12
c:\Users\hasibul shaikh\Documents\Car_Color_Detection_AI\data\raw\archive (6)\val\orange\9cd89a9db2.jpg,orange,7
c:\Users\hasibul shaikh\Documents\Car_Color_Detection_AI\data\raw\archive (6)\train\orange\7237de2aa3.jpg,orange,7
c:\Users\hasibul shaikh\Documents\Car_Color_Detection_AI\data\raw\archive (6)\test\green\d3fb5450c3.jpg,green,5
c:\Users\hasibul shaikh\Documents\Car_Color_Detection_AI\data\raw\archive (6)\train\grey\9d974556f7.jpg,grey,6
c:\Users\hasibul shaikh\Documents\Car_Color_Detection_AI\data\raw\archive (6)\train\silver\ac0b1659e0.jpg,silver,11
c:\Users\hasibul shaikh\Documents\Car_Color_Detection_AI\data\raw\archive (6)\train\white\45dcd3ec10.jpg,white,13
c:\Users\hasibul shaikh\Documents\Car_Color_Detection_AI\data\raw\archive (6)\train\silver\1c0b8cad03.jpg,silver,11
c:\Users\hasibul shaikh\Documents\Car_Color_Detection_AI\data\raw\archive (6)\train\beige\ee40cfd4f4.jpg,beige,0
c:\Users\hasibul shaikh\Documents\Car_Color_Detection_AI\data\raw\archive (6)\train\yellow\df77f800b9.jpg,yellow,14
c:\Users\hasibul shaikh\Documents\Car_Color_Detection_AI\data\raw\archive (6)\train\green\420001303e.jpg,green,5
c:\Users\hasibul shaikh\Documents\Car_Color_Detection_AI\data\raw\archive (6)\train\green\71a49c4e61.jpg,green,5
c:\Users\hasibul shaikh\Documents\Car_Color_Detection_AI\data\raw\archive (6)\train\brown\6ca7971e11.jpg,brown,3
c:\Users\hasibul shaikh\Documents\Car_Color_Detection_AI\data\raw\archive (6)\test\blue\9beb21403a.jpg,blue,2
c:\Users\hasibul shaikh\Documents\Car_Color_Detection_AI\data\raw\archive (6)\train\silver\4c0e07559c.jpg,silver,11
c:\Users\hasibul shaikh\Documents\Car_Color_Detection_AI\data\raw\archive (6)\train\tan\66c473b168.jpg,tan,12
c:\Users\hasibul shaikh\Documents\Car_Color_Detection_AI\data\raw\archive (6)\test\tan\b9395ae8e8.jpg,tan,12
c:\Users\hasibul shaikh\Documents\Car_Color_Detection_AI\data\raw\archive (6)\train\grey\864ca3936c.jpg,grey,6
c:\Users\hasibul shaikh\Documents\Car_Color_Detection_AI\data\raw\archive (6)\val\red\e8e270e57a.jpg,red,10
c:\Users\hasibul shaikh\Documents\Car_Color_Detection_AI\data\raw\archive (6)\train\black\e8a5990022.jpg,black,1
c:\Users\hasibul shaikh\Documents\Car_Color_Detection_AI\data\raw\archive (6)\train\brown\82a159ff03.jpg,brown,3
c:\Users\hasibul shaikh\Documents\Car_Color_Detection_AI\data\raw\archive (6)\train\black\ddf214335f.jpg,black,1
c:\Users\hasibul shaikh\Documents\Car_Color_Detection_AI\data\raw\archive (6)\val\yellow\539b8759e6.jpg,yellow,14
c:\Users\hasibul shaikh\Documents\Car_Color_Detection_AI\data\raw\archive (6)\train\pink\ba33439350.jpg,pink,8
c:\Users\hasibul shaikh\Documents\Car_Color_Detection_AI\data\raw\archive (6)\train\black\5404378e43.jpg,black,1
c:\Users\hasibul shaikh\Documents\Car_Color_Detection_AI\data\raw\archive (6)\val\red\cf634434c8.jpg,red,10
c:\Users\hasibul shaikh\Documents\Car_Color_Detection_AI\data\raw\archive (6)\test\brown\d8e3375e54.jpg,brown,3
c:\Users\hasibul shaikh\Documents\Car_Color_Detection_AI\data\raw\archive (6)\train\purple\6d72fd4de7.jpg,purple,9
c:\Users\hasibul shaikh\Documents\Car_Color_Detection_AI\data\raw\archive (6)\val\brown\773daa7f07.jpg,brown,3
c:\Users\hasibul shaikh\Documents\Car_Color_Detection_AI\data\raw\archive (6)\test\orange\f45e643ea0.jpg,orange,7
c:\Users\hasibul shaikh\Documents\Car_Color_Detection_AI\data\raw\archive (6)\train\black\b369040c39.jpg,black,1
c:\Users\hasibul shaikh\Documents\Car_Color_Detection_AI\data\raw\archive (6)\val\green\7ed1484692.jpg,green,5
c:\Users\hasibul shaikh\Documents\Car_Color_Detection_AI\data\raw\archive (6)\train\blue\00e4a51c20.jpg,blue,2
c:\Users\hasibul shaikh\Documents\Car_Color_Detection_AI\data\raw\archive (6)\train\silver\4123415d8d.jpg,silver,11
c:\Users\hasibul shaikh\Documents\Car_Color_Detection_AI\data\raw\archive (6)\train\pink\71ef1a6f04.jpg,pink,8
c:\Users\hasibul shaikh\Documents\Car_Color_Detection_AI\data\raw\archive (6)\train\pink\71ae252868.jpg,pink,8
c:\Users\hasibul shaikh\Documents\Car_Color_Detection_AI\data\raw\archive (6)\train\blue\5637d2a0ee.jpg,blue,2
c:\Users\hasibul shaikh\Documents\Car_Color_Detection_AI\data\raw\archive (6)\train\brown\c395411663.jpg,brown,3
c:\Users\hasibul shaikh\Documents\Car_Color_Detection_AI\data\raw\archive (6)\train\red\02299f3e37.jpg,red,10
c:\Users\hasibul shaikh\Documents\Car_Color_Detection_AI\data\raw\archive (6)\train\green\02d6a6b85d.jpg,green,5
c:\Users\hasibul shaikh\Documents\Car_Color_Detection_AI\data\raw\archive (6)\train\blue\a63eeeef72.jpg,blue,2
c:\Users\hasibul shaikh\Documents\Car_Color_Detection_AI\data\raw\archive (6)\train\beige\9b33fb8385.jpg,beige,0
c:\Users\hasibul shaikh\Documents\Car_Color_Detection_AI\data\raw\archive (6)\test\blue\4771f70933.jpg,blue,2
c:\Users\hasibul shaikh\Documents\Car_Color_Detection_AI\data\raw\archive (6)\train\beige\56a084233f.jpg,beige,0
c:\Users\hasibul shaikh\Documents\Car_Color_Detection_AI\data\raw\archive (6)\test\blue\7fac0b4920.jpg,blue,2
c:\Users\hasibul shaikh\Documents\Car_Color_Detection_AI\data\raw\archive (6)\train\blue\831587b2bc.jpg,blue,2
c:\Users\hasibul shaikh\Documents\Car_Color_Detection_AI\data\raw\archive (6)\train\red\a059b03191.jpg,red,10
c:\Users\hasibul shaikh\Documents\Car_Color_Detection_AI\data\raw\archive (6)\val\purple\78ddd0d8c1.jpg,purple,9
c:\Users\hasibul shaikh\Documents\Car_Color_Detection_AI\data\raw\archive (6)\train\beige\3cd2325e5f.jpg,beige,0
c:\Users\hasibul shaikh\Documents\Car_Color_Detection_AI\data\raw\archive (6)\train\blue\22c8caea44.jpg,blue,2
c:\Users\hasibul shaikh\Documents\Car_Color_Detection_AI\data\raw\archive (6)\test\purple\179b89dea3.jpg,purple,9
c:\Users\hasibul shaikh\Documents\Car_Color_Detection_AI\data\raw\archive (6)\test\green\501a92a709.jpg,green,5
c:\Users\hasibul shaikh\Documents\Car_Color_Detection_AI\data\raw\archive (6)\val\black\27c53b572c.jpg,black,1
c:\Users\hasibul shaikh\Documents\Car_Color_Detection_AI\data\raw\archive (6)\train\blue\39dd6aae40.jpg,blue,2
c:\Users\hasibul shaikh\Documents\Car_Color_Detection_AI\data\raw\archive (6)\val\yellow\86a878b661.jpg,yellow,14
c:\Users\hasibul shaikh\Documents\Car_Color_Detection_AI\data\raw\archive (6)\train\green\8e00469e59.jpg,green,5
c:\Users\hasibul shaikh\Documents\Car_Color_Detection_AI\data\raw\archive (6)\train\orange\db7c3e5e3e.jpg,orange,7
c:\Users\hasibul shaikh\Documents\Car_Color_Detection_AI\data\raw\archive (6)\train\brown\decead0707.jpg,brown,3
c:\Users\hasibul shaikh\Documents\Car_Color_Detection_AI\data\raw\archive (6)\train\red\3dad63a31f.jpg,red,10
c:\Users\hasibul shaikh\Documents\Car_Color_Detection_AI\data\raw\archive (6)\train\purple\250a5447de.jpg,purple,9
c:\Users\hasibul shaikh\Documents\Car_Color_Detection_AI\data\raw\archive (6)\train\silver\ab10895961.jpg,silver,11
c:\Users\hasibul shaikh\Documents\Car_Color_Detection_AI\data\raw\archive (6)\test\tan\d32845bf60.jpg,tan,12
c:\Users\hasibul shaikh\Documents\Car_Color_Detection_AI\data\raw\archive (6)\test\white\b5a75694a5.jpg,white,13
c:\Users\hasibul shaikh\Documents\Car_Color_Detection_AI\data\raw\archive (6)\val\yellow\dfdb1e1dfe.jpg,yellow,14
c:\Users\hasibul shaikh\Documents\Car_Color_Detection_AI\data\raw\archive (6)\train\blue\35a22bc419.jpg,blue,2
c:\Users\hasibul shaikh\Documents\Car_Color_Detection_AI\data\raw\archive (6)\train\blue\fb56783e0a.jpg,blue,2
c:\Users\hasibul shaikh\Documents\Car_Color_Detection_AI\data\raw\archive (6)\train\pink\0e87f8cfb2.jpg,pink,8
c:\Users\hasibul shaikh\Documents\Car_Color_Detection_AI\data\raw\archive (6)\train\purple\8db4487d53.jpg,purple,9
c:\Users\hasibul shaikh\Documents\Car_Color_Detection_AI\data\raw\archive (6)\test\gold\74c41b0031.jpg,gold,4
c:\Users\hasibul shaikh\Documents\Car_Color_Detection_AI\data\raw\archive (6)\train\tan\60b98e62be.jpg,tan,12
c:\Users\hasibul shaikh\Documents\Car_Color_Detection_AI\data\raw\archive (6)\train\red\37e85315c7.jpg,red,10
c:\Users\hasibul shaikh\Documents\Car_Color_Detection_AI\data\raw\archive (6)\train\pink\8ae1a7305a.jpg,pink,8
c:\Users\hasibul shaikh\Documents\Car_Color_Detection_AI\data\raw\archive (6)\train\gold\9172726d83.jpg,gold,4
c:\Users\hasibul shaikh\Documents\Car_Color_Detection_AI\data\raw\archive (6)\train\white\39ca107d89.jpg,white,13
c:\Users\hasibul shaikh\Documents\Car_Color_Detection_AI\data\raw\archive (6)\val\beige\f63a398e5a.jpg,beige,0
c:\Users\hasibul shaikh\Documents\Car_Color_Detection_AI\data\raw\archive (6)\train\blue\965534f85b.jpg,blue,2
c:\Users\hasibul shaikh\Documents\Car_Color_Detection_AI\data\raw\archive (6)\train\silver\2811dd8f86.jpg,silver,11
c:\Users\hasibul shaikh\Documents\Car_Color_Detection_AI\data\raw\archive (6)\train\purple\73db700c7e.jpg,purple,9
c:\Users\hasibul shaikh\Documents\Car_Color_Detection_AI\data\raw\archive (6)\train\blue\b1c77e1c63.jpg,blue,2
c:\Users\hasibul shaikh\Documents\Car_Color_Detection_AI\data\raw\archive (6)\train\pink\db1b8bb623.jpg,pink,8
c:\Users\hasibul shaikh\Documents\Car_Color_Detection_AI\data\raw\archive (6)\val\beige\b972d40324.jpg,beige,0
c:\Users\hasibul shaikh\Documents\Car_Color_Detection_AI\data\raw\archive (6)\val\red\923729d82c.jpg,red,10
c:\Users\hasibul shaikh\Documents\Car_Color_Detection_AI\data\raw\archive (6)\train\red\0033ba4892.jpg,red,10
c:\Users\hasibul shaikh\Documents\Car_Color_Detection_AI\data\raw\archive (6)\train\orange\04e32e633f.jpg,orange,7
c:\Users\hasibul shaikh\Documents\Car_Color_Detection_AI\data\raw\archive (6)\train\red\5c1732074f.jpg,red,10
c:\Users\hasibul shaikh\Documents\Car_Color_Detection_AI\data\raw\archive (6)\train\purple\8e21fdd1e7.jpg,purple,9
c:\Users\hasibul shaikh\Documents\Car_Color_Detection_AI\data\raw\archive (6)\train\yellow\0bfc66d916.jpg,yellow,14
c:\Users\hasibul shaikh\Documents\Car_Color_Detection_AI\data\raw\archive (6)\train\pink\7f4b01a740.jpg,pink,8
c:\Users\hasibul shaikh\Documents\Car_Color_Detection_AI\data\raw\archive (6)\train\red\4d40c7a864.jpg,red,10
c:\Users\hasibul shaikh\Documents\Car_Color_Detection_AI\data\raw\archive (6)\train\yellow\d18cea4f3a.jpg,yellow,14
c:\Users\hasibul shaikh\Documents\Car_Color_Detection_AI\data\raw\archive (6)\train\grey\dc84a5bc0b.jpg,grey,6
c:\Users\hasibul shaikh\Documents\Car_Color_Detection_AI\data\raw\archive (6)\test\yellow\ea952123e7.jpg,yellow,14
c:\Users\hasibul shaikh\Documents\Car_Color_Detection_AI\data\raw\archive (6)\val\pink\b5e1ae92fb.jpg,pink,8
c:\Users\hasibul shaikh\Documents\Car_Color_Detection_AI\data\raw\archive (6)\train\blue\d237c2a20b.jpg,blue,2
c:\Users\hasibul shaikh\Documents\Car_Color_Detection_AI\data\raw\archive (6)\train\orange\424263fa26.jpg,orange,7
c:\Users\hasibul shaikh\Documents\Car_Color_Detection_AI\data\raw\archive (6)\val\brown\6943c08094.jpg,brown,3
c:\Users\hasibul shaikh\Documents\Car_Color_Detection_AI\data\raw\archive (6)\train\grey\37699a2157.jpg,grey,6
c:\Users\hasibul shaikh\Documents\Car_Color_Detection_AI\data\raw\archive (6)\train\grey\1929a358d5.jpg,grey,6
c:\Users\hasibul shaikh\Documents\Car_Color_Detection_AI\data\raw\archive (6)\train\green\7ebcdbf187.jpg,green,5
c:\Users\hasibul shaikh\Documents\Car_Color_Detection_AI\data\raw\archive (6)\train\blue\0dabad452a.jpg,blue,2
c:\Users\hasibul shaikh\Documents\Car_Color_Detection_AI\data\raw\archive (6)\val\pink\aa876177b8.jpg,pink,8
c:\Users\hasibul shaikh\Documents\Car_Color_Detection_AI\data\raw\archive (6)\train\yellow\3af3a2d4d8.jpg,yellow,14
c:\Users\hasibul shaikh\Documents\Car_Color_Detection_AI\data\raw\archive (6)\val\yellow\eac27e878d.jpg,yellow,14
c:\Users\hasibul shaikh\Documents\Car_Color_Detection_AI\data\raw\archive (6)\train\red\0f32ed48c3.jpg,red,10
c:\Users\hasibul shaikh\Documents\Car_Color_Detection_AI\data\raw\archive (6)\train\green\661081b45e.jpg,green,5
c:\Users\hasibul shaikh\Documents\Car_Color_Detection_AI\data\raw\archive (6)\train\orange\0700e4ae6a.jpg,orange,7
c:\Users\hasibul shaikh\Documents\Car_Color_Detection_AI\data\raw\archive (6)\train\beige\b9ad6515ee.jpg,beige,0
c:\Users\hasibul shaikh\Documents\Car_Color_Detection_AI\data\raw\archive (6)\train\tan\3d31b3c34d.jpg,tan,12
c:\Users\hasibul shaikh\Documents\Car_Color_Detection_AI\data\raw\archive (6)\train\brown\e1befd4f3f.jpg,brown,3
c:\Users\hasibul shaikh\Documents\Car_Color_Detection_AI\data\raw\archive (6)\train\red\1a596af775.jpg,red,10
c:\Users\hasibul shaikh\Documents\Car_Color_Detection_AI\data\raw\archive (6)\train\white\dd18dfa056.jpg,white,13
c:\Users\hasibul shaikh\Documents\Car_Color_Detection_AI\data\raw\archive (6)\test\silver\fc1b3f7447.jpg,silver,11
c:\Users\hasibul shaikh\Documents\Car_Color_Detection_AI\data\raw\archive (6)\train\grey\770c8dd86c.jpg,grey,6
c:\Users\hasibul shaikh\Documents\Car_Color_Detection_AI\data\raw\archive (6)\train\white\f1a8f94b56.jpg,white,13
c:\Users\hasibul shaikh\Documents\Car_Color_Detection_AI\data\raw\archive (6)\train\red\3cf4a430c8.jpg,red,10
c:\Users\hasibul shaikh\Documents\Car_Color_Detection_AI\data\raw\archive (6)\train\white\9c7c690aba.jpg,white,13
c:\Users\hasibul shaikh\Documents\Car_Color_Detection_AI\data\raw\archive (6)\train\silver\e7d9728d08.jpg,silver,11
c:\Users\hasibul shaikh\Documents\Car_Color_Detection_AI\data\raw\archive (6)\test\beige\68bdcdac5f.jpg,beige,0
c:\Users\hasibul shaikh\Documents\Car_Color_Detection_AI\data\raw\archive (6)\test\orange\1104c21047.jpg,orange,7
c:\Users\hasibul shaikh\Documents\Car_Color_Detection_AI\data\raw\archive (6)\train\black\443ca9520b.jpg,black,1
c:\Users\hasibul shaikh\Documents\Car_Color_Detection_AI\data\raw\archive (6)\train\orange\c9a5eedccf.jpg,orange,7
c:\Users\hasibul shaikh\Documents\Car_Color_Detection_AI\data\raw\archive (6)\val\tan\fd3def1a95.jpg,tan,12
c:\Users\hasibul shaikh\Documents\Car_Color_Detection_AI\data\raw\archive (6)\train\blue\01bcc025c5.jpg,blue,2
c:\Users\hasibul shaikh\Documents\Car_Color_Detection_AI\data\raw\archive (6)\val\blue\3c51e0a8e1.jpg,blue,2
c:\Users\hasibul shaikh\Documents\Car_Color_Detection_AI\data\raw\archive (6)\test\blue\a5a331438d.jpg,blue,2
c:\Users\hasibul shaikh\Documents\Car_Color_Detection_AI\data\raw\archive (6)\val\purple\a335934cdf.jpg,purple,9
c:\Users\hasibul shaikh\Documents\Car_Color_Detection_AI\data\raw\archive (6)\train\green\b9241dfff0.jpg,green,5
c:\Users\hasibul shaikh\Documents\Car_Color_Detection_AI\data\raw\archive (6)\train\brown\bb33b3fcc2.jpg,brown,3
c:\Users\hasibul shaikh\Documents\Car_Color_Detection_AI\data\raw\archive (6)\train\blue\53743fcefb.jpg,blue,2
c:\Users\hasibul shaikh\Documents\Car_Color_Detection_AI\data\raw\archive (6)\train\green\df92757b73.jpg,green,5
c:\Users\hasibul shaikh\Documents\Car_Color_Detection_AI\data\raw\archive (6)\train\purple\9783dcbf51.jpg,purple,9
c:\Users\hasibul shaikh\Documents\Car_Color_Detection_AI\data\raw\archive (6)\train\brown\aea5d414a0.jpg,brown,3
c:\Users\hasibul shaikh\Documents\Car_Color_Detection_AI\data\raw\archive (6)\train\tan\54961d5352.jpg,tan,12
c:\Users\hasibul shaikh\Documents\Car_Color_Detection_AI\data\raw\archive (6)\train\yellow\6cdda1e5a3.jpg,yellow,14
c:\Users\hasibul shaikh\Documents\Car_Color_Detection_AI\data\raw\archive (6)\test\black\4a55ddbfae.jpg,black,1
c:\Users\hasibul shaikh\Documents\Car_Color_Detection_AI\data\raw\archive (6)\val\red\d2a8771780.jpg,red,10
c:\Users\hasibul shaikh\Documents\Car_Color_Detection_AI\data\raw\archive (6)\val\blue\1fc8147699.jpg,blue,2
c:\Users\hasibul shaikh\Documents\Car_Color_Detection_AI\data\raw\archive (6)\train\purple\bdc77e3b4a.jpg,purple,9
c:\Users\hasibul shaikh\Documents\Car_Color_Detection_AI\data\raw\archive (6)\test\beige\5d556e361e.jpg,beige,0
c:\Users\hasibul shaikh\Documents\Car_Color_Detection_AI\data\raw\archive (6)\test\green\7fdecd10a4.jpg,green,5
c:\Users\hasibul shaikh\Documents\Car_Color_Detection_AI\data\raw\archive (6)\train\blue\ec6c9a0969.jpg,blue,2
c:\Users\hasibul shaikh\Documents\Car_Color_Detection_AI\data\raw\archive (6)\train\beige\386071aa57.jpg,beige,0
c:\Users\hasibul shaikh\Documents\Car_Color_Detection_AI\data\raw\archive (6)\train\green\2e62a4cf1a.jpg,green,5
c:\Users\hasibul shaikh\Documents\Car_Color_Detection_AI\data\raw\archive (6)\train\black\95dff32977.jpg,black,1
c:\Users\hasibul shaikh\Documents\Car_Color_Detection_AI\data\raw\archive (6)\train\red\22a41c82fe.jpg,red,10
c:\Users\hasibul shaikh\Documents\Car_Color_Detection_AI\data\raw\archive (6)\test\blue\fc673103fb.jpg,blue,2
c:\Users\hasibul shaikh\Documents\Car_Color_Detection_AI\data\raw\archive (6)\train\yellow\8f4668651a.jpg,yellow,14
c:\Users\hasibul shaikh\Documents\Car_Color_Detection_AI\data\raw\archive (6)\train\silver\bfcade8098.jpg,silver,11
c:\Users\hasibul shaikh\Documents\Car_Color_Detection_AI\data\raw\archive (6)\train\purple\7d5d6a5b6a.jpg,purple,9
c:\Users\hasibul shaikh\Documents\Car_Color_Detection_AI\data\raw\archive (6)\test\silver\d916dda9b6.jpg,silver,11
c:\Users\hasibul shaikh\Documents\Car_Color_Detection_AI\data\raw\archive (6)\train\purple\32d1ae55e4.jpg,purple,9
c:\Users\hasibul shaikh\Documents\Car_Color_Detection_AI\data\raw\archive (6)\train\purple\43c8d2ea5a.jpg,purple,9
c:\Users\hasibul shaikh\Documents\Car_Color_Detection_AI\data\raw\archive (6)\train\blue\c437b37436.jpg,blue,2
c:\Users\hasibul shaikh\Documents\Car_Color_Detection_AI\data\raw\archive (6)\train\orange\0034c7c751.jpg,orange,7
c:\Users\hasibul shaikh\Documents\Car_Color_Detection_AI\data\raw\archive (6)\train\yellow\9d5121737d.jpg,yellow,14
c:\Users\hasibul shaikh\Documents\Car_Color_Detection_AI\data\raw\archive (6)\train\green\0d7d15b6d1.jpg,green,5
c:\Users\hasibul shaikh\Documents\Car_Color_Detection_AI\data\raw\archive (6)\val\yellow\5138ad1e3b.jpg,yellow,14
c:\Users\hasibul shaikh\Documents\Car_Color_Detection_AI\data\raw\archive (6)\train\red\39e90667c2.jpg,red,10
c:\Users\hasibul shaikh\Documents\Car_Color_Detection_AI\data\raw\archive (6)\train\pink\f642f238bd.jpg,pink,8
c:\Users\hasibul shaikh\Documents\Car_Color_Detection_AI\data\raw\archive (6)\train\grey\5c4655bda1.jpg,grey,6
c:\Users\hasibul shaikh\Documents\Car_Color_Detection_AI\data\raw\archive (6)\train\white\a9a7fe5efb.jpg,white,13
c:\Users\hasibul shaikh\Documents\Car_Color_Detection_AI\data\raw\archive (6)\train\gold\4d6c0f8340.jpg,gold,4
c:\Users\hasibul shaikh\Documents\Car_Color_Detection_AI\data\raw\archive (6)\train\orange\15759d45d0.jpg,orange,7
c:\Users\hasibul shaikh\Documents\Car_Color_Detection_AI\data\raw\archive (6)\train\green\ee481d943a.jpg,green,5
c:\Users\hasibul shaikh\Documents\Car_Color_Detection_AI\data\raw\archive (6)\train\brown\4e8968ea26.jpg,brown,3
c:\Users\hasibul shaikh\Documents\Car_Color_Detection_AI\data\raw\archive (6)\train\pink\55343cea67.jpg,pink,8
c:\Users\hasibul shaikh\Documents\Car_Color_Detection_AI\data\raw\archive (6)\train\tan\46f3ff0165.jpg,tan,12
c:\Users\hasibul shaikh\Documents\Car_Color_Detection_AI\data\raw\archive (6)\val\beige\10cfeffb48.jpg,beige,0
c:\Users\hasibul shaikh\Documents\Car_Color_Detection_AI\data\raw\archive (6)\train\yellow\4f39d2ce5f.jpg,yellow,14
c:\Users\hasibul shaikh\Documents\Car_Color_Detection_AI\data\raw\archive (6)\train\black\18ada56e81.jpg,black,1
c:\Users\hasibul shaikh\Documents\Car_Color_Detection_AI\data\raw\archive (6)\train\yellow\c2a6b5ddd2.jpg,yellow,14
c:\Users\hasibul shaikh\Documents\Car_Color_Detection_AI\data\raw\archive (6)\train\green\1056476eb6.jpg,green,5
c:\Users\hasibul shaikh\Documents\Car_Color_Detection_AI\data\raw\archive (6)\train\yellow\6e6ff9ccc4.jpg,yellow,14
c:\Users\hasibul shaikh\Documents\Car_Color_Detection_AI\data\raw\archive (6)\train\green\15890641f8.jpg,green,5
c:\Users\hasibul shaikh\Documents\Car_Color_Detection_AI\data\raw\archive (6)\train\yellow\c54484e803.jpg,yellow,14
c:\Users\hasibul shaikh\Documents\Car_Color_Detection_AI\data\raw\archive (6)\val\pink\0dd4110efd.jpg,pink,8
c:\Users\hasibul shaikh\Documents\Car_Color_Detection_AI\data\raw\archive (6)\train\beige\763952921a.jpg,beige,0
c:\Users\hasibul shaikh\Documents\Car_Color_Detection_AI\data\raw\archive (6)\train\brown\37ea210b1b.jpg,brown,3
c:\Users\hasibul shaikh\Documents\Car_Color_Detection_AI\data\raw\archive (6)\train\silver\ba452d9ec1.jpg,silver,11
c:\Users\hasibul shaikh\Documents\Car_Color_Detection_AI\data\raw\archive (6)\train\blue\d488780780.jpg,blue,2
c:\Users\hasibul shaikh\Documents\Car_Color_Detection_AI\data\raw\archive (6)\train\green\eb390c8199.jpg,green,5
c:\Users\hasibul shaikh\Documents\Car_Color_Detection_AI\data\raw\archive (6)\train\pink\ee60436498.jpg,pink,8
c:\Users\hasibul shaikh\Documents\Car_Color_Detection_AI\data\raw\archive (6)\val\white\035c1b4da5.jpg,white,13
c:\Users\hasibul shaikh\Documents\Car_Color_Detection_AI\data\raw\archive (6)\train\blue\524c1aa965.jpg,blue,2
c:\Users\hasibul shaikh\Documents\Car_Color_Detection_AI\data\raw\archive (6)\train\orange\ae19b97ef9.jpg,orange,7
c:\Users\hasibul shaikh\Documents\Car_Color_Detection_AI\data\raw\archive (6)\train\silver\3405243530.jpg,silver,11
c:\Users\hasibul shaikh\Documents\Car_Color_Detection_AI\data\raw\archive (6)\test\black\367a6f7575.jpg,black,1
c:\Users\hasibul shaikh\Documents\Car_Color_Detection_AI\data\raw\archive (6)\train\orange\31681ef698.jpg,orange,7
c:\Users\hasibul shaikh\Documents\Car_Color_Detection_AI\data\raw\archive (6)\test\brown\4d3bf6356e.jpg,brown,3
c:\Users\hasibul shaikh\Documents\Car_Color_Detection_AI\data\raw\archive (6)\test\green\1b203c6b70.jpg,green,5
c:\Users\hasibul shaikh\Documents\Car_Color_Detection_AI\data\raw\archive (6)\train\gold\4f558388be.jpg,gold,4
c:\Users\hasibul shaikh\Documents\Car_Color_Detection_AI\data\raw\archive (6)\train\brown\a001765daf.jpg,brown,3
c:\Users\hasibul shaikh\Documents\Car_Color_Detection_AI\data\raw\archive (6)\train\purple\0cc7ced92d.jpg,purple,9
c:\Users\hasibul shaikh\Documents\Car_Color_Detection_AI\data\raw\archive (6)\train\white\a5769e6682.jpg,white,13
c:\Users\hasibul shaikh\Documents\Car_Color_Detection_AI\data\raw\archive (6)\train\pink\145b9e9d04.jpg,pink,8
c:\Users\hasibul shaikh\Documents\Car_Color_Detection_AI\data\raw\archive (6)\train\grey\5971f5fda7.jpg,grey,6
c:\Users\hasibul shaikh\Documents\Car_Color_Detection_AI\data\raw\archive (6)\train\brown\08644c284c.jpg,brown,3
c:\Users\hasibul shaikh\Documents\Car_Color_Detection_AI\data\raw\archive (6)\train\beige\f3607cfd3d.jpg,beige,0
c:\Users\hasibul shaikh\Documents\Car_Color_Detection_AI\data\raw\archive (6)\train\brown\e699d7b010.jpg,brown,3
c:\Users\hasibul shaikh\Documents\Car_Color_Detection_AI\data\raw\archive (6)\test\silver\643e4b08bf.jpg,silver,11
c:\Users\hasibul shaikh\Documents\Car_Color_Detection_AI\data\raw\archive (6)\train\purple\a5262984bf.jpg,purple,9
c:\Users\hasibul shaikh\Documents\Car_Color_Detection_AI\data\raw\archive (6)\train\white\36a0c44e94.jpg,white,13
c:\Users\hasibul shaikh\Documents\Car_Color_Detection_AI\data\raw\archive (6)\train\blue\01b4202a1f.jpg,blue,2
c:\Users\hasibul shaikh\Documents\Car_Color_Detection_AI\data\raw\archive (6)\train\red\98c8c031c3.jpg,red,10
c:\Users\hasibul shaikh\Documents\Car_Color_Detection_AI\data\raw\archive (6)\train\purple\99f9e98bd6.jpg,purple,9
c:\Users\hasibul shaikh\Documents\Car_Color_Detection_AI\data\raw\archive (6)\train\orange\ca56723cae.jpg,orange,7
c:\Users\hasibul shaikh\Documents\Car_Color_Detection_AI\data\raw\archive (6)\test\grey\c0fc83a598.jpg,grey,6
c:\Users\hasibul shaikh\Documents\Car_Color_Detection_AI\data\raw\archive (6)\train\brown\71fe38f18f.jpg,brown,3
c:\Users\hasibul shaikh\Documents\Car_Color_Detection_AI\data\raw\archive (6)\train\grey\f07db20747.jpg,grey,6
c:\Users\hasibul shaikh\Documents\Car_Color_Detection_AI\data\raw\archive (6)\test\black\b96ede8a64.jpg,black,1
c:\Users\hasibul shaikh\Documents\Car_Color_Detection_AI\data\raw\archive (6)\test\grey\3e4d8fba56.jpg,grey,6
c:\Users\hasibul shaikh\Documents\Car_Color_Detection_AI\data\raw\archive (6)\train\yellow\da363c255c.jpg,yellow,14
c:\Users\hasibul shaikh\Documents\Car_Color_Detection_AI\data\raw\archive (6)\train\brown\606ce753ad.jpg,brown,3
c:\Users\hasibul shaikh\Documents\Car_Color_Detection_AI\data\raw\archive (6)\val\blue\80bce01083.jpg,blue,2
c:\Users\hasibul shaikh\Documents\Car_Color_Detection_AI\data\raw\archive (6)\test\beige\da16b75aa9.jpg,beige,0
c:\Users\hasibul shaikh\Documents\Car_Color_Detection_AI\data\raw\archive (6)\train\blue\6b62ab4388.jpg,blue,2
c:\Users\hasibul shaikh\Documents\Car_Color_Detection_AI\data\raw\archive (6)\val\beige\f15b794ac5.jpg,beige,0
c:\Users\hasibul shaikh\Documents\Car_Color_Detection_AI\data\raw\archive (6)\train\pink\d4efe964f0.jpg,pink,8
c:\Users\hasibul shaikh\Documents\Car_Color_Detection_AI\data\raw\archive (6)\train\black\d73feb1404.jpg,black,1
c:\Users\hasibul shaikh\Documents\Car_Color_Detection_AI\data\raw\archive (6)\train\red\671936db27.jpg,red,10
c:\Users\hasibul shaikh\Documents\Car_Color_Detection_AI\data\raw\archive (6)\val\orange\2defbd2402.jpg,orange,7
c:\Users\hasibul shaikh\Documents\Car_Color_Detection_AI\data\raw\archive (6)\test\gold\de23400551.jpg,gold,4
c:\Users\hasibul shaikh\Documents\Car_Color_Detection_AI\data\raw\archive (6)\train\blue\45a0aed2b8.jpg,blue,2
c:\Users\hasibul shaikh\Documents\Car_Color_Detection_AI\data\raw\archive (6)\test\blue\00be3db68c.jpg,blue,2
c:\Users\hasibul shaikh\Documents\Car_Color_Detection_AI\data\raw\archive (6)\train\orange\87316a5ba7.jpg,orange,7
c:\Users\hasibul shaikh\Documents\Car_Color_Detection_AI\data\raw\archive (6)\train\white\7b1509c239.jpg,white,13
c:\Users\hasibul shaikh\Documents\Car_Color_Detection_AI\data\raw\archive (6)\train\blue\c8b70d0877.jpg,blue,2
c:\Users\hasibul shaikh\Documents\Car_Color_Detection_AI\data\raw\archive (6)\train\white\560aa0f9b6.jpg,white,13
c:\Users\hasibul shaikh\Documents\Car_Color_Detection_AI\data\raw\archive (6)\train\black\36ae2f1ab4.jpg,black,1
c:\Users\hasibul shaikh\Documents\Car_Color_Detection_AI\data\raw\archive (6)\test\white\fbf7557f3f.jpg,white,13
c:\Users\hasibul shaikh\Documents\Car_Color_Detection_AI\data\raw\archive (6)\train\brown\6d6384a08f.jpg,brown,3
c:\Users\hasibul shaikh\Documents\Car_Color_Detection_AI\data\raw\archive (6)\val\yellow\1c15ede585.jpg,yellow,14
c:\Users\hasibul shaikh\Documents\Car_Color_Detection_AI\data\raw\archive (6)\test\purple\d463bcb075.jpg,purple,9
c:\Users\hasibul shaikh\Documents\Car_Color_Detection_AI\data\raw\archive (6)\val\brown\2512c831f3.jpg,brown,3
c:\Users\hasibul shaikh\Documents\Car_Color_Detection_AI\data\raw\archive (6)\train\purple\ee090af3f5.jpg,purple,9
c:\Users\hasibul shaikh\Documents\Car_Color_Detection_AI\data\raw\archive (6)\train\orange\b6479825a7.jpg,orange,7
c:\Users\hasibul shaikh\Documents\Car_Color_Detection_AI\data\raw\archive (6)\train\pink\11040776f0.jpg,pink,8
c:\Users\hasibul shaikh\Documents\Car_Color_Detection_AI\data\raw\archive (6)\train\silver\32e868a0f0.jpg,silver,11
c:\Users\hasibul shaikh\Documents\Car_Color_Detection_AI\data\raw\archive (6)\train\pink\3d13aa5184.jpg,pink,8
c:\Users\hasibul shaikh\Documents\Car_Color_Detection_AI\data\raw\archive (6)\train\purple\8251ba0bfc.jpg,purple,9
c:\Users\hasibul shaikh\Documents\Car_Color_Detection_AI\data\raw\archive (6)\val\orange\62164370e4.jpg,orange,7
c:\Users\hasibul shaikh\Documents\Car_Color_Detection_AI\data\raw\archive (6)\train\black\42b8fae226.jpg,black,1
c:\Users\hasibul shaikh\Documents\Car_Color_Detection_AI\data\raw\archive (6)\test\yellow\3604eb8fd2.jpg,yellow,14
c:\Users\hasibul shaikh\Documents\Car_Color_Detection_AI\data\raw\archive (6)\train\black\0c4482d9cc.jpg,black,1
c:\Users\hasibul shaikh\Documents\Car_Color_Detection_AI\data\raw\archive (6)\train\red\1b19929da0.jpg,red,10
c:\Users\hasibul shaikh\Documents\Car_Color_Detection_AI\data\raw\archive (6)\train\yellow\b01942afac.jpg,yellow,14
c:\Users\hasibul shaikh\Documents\Car_Color_Detection_AI\data\raw\archive (6)\train\brown\f70d2f0aac.jpg,brown,3
c:\Users\hasibul shaikh\Documents\Car_Color_Detection_AI\data\raw\archive (6)\train\silver\b37870a3b7.jpg,silver,11
c:\Users\hasibul shaikh\Documents\Car_Color_Detection_AI\data\raw\archive (6)\train\red\b594ede9e7.jpg,red,10
c:\Users\hasibul shaikh\Documents\Car_Color_Detection_AI\data\raw\archive (6)\train\yellow\cb0a03f9b0.jpg,yellow,14
c:\Users\hasibul shaikh\Documents\Car_Color_Detection_AI\data\raw\archive (6)\train\brown\cf0d0d7e7c.jpg,brown,3
c:\Users\hasibul shaikh\Documents\Car_Color_Detection_AI\data\raw\archive (6)\val\black\ea8b91194d.jpg,black,1
c:\Users\hasibul shaikh\Documents\Car_Color_Detection_AI\data\raw\archive (6)\train\white\efe283fe1a.jpg,white,13
c:\Users\hasibul shaikh\Documents\Car_Color_Detection_AI\data\raw\archive (6)\train\green\a0b1dc77a9.jpg,green,5
c:\Users\hasibul shaikh\Documents\Car_Color_Detection_AI\data\raw\archive (6)\test\purple\50b1734971.jpg,purple,9
c:\Users\hasibul shaikh\Documents\Car_Color_Detection_AI\data\raw\archive (6)\val\blue\9324e8f87f.jpg,blue,2
c:\Users\hasibul shaikh\Documents\Car_Color_Detection_AI\data\raw\archive (6)\train\beige\ea0b27d5dc.jpg,beige,0
c:\Users\hasibul shaikh\Documents\Car_Color_Detection_AI\data\raw\archive (6)\train\green\af072a7c46.jpg,green,5
c:\Users\hasibul shaikh\Documents\Car_Color_Detection_AI\data\raw\archive (6)\val\red\d285f0d16f.jpg,red,10
c:\Users\hasibul shaikh\Documents\Car_Color_Detection_AI\data\raw\archive (6)\val\beige\5176084c80.jpg,beige,0
c:\Users\hasibul shaikh\Documents\Car_Color_Detection_AI\data\raw\archive (6)\test\orange\a57ca5b5f8.jpg,orange,7
c:\Users\hasibul shaikh\Documents\Car_Color_Detection_AI\data\raw\archive (6)\train\grey\85e8c82a4f.jpg,grey,6
c:\Users\hasibul shaikh\Documents\Car_Color_Detection_AI\data\raw\archive (6)\train\grey\40ef94c53f.jpg,grey,6
c:\Users\hasibul shaikh\Documents\Car_Color_Detection_AI\data\raw\archive (6)\val\tan\08f52c7e3a.jpg,tan,12
c:\Users\hasibul shaikh\Documents\Car_Color_Detection_AI\data\raw\archive (6)\train\purple\c65eb0ed94.jpg,purple,9
c:\Users\hasibul shaikh\Documents\Car_Color_Detection_AI\data\raw\archive (6)\train\green\7d6d34606e.jpg,green,5
c:\Users\hasibul shaikh\Documents\Car_Color_Detection_AI\data\raw\archive (6)\train\black\6fed68b4f3.jpg,black,1
c:\Users\hasibul shaikh\Documents\Car_Color_Detection_AI\data\raw\archive (6)\train\red\4eccf88582.jpg,red,10
c:\Users\hasibul shaikh\Documents\Car_Color_Detection_AI\data\raw\archive (6)\train\white\b11eb17665.jpg,white,13
c:\Users\hasibul shaikh\Documents\Car_Color_Detection_AI\data\raw\archive (6)\train\green\adfd44a6b2.jpg,green,5
c:\Users\hasibul shaikh\Documents\Car_Color_Detection_AI\data\raw\archive (6)\val\yellow\2a8bcf4bcf.jpg,yellow,14
c:\Users\hasibul shaikh\Documents\Car_Color_Detection_AI\data\raw\archive (6)\test\white\05beec100f.jpg,white,13
c:\Users\hasibul shaikh\Documents\Car_Color_Detection_AI\data\raw\archive (6)\train\white\08c22b9fed.jpg,white,13
c:\Users\hasibul shaikh\Documents\Car_Color_Detection_AI\data\raw\archive (6)\train\orange\4d4e9d5692.jpg,orange,7
c:\Users\hasibul shaikh\Documents\Car_Color_Detection_AI\data\raw\archive (6)\val\purple\4c955df296.jpg,purple,9
c:\Users\hasibul shaikh\Documents\Car_Color_Detection_AI\data\raw\archive (6)\train\yellow\3ba5fce570.jpg,yellow,14
c:\Users\hasibul shaikh\Documents\Car_Color_Detection_AI\data\raw\archive (6)\test\blue\f1dad78a6b.jpg,blue,2
c:\Users\hasibul shaikh\Documents\Car_Color_Detection_AI\data\raw\archive (6)\test\gold\d849d16393.jpg,gold,4
c:\Users\hasibul shaikh\Documents\Car_Color_Detection_AI\data\raw\archive (6)\val\grey\4d0e3132b3.jpg,grey,6
c:\Users\hasibul shaikh\Documents\Car_Color_Detection_AI\data\raw\archive (6)\train\silver\d0e6018f26.jpg,silver,11
c:\Users\hasibul shaikh\Documents\Car_Color_Detection_AI\data\raw\archive (6)\test\green\b2805a33f5.jpg,green,5
c:\Users\hasibul shaikh\Documents\Car_Color_Detection_AI\data\raw\archive (6)\train\blue\dbda3025df.jpg,blue,2
c:\Users\hasibul shaikh\Documents\Car_Color_Detection_AI\data\raw\archive (6)\train\orange\b453dbfaff.jpg,orange,7
c:\Users\hasibul shaikh\Documents\Car_Color_Detection_AI\data\raw\archive (6)\train\brown\04d55cb472.jpg,brown,3
c:\Users\hasibul shaikh\Documents\Car_Color_Detection_AI\data\raw\archive (6)\train\red\3d9415088d.jpg,red,10
c:\Users\hasibul shaikh\Documents\Car_Color_Detection_AI\data\raw\archive (6)\train\green\7bbe7c07d1.jpg,green,5
c:\Users\hasibul shaikh\Documents\Car_Color_Detection_AI\data\raw\archive (6)\train\red\88c8e28335.jpg,red,10
c:\Users\hasibul shaikh\Documents\Car_Color_Detection_AI\data\raw\archive (6)\train\green\008fdae035.jpg,green,5
c:\Users\hasibul shaikh\Documents\Car_Color_Detection_AI\data\raw\archive (6)\train\brown\ef3c5d485a.jpg,brown,3
c:\Users\hasibul shaikh\Documents\Car_Color_Detection_AI\data\raw\archive (6)\test\blue\3e01a9337e.jpg,blue,2
c:\Users\hasibul shaikh\Documents\Car_Color_Detection_AI\data\raw\archive (6)\train\brown\6fa9e99751.jpg,brown,3
c:\Users\hasibul shaikh\Documents\Car_Color_Detection_AI\data\raw\archive (6)\train\tan\5bb0123127.jpg,tan,12
c:\Users\hasibul shaikh\Documents\Car_Color_Detection_AI\data\raw\archive (6)\train\purple\0ce4a74449.jpg,purple,9
c:\Users\hasibul shaikh\Documents\Car_Color_Detection_AI\data\raw\archive (6)\val\orange\9160b0b602.jpg,orange,7
c:\Users\hasibul shaikh\Documents\Car_Color_Detection_AI\data\raw\archive (6)\train\grey\498805352d.jpg,grey,6
c:\Users\hasibul shaikh\Documents\Car_Color_Detection_AI\data\raw\archive (6)\train\silver\370aa0e589.jpg,silver,11
c:\Users\hasibul shaikh\Documents\Car_Color_Detection_AI\data\raw\archive (6)\val\blue\014bd58353.jpg,blue,2
c:\Users\hasibul shaikh\Documents\Car_Color_Detection_AI\data\raw\archive (6)\train\red\a4d2191497.jpg,red,10
c:\Users\hasibul shaikh\Documents\Car_Color_Detection_AI\data\raw\archive (6)\train\pink\8a3ef7570d.jpg,pink,8
c:\Users\hasibul shaikh\Documents\Car_Color_Detection_AI\data\raw\archive (6)\train\grey\29e598b42a.jpg,grey,6
c:\Users\hasibul shaikh\Documents\Car_Color_Detection_AI\data\raw\archive (6)\train\purple\25435767a3.jpg,purple,9
c:\Users\hasibul shaikh\Documents\Car_Color_Detection_AI\data\raw\archive (6)\train\white\d83af67215.jpg,white,13
c:\Users\hasibul shaikh\Documents\Car_Color_Detection_AI\data\raw\archive (6)\val\pink\b6a84d4dc5.jpg,pink,8
c:\Users\hasibul shaikh\Documents\Car_Color_Detection_AI\data\raw\archive (6)\test\gold\a2d86fdbe8.jpg,gold,4
c:\Users\hasibul shaikh\Documents\Car_Color_Detection_AI\data\raw\archive (6)\train\black\4f351e3377.jpg,black,1
c:\Users\hasibul shaikh\Documents\Car_Color_Detection_AI\data\raw\archive (6)\train\grey\888618dfbf.jpg,grey,6
c:\Users\hasibul shaikh\Documents\Car_Color_Detection_AI\data\raw\archive (6)\train\purple\f6697cb487.jpg,purple,9
c:\Users\hasibul shaikh\Documents\Car_Color_Detection_AI\data\raw\archive (6)\test\silver\fe42d28031.jpg,silver,11
c:\Users\hasibul shaikh\Documents\Car_Color_Detection_AI\data\raw\archive (6)\train\orange\e2dd2f9120.jpg,orange,7
c:\Users\hasibul shaikh\Documents\Car_Color_Detection_AI\data\raw\archive (6)\train\brown\0efd11bb89.jpg,brown,3
c:\Users\hasibul shaikh\Documents\Car_Color_Detection_AI\data\raw\archive (6)\test\grey\56ed80459b.jpg,grey,6
c:\Users\hasibul shaikh\Documents\Car_Color_Detection_AI\data\raw\archive (6)\train\red\1b90de975c.jpg,red,10
c:\Users\hasibul shaikh\Documents\Car_Color_Detection_AI\data\raw\archive (6)\train\orange\6dba03ab8a.jpg,orange,7
c:\Users\hasibul shaikh\Documents\Car_Color_Detection_AI\data\raw\archive (6)\test\beige\8025ce4a0a.jpg,beige,0
c:\Users\hasibul shaikh\Documents\Car_Color_Detection_AI\data\raw\archive (6)\test\purple\cc88303110.jpg,purple,9
c:\Users\hasibul shaikh\Documents\Car_Color_Detection_AI\data\raw\archive (6)\train\beige\96db40d9f5.jpg,beige,0
c:\Users\hasibul shaikh\Documents\Car_Color_Detection_AI\data\raw\archive (6)\val\blue\858b0c05f6.jpg,blue,2
c:\Users\hasibul shaikh\Documents\Car_Color_Detection_AI\data\raw\archive (6)\train\orange\c574d0690d.jpg,orange,7
c:\Users\hasibul shaikh\Documents\Car_Color_Detection_AI\data\raw\archive (6)\train\white\b3dc472409.jpg,white,13
c:\Users\hasibul shaikh\Documents\Car_Color_Detection_AI\data\raw\archive (6)\val\green\fb9c77f381.jpg,green,5
c:\Users\hasibul shaikh\Documents\Car_Color_Detection_AI\data\raw\archive (6)\train\purple\843b4d91b5.jpg,purple,9
c:\Users\hasibul shaikh\Documents\Car_Color_Detection_AI\data\raw\archive (6)\val\yellow\8fa808140b.jpg,yellow,14
c:\Users\hasibul shaikh\Documents\Car_Color_Detection_AI\data\raw\archive (6)\train\grey\83150a8dfd.jpg,grey,6
c:\Users\hasibul shaikh\Documents\Car_Color_Detection_AI\data\raw\archive (6)\val\green\b99c0aff13.jpg,green,5
c:\Users\hasibul shaikh\Documents\Car_Color_Detection_AI\data\raw\archive (6)\train\blue\8cd5c6076a.jpg,blue,2
c:\Users\hasibul shaikh\Documents\Car_Color_Detection_AI\data\raw\archive (6)\train\white\a3108de4ff.jpg,white,13
c:\Users\hasibul shaikh\Documents\Car_Color_Detection_AI\data\raw\archive (6)\train\red\41995a4485.jpg,red,10
c:\Users\hasibul shaikh\Documents\Car_Color_Detection_AI\data\raw\archive (6)\train\pink\ad04ecb8b8.jpg,pink,8
c:\Users\hasibul shaikh\Documents\Car_Color_Detection_AI\data\raw\archive (6)\train\yellow\04d00d570c.jpg,yellow,14
c:\Users\hasibul shaikh\Documents\Car_Color_Detection_AI\data\raw\archive (6)\val\beige\7ccbe2e0d8.jpg,beige,0
c:\Users\hasibul shaikh\Documents\Car_Color_Detection_AI\data\raw\archive (6)\val\black\6964c2eaa1.jpg,black,1
c:\Users\hasibul shaikh\Documents\Car_Color_Detection_AI\data\raw\archive (6)\train\black\47b15f65e6.jpg,black,1
c:\Users\hasibul shaikh\Documents\Car_Color_Detection_AI\data\raw\archive (6)\train\white\4a6c073e70.jpg,white,13
c:\Users\hasibul shaikh\Documents\Car_Color_Detection_AI\data\raw\archive (6)\train\blue\b1db81c93b.jpg,blue,2
c:\Users\hasibul shaikh\Documents\Car_Color_Detection_AI\data\raw\archive (6)\test\white\d1058af1b6.jpg,white,13
c:\Users\hasibul shaikh\Documents\Car_Color_Detection_AI\data\raw\archive (6)\train\black\7d6f88720b.jpg,black,1
c:\Users\hasibul shaikh\Documents\Car_Color_Detection_AI\data\raw\archive (6)\train\silver\7de42a8fd4.jpg,silver,11
c:\Users\hasibul shaikh\Documents\Car_Color_Detection_AI\data\raw\archive (6)\train\white\37e737bf4a.jpg,white,13
c:\Users\hasibul shaikh\Documents\Car_Color_Detection_AI\data\raw\archive (6)\train\black\3c43396969.jpg,black,1
c:\Users\hasibul shaikh\Documents\Car_Color_Detection_AI\data\raw\archive (6)\val\blue\515292aea5.jpg,blue,2
c:\Users\hasibul shaikh\Documents\Car_Color_Detection_AI\data\raw\archive (6)\val\brown\a7b20e06f2.jpg,brown,3
c:\Users\hasibul shaikh\Documents\Car_Color_Detection_AI\data\raw\archive (6)\train\white\ee5f6741c4.jpg,white,13
c:\Users\hasibul shaikh\Documents\Car_Color_Detection_AI\data\raw\archive (6)\val\orange\683daa73d7.jpg,orange,7
c:\Users\hasibul shaikh\Documents\Car_Color_Detection_AI\data\raw\archive (6)\train\orange\e75ad9cbe4.jpg,orange,7
c:\Users\hasibul shaikh\Documents\Car_Color_Detection_AI\data\raw\archive (6)\val\brown\b72f205bd5.jpg,brown,3
c:\Users\hasibul shaikh\Documents\Car_Color_Detection_AI\data\raw\archive (6)\val\brown\e91a162184.jpg,brown,3
c:\Users\hasibul shaikh\Documents\Car_Color_Detection_AI\data\raw\archive (6)\test\blue\a6aa7d2805.jpg,blue,2
c:\Users\hasibul shaikh\Documents\Car_Color_Detection_AI\data\raw\archive (6)\train\yellow\7dc211211b.jpg,yellow,14
c:\Users\hasibul shaikh\Documents\Car_Color_Detection_AI\data\raw\archive (6)\test\brown\899ae51619.jpg,brown,3
c:\Users\hasibul shaikh\Documents\Car_Color_Detection_AI\data\raw\archive (6)\train\purple\7d3d1ad80b.jpg,purple,9
c:\Users\hasibul shaikh\Documents\Car_Color_Detection_AI\data\raw\archive (6)\val\blue\237cb4b1b3.jpg,blue,2
c:\Users\hasibul shaikh\Documents\Car_Color_Detection_AI\data\raw\archive (6)\test\red\f65e94da6c.jpg,red,10
c:\Users\hasibul shaikh\Documents\Car_Color_Detection_AI\data\raw\archive (6)\val\pink\02c3e46bdd.jpg,pink,8
c:\Users\hasibul shaikh\Documents\Car_Color_Detection_AI\data\raw\archive (6)\val\grey\eca4167962.jpg,grey,6
c:\Users\hasibul shaikh\Documents\Car_Color_Detection_AI\data\raw\archive (6)\train\red\98f0eafe77.jpg,red,10
c:\Users\hasibul shaikh\Documents\Car_Color_Detection_AI\data\raw\archive (6)\train\silver\65316e9cb9.jpg,silver,11
c:\Users\hasibul shaikh\Documents\Car_Color_Detection_AI\data\raw\archive (6)\train\beige\9c48dab7ca.jpg,beige,0
c:\Users\hasibul shaikh\Documents\Car_Color_Detection_AI\data\raw\archive (6)\val\blue\227426c1de.jpg,blue,2
c:\Users\hasibul shaikh\Documents\Car_Color_Detection_AI\data\raw\archive (6)\train\brown\67d19016b4.jpg,brown,3
c:\Users\hasibul shaikh\Documents\Car_Color_Detection_AI\data\raw\archive (6)\test\orange\0597acb5ab.jpg,orange,7
c:\Users\hasibul shaikh\Documents\Car_Color_Detection_AI\data\raw\archive (6)\val\green\2cc51dc020.jpg,green,5
c:\Users\hasibul shaikh\Documents\Car_Color_Detection_AI\data\raw\archive (6)\train\orange\2ade9e4a42.jpg,orange,7
c:\Users\hasibul shaikh\Documents\Car_Color_Detection_AI\data\raw\archive (6)\test\red\3d6b949e84.jpg,red,10
c:\Users\hasibul shaikh\Documents\Car_Color_Detection_AI\data\raw\archive (6)\val\green\3ed9e453ff.jpg,green,5
c:\Users\hasibul shaikh\Documents\Car_Color_Detection_AI\data\raw\archive (6)\train\brown\78d91c10a7.jpg,brown,3
c:\Users\hasibul shaikh\Documents\Car_Color_Detection_AI\data\raw\archive (6)\test\white\35e4533322.jpg,white,13
c:\Users\hasibul shaikh\Documents\Car_Color_Detection_AI\data\raw\archive (6)\train\orange\107edc0a4a.jpg,orange,7
c:\Users\hasibul shaikh\Documents\Car_Color_Detection_AI\data\raw\archive (6)\val\orange\2483624124.jpg,orange,7
c:\Users\hasibul shaikh\Documents\Car_Color_Detection_AI\data\raw\archive (6)\train\grey\96a8221fcf.jpg,grey,6
c:\Users\hasibul shaikh\Documents\Car_Color_Detection_AI\data\raw\archive (6)\test\beige\e3efb8d81c.jpg,beige,0
c:\Users\hasibul shaikh\Documents\Car_Color_Detection_AI\data\raw\archive (6)\train\gold\a11b4a661c.jpg,gold,4
c:\Users\hasibul shaikh\Documents\Car_Color_Detection_AI\data\raw\archive (6)\train\blue\6fd4ce7b4f.jpg,blue,2
c:\Users\hasibul shaikh\Documents\Car_Color_Detection_AI\data\raw\archive (6)\test\grey\09c8c1cc7b.jpg,grey,6
c:\Users\hasibul shaikh\Documents\Car_Color_Detection_AI\data\raw\archive (6)\val\silver\bc747f8e32.jpg,silver,11
c:\Users\hasibul shaikh\Documents\Car_Color_Detection_AI\data\raw\archive (6)\train\pink\25c79752a2.jpg,pink,8
c:\Users\hasibul shaikh\Documents\Car_Color_Detection_AI\data\raw\archive (6)\train\tan\711061d4c7.jpg,tan,12
c:\Users\hasibul shaikh\Documents\Car_Color_Detection_AI\data\raw\archive (6)\test\grey\296a616214.jpg,grey,6
c:\Users\hasibul shaikh\Documents\Car_Color_Detection_AI\data\raw\archive (6)\train\brown\da7e53e34b.jpg,brown,3
c:\Users\hasibul shaikh\Documents\Car_Color_Detection_AI\data\raw\archive (6)\train\green\d4c6112c06.jpg,green,5
c:\Users\hasibul shaikh\Documents\Car_Color_Detection_AI\data\raw\archive (6)\train\yellow\eb1d560e09.jpg,yellow,14
c:\Users\hasibul shaikh\Documents\Car_Color_Detection_AI\data\raw\archive (6)\train\yellow\abff1c37ea.jpg,yellow,14
c:\Users\hasibul shaikh\Documents\Car_Color_Detection_AI\data\raw\archive (6)\train\blue\bef9885ce0.jpg,blue,2
c:\Users\hasibul shaikh\Documents\Car_Color_Detection_AI\data\raw\archive (6)\train\tan\f8008ab154.jpg,tan,12
c:\Users\hasibul shaikh\Documents\Car_Color_Detection_AI\data\raw\archive (6)\train\brown\38a8b60627.jpg,brown,3
c:\Users\hasibul shaikh\Documents\Car_Color_Detection_AI\data\raw\archive (6)\test\white\601dc1c0d1.jpg,white,13
c:\Users\hasibul shaikh\Documents\Car_Color_Detection_AI\data\raw\archive (6)\test\yellow\c14c015b13.jpg,yellow,14
c:\Users\hasibul shaikh\Documents\Car_Color_Detection_AI\data\raw\archive (6)\train\black\b1fda26de4.jpg,black,1
c:\Users\hasibul shaikh\Documents\Car_Color_Detection_AI\data\raw\archive (6)\test\blue\e2ac47204e.jpg,blue,2
c:\Users\hasibul shaikh\Documents\Car_Color_Detection_AI\data\raw\archive (6)\test\red\8322859640.jpg,red,10
c:\Users\hasibul shaikh\Documents\Car_Color_Detection_AI\data\raw\archive (6)\test\tan\0eea5e55d7.jpg,tan,12
c:\Users\hasibul shaikh\Documents\Car_Color_Detection_AI\data\raw\archive (6)\train\black\9ccf5579a2.jpg,black,1
c:\Users\hasibul shaikh\Documents\Car_Color_Detection_AI\data\raw\archive (6)\train\blue\dbb2645dbd.jpg,blue,2
c:\Users\hasibul shaikh\Documents\Car_Color_Detection_AI\data\raw\archive (6)\train\purple\07e192f75d.jpg,purple,9
c:\Users\hasibul shaikh\Documents\Car_Color_Detection_AI\data\raw\archive (6)\train\purple\9c2eff9076.jpg,purple,9
c:\Users\hasibul shaikh\Documents\Car_Color_Detection_AI\data\raw\archive (6)\train\grey\566dd57af4.jpg,grey,6
c:\Users\hasibul shaikh\Documents\Car_Color_Detection_AI\data\raw\archive (6)\train\silver\0998448936.jpg,silver,11
c:\Users\hasibul shaikh\Documents\Car_Color_Detection_AI\data\raw\archive (6)\val\tan\4c66fa7c73.jpg,tan,12
c:\Users\hasibul shaikh\Documents\Car_Color_Detection_AI\data\raw\archive (6)\train\red\e565982966.jpg,red,10
c:\Users\hasibul shaikh\Documents\Car_Color_Detection_AI\data\raw\archive (6)\train\brown\be371c8407.jpg,brown,3
c:\Users\hasibul shaikh\Documents\Car_Color_Detection_AI\data\raw\archive (6)\train\yellow\804b012d9c.jpg,yellow,14
c:\Users\hasibul shaikh\Documents\Car_Color_Detection_AI\data\raw\archive (6)\train\white\010126f1d4.jpg,white,13
c:\Users\hasibul shaikh\Documents\Car_Color_Detection_AI\data\raw\archive (6)\train\yellow\9bfaca921c.jpg,yellow,14
c:\Users\hasibul shaikh\Documents\Car_Color_Detection_AI\data\raw\archive (6)\train\red\0044793e70.jpg,red,10
c:\Users\hasibul shaikh\Documents\Car_Color_Detection_AI\data\raw\archive (6)\train\silver\6ea5238998.jpg,silver,11
c:\Users\hasibul shaikh\Documents\Car_Color_Detection_AI\data\raw\archive (6)\train\orange\ae9a275f86.jpg,orange,7
c:\Users\hasibul shaikh\Documents\Car_Color_Detection_AI\data\raw\archive (6)\test\grey\153ef8bc54.jpg,grey,6
c:\Users\hasibul shaikh\Documents\Car_Color_Detection_AI\data\raw\archive (6)\train\pink\210631fc09.jpg,pink,8
c:\Users\hasibul shaikh\Documents\Car_Color_Detection_AI\data\raw\archive (6)\train\blue\e1fc41c572.jpg,blue,2
c:\Users\hasibul shaikh\Documents\Car_Color_Detection_AI\data\raw\archive (6)\train\white\231d26729a.jpg,white,13
c:\Users\hasibul shaikh\Documents\Car_Color_Detection_AI\data\raw\archive (6)\val\red\d252e7c811.jpg,red,10
c:\Users\hasibul shaikh\Documents\Car_Color_Detection_AI\data\raw\archive (6)\test\grey\8a10876b2c.jpg,grey,6
c:\Users\hasibul shaikh\Documents\Car_Color_Detection_AI\data\raw\archive (6)\test\white\31bb316aee.jpg,white,13
c:\Users\hasibul shaikh\Documents\Car_Color_Detection_AI\data\raw\archive (6)\train\yellow\27dbfe9fc5.jpg,yellow,14
c:\Users\hasibul shaikh\Documents\Car_Color_Detection_AI\data\raw\archive (6)\train\purple\e3e0a8c37b.jpg,purple,9
c:\Users\hasibul shaikh\Documents\Car_Color_Detection_AI\data\raw\archive (6)\train\orange\a263c8d46b.jpg,orange,7
c:\Users\hasibul shaikh\Documents\Car_Color_Detection_AI\data\raw\archive (6)\train\red\eb84b2eaa5.jpg,red,10
c:\Users\hasibul shaikh\Documents\Car_Color_Detection_AI\data\raw\archive (6)\val\green\765853da51.jpg,green,5
c:\Users\hasibul shaikh\Documents\Car_Color_Detection_AI\data\raw\archive (6)\train\purple\770629ae45.jpg,purple,9
c:\Users\hasibul shaikh\Documents\Car_Color_Detection_AI\data\raw\archive (6)\train\green\e1b17286da.jpg,green,5
c:\Users\hasibul shaikh\Documents\Car_Color_Detection_AI\data\raw\archive (6)\train\purple\fa97603ba3.jpg,purple,9
c:\Users\hasibul shaikh\Documents\Car_Color_Detection_AI\data\raw\archive (6)\test\red\7361db7c17.jpg,red,10
c:\Users\hasibul shaikh\Documents\Car_Color_Detection_AI\data\raw\archive (6)\train\green\c6b47af4d7.jpg,green,5
c:\Users\hasibul shaikh\Documents\Car_Color_Detection_AI\data\raw\archive (6)\train\yellow\bf2c686ba2.jpg,yellow,14
c:\Users\hasibul shaikh\Documents\Car_Color_Detection_AI\data\raw\archive (6)\train\orange\1070ef4302.jpg,orange,7
c:\Users\hasibul shaikh\Documents\Car_Color_Detection_AI\data\raw\archive (6)\train\purple\9ad4e614db.jpg,purple,9
c:\Users\hasibul shaikh\Documents\Car_Color_Detection_AI\data\raw\archive (6)\val\green\20f821aa9f.jpg,green,5
c:\Users\hasibul shaikh\Documents\Car_Color_Detection_AI\data\raw\archive (6)\train\brown\3b244d797e.jpg,brown,3
c:\Users\hasibul shaikh\Documents\Car_Color_Detection_AI\data\raw\archive (6)\train\orange\5fe4b577fe.jpg,orange,7
c:\Users\hasibul shaikh\Documents\Car_Color_Detection_AI\data\raw\archive (6)\train\red\ead787bf1a.jpg,red,10
c:\Users\hasibul shaikh\Documents\Car_Color_Detection_AI\data\raw\archive (6)\train\orange\29beb1ce51.jpg,orange,7
c:\Users\hasibul shaikh\Documents\Car_Color_Detection_AI\data\raw\archive (6)\train\yellow\6825954fcc.jpg,yellow,14
c:\Users\hasibul shaikh\Documents\Car_Color_Detection_AI\data\raw\archive (6)\train\beige\39aaef4d4b.jpg,beige,0
c:\Users\hasibul shaikh\Documents\Car_Color_Detection_AI\data\raw\archive (6)\train\beige\7499449670.jpg,beige,0
c:\Users\hasibul shaikh\Documents\Car_Color_Detection_AI\data\raw\archive (6)\train\grey\d868e1a4d8.jpg,grey,6
c:\Users\hasibul shaikh\Documents\Car_Color_Detection_AI\data\raw\archive (6)\train\tan\6ae0626471.jpg,tan,12
c:\Users\hasibul shaikh\Documents\Car_Color_Detection_AI\data\raw\archive (6)\train\silver\fab3899739.jpg,silver,11
c:\Users\hasibul shaikh\Documents\Car_Color_Detection_AI\data\raw\archive (6)\train\beige\66f517c8bb.jpg,beige,0
c:\Users\hasibul shaikh\Documents\Car_Color_Detection_AI\data\raw\archive (6)\val\purple\7c1be326aa.jpg,purple,9
c:\Users\hasibul shaikh\Documents\Car_Color_Detection_AI\data\raw\archive (6)\val\purple\de3dea82bd.jpg,purple,9
c:\Users\hasibul shaikh\Documents\Car_Color_Detection_AI\data\raw\archive (6)\train\brown\fdbd4f83dc.jpg,brown,3
c:\Users\hasibul shaikh\Documents\Car_Color_Detection_AI\data\raw\archive (6)\train\grey\7c7886d0e2.jpg,grey,6
c:\Users\hasibul shaikh\Documents\Car_Color_Detection_AI\data\raw\archive (6)\train\black\d88cdd4afb.jpg,black,1
c:\Users\hasibul shaikh\Documents\Car_Color_Detection_AI\data\raw\archive (6)\val\green\026f459e46.jpg,green,5
c:\Users\hasibul shaikh\Documents\Car_Color_Detection_AI\data\raw\archive (6)\train\tan\0db4075365.jpg,tan,12
c:\Users\hasibul shaikh\Documents\Car_Color_Detection_AI\data\raw\archive (6)\train\silver\49bd31b4c8.jpg,silver,11
c:\Users\hasibul shaikh\Documents\Car_Color_Detection_AI\data\raw\archive (6)\val\brown\f58dfdc65a.jpg,brown,3
c:\Users\hasibul shaikh\Documents\Car_Color_Detection_AI\data\raw\archive (6)\train\brown\2b3a29c535.jpg,brown,3
c:\Users\hasibul shaikh\Documents\Car_Color_Detection_AI\data\raw\archive (6)\val\brown\982393691e.jpg,brown,3
c:\Users\hasibul shaikh\Documents\Car_Color_Detection_AI\data\raw\archive (6)\train\blue\d0ea1ca305.jpg,blue,2
c:\Users\hasibul shaikh\Documents\Car_Color_Detection_AI\data\raw\archive (6)\train\pink\847b90880b.jpg,pink,8
c:\Users\hasibul shaikh\Documents\Car_Color_Detection_AI\data\raw\archive (6)\train\pink\6d92d12f89.jpg,pink,8
c:\Users\hasibul shaikh\Documents\Car_Color_Detection_AI\data\raw\archive (6)\train\yellow\9d0f19d949.jpg,yellow,14
c:\Users\hasibul shaikh\Documents\Car_Color_Detection_AI\data\raw\archive (6)\train\gold\6b925d29d0.jpg,gold,4
c:\Users\hasibul shaikh\Documents\Car_Color_Detection_AI\data\raw\archive (6)\train\black\ed5e64c13b.jpg,black,1
c:\Users\hasibul shaikh\Documents\Car_Color_Detection_AI\data\raw\archive (6)\train\grey\2378234fb8.jpg,grey,6
c:\Users\hasibul shaikh\Documents\Car_Color_Detection_AI\data\raw\archive (6)\test\green\fe456be170.jpg,green,5
c:\Users\hasibul shaikh\Documents\Car_Color_Detection_AI\data\raw\archive (6)\val\brown\f7120a47c1.jpg,brown,3
c:\Users\hasibul shaikh\Documents\Car_Color_Detection_AI\data\raw\archive (6)\train\beige\fe89051328.jpg,beige,0
c:\Users\hasibul shaikh\Documents\Car_Color_Detection_AI\data\raw\archive (6)\train\yellow\ad423237bb.jpg,yellow,14
c:\Users\hasibul shaikh\Documents\Car_Color_Detection_AI\data\raw\archive (6)\val\purple\09dc43cebe.jpg,purple,9
c:\Users\hasibul shaikh\Documents\Car_Color_Detection_AI\data\raw\archive (6)\train\tan\54270fba65.jpg,tan,12
c:\Users\hasibul shaikh\Documents\Car_Color_Detection_AI\data\raw\archive (6)\test\grey\eeb3cbfce8.jpg,grey,6
c:\Users\hasibul shaikh\Documents\Car_Color_Detection_AI\data\raw\archive (6)\train\purple\bfb71c91f2.jpg,purple,9
c:\Users\hasibul shaikh\Documents\Car_Color_Detection_AI\data\raw\archive (6)\train\brown\1c2e318ed9.jpg,brown,3
c:\Users\hasibul shaikh\Documents\Car_Color_Detection_AI\data\raw\archive (6)\train\tan\ad9b8fdef2.jpg,tan,12
c:\Users\hasibul shaikh\Documents\Car_Color_Detection_AI\data\raw\archive (6)\test\purple\0eb33b58d1.jpg,purple,9
c:\Users\hasibul shaikh\Documents\Car_Color_Detection_AI\data\raw\archive (6)\train\brown\da9eb4f68c.jpg,brown,3
c:\Users\hasibul shaikh\Documents\Car_Color_Detection_AI\data\raw\archive (6)\train\red\cc7716e555.jpg,red,10
c:\Users\hasibul shaikh\Documents\Car_Color_Detection_AI\data\raw\archive (6)\test\yellow\b5a3db5ebb.jpg,yellow,14
c:\Users\hasibul shaikh\Documents\Car_Color_Detection_AI\data\raw\archive (6)\train\beige\d013006d57.jpg,beige,0
c:\Users\hasibul shaikh\Documents\Car_Color_Detection_AI\data\raw\archive (6)\val\black\46c9e9bd28.jpg,black,1
c:\Users\hasibul shaikh\Documents\Car_Color_Detection_AI\data\raw\archive (6)\train\tan\af30596f27.jpg,tan,12
c:\Users\hasibul shaikh\Documents\Car_Color_Detection_AI\data\raw\archive (6)\test\brown\1c578e3b7d.jpg,brown,3
c:\Users\hasibul shaikh\Documents\Car_Color_Detection_AI\data\raw\archive (6)\train\black\a5dd742be2.jpg,black,1
c:\Users\hasibul shaikh\Documents\Car_Color_Detection_AI\data\raw\archive (6)\test\blue\20a7398971.jpg,blue,2
c:\Users\hasibul shaikh\Documents\Car_Color_Detection_AI\data\raw\archive (6)\train\green\b298737236.jpg,green,5
c:\Users\hasibul shaikh\Documents\Car_Color_Detection_AI\data\raw\archive (6)\train\red\5462918c8a.jpg,red,10
c:\Users\hasibul shaikh\Documents\Car_Color_Detection_AI\data\raw\archive (6)\train\gold\a02ed31fa7.jpg,gold,4
c:\Users\hasibul shaikh\Documents\Car_Color_Detection_AI\data\raw\archive (6)\train\brown\5dbebe0286 - Copy.jpg,brown,3
c:\Users\hasibul shaikh\Documents\Car_Color_Detection_AI\data\raw\archive (6)\train\green\1c4a8fcafc.jpg,green,5
c:\Users\hasibul shaikh\Documents\Car_Color_Detection_AI\data\raw\archive (6)\train\silver\afa9b0dc99.jpg,silver,11
c:\Users\hasibul shaikh\Documents\Car_Color_Detection_AI\data\raw\archive (6)\train\grey\6b2324f2a3.jpg,grey,6
c:\Users\hasibul shaikh\Documents\Car_Color_Detection_AI\data\raw\archive (6)\train\orange\c5b4899cb9.jpg,orange,7
c:\Users\hasibul shaikh\Documents\Car_Color_Detection_AI\data\raw\archive (6)\train\blue\f75d71bac6.jpg,blue,2
c:\Users\hasibul shaikh\Documents\Car_Color_Detection_AI\data\raw\archive (6)\val\red\266e9e160a.jpg,red,10
c:\Users\hasibul shaikh\Documents\Car_Color_Detection_AI\data\raw\archive (6)\train\red\853685e133.jpg,red,10
c:\Users\hasibul shaikh\Documents\Car_Color_Detection_AI\data\raw\archive (6)\train\grey\9314eb2882.jpg,grey,6
c:\Users\hasibul shaikh\Documents\Car_Color_Detection_AI\data\raw\archive (6)\train\orange\e43eaf3c9b.jpg,orange,7
c:\Users\hasibul shaikh\Documents\Car_Color_Detection_AI\data\raw\archive (6)\val\yellow\5b6e155073.jpg,yellow,14
c:\Users\hasibul shaikh\Documents\Car_Color_Detection_AI\data\raw\archive (6)\train\tan\7167ce3bee.jpg,tan,12
c:\Users\hasibul shaikh\Documents\Car_Color_Detection_AI\data\raw\archive (6)\train\brown\e2159b74c3.jpg,brown,3
c:\Users\hasibul shaikh\Documents\Car_Color_Detection_AI\data\raw\archive (6)\train\purple\06a1754f9b.jpg,purple,9
c:\Users\hasibul shaikh\Documents\Car_Color_Detection_AI\data\raw\archive (6)\train\black\3560a1a1cc.jpg,black,1
c:\Users\hasibul shaikh\Documents\Car_Color_Detection_AI\data\raw\archive (6)\test\yellow\68dc480a90.jpg,yellow,14
c:\Users\hasibul shaikh\Documents\Car_Color_Detection_AI\data\raw\archive (6)\train\orange\f79f1432f4.jpg,orange,7
c:\Users\hasibul shaikh\Documents\Car_Color_Detection_AI\data\raw\archive (6)\train\blue\9ae1191a9c.jpg,blue,2
c:\Users\hasibul shaikh\Documents\Car_Color_Detection_AI\data\raw\archive (6)\train\blue\0d54ffef81.jpg,blue,2
c:\Users\hasibul shaikh\Documents\Car_Color_Detection_AI\data\raw\archive (6)\train\purple\06ad9023d8.jpg,purple,9
c:\Users\hasibul shaikh\Documents\Car_Color_Detection_AI\data\raw\archive (6)\train\red\dff03d7284.jpg,red,10
c:\Users\hasibul shaikh\Documents\Car_Color_Detection_AI\data\raw\archive (6)\train\brown\fbe6b69bf9.jpg,brown,3
c:\Users\hasibul shaikh\Documents\Car_Color_Detection_AI\data\raw\archive (6)\train\orange\cb393cfa12.jpg,orange,7
c:\Users\hasibul shaikh\Documents\Car_Color_Detection_AI\data\raw\archive (6)\train\blue\2e7068ea91.jpg,blue,2
c:\Users\hasibul shaikh\Documents\Car_Color_Detection_AI\data\raw\archive (6)\train\brown\1f424aadd2.jpg,brown,3
c:\Users\hasibul shaikh\Documents\Car_Color_Detection_AI\data\raw\archive (6)\val\white\f5649d0edb.jpg,white,13
c:\Users\hasibul shaikh\Documents\Car_Color_Detection_AI\data\raw\archive (6)\train\gold\be2c536c60.jpg,gold,4
c:\Users\hasibul shaikh\Documents\Car_Color_Detection_AI\data\raw\archive (6)\train\orange\98ef98fbb2.jpg,orange,7
c:\Users\hasibul shaikh\Documents\Car_Color_Detection_AI\data\raw\archive (6)\train\yellow\17bb678b33.jpg,yellow,14
c:\Users\hasibul shaikh\Documents\Car_Color_Detection_AI\data\raw\archive (6)\train\blue\d7ff90745c.jpg,blue,2
c:\Users\hasibul shaikh\Documents\Car_Color_Detection_AI\data\raw\archive (6)\test\orange\ef5a6a5714.jpg,orange,7
c:\Users\hasibul shaikh\Documents\Car_Color_Detection_AI\data\raw\archive (6)\test\white\07dbd6b444.jpg,white,13
c:\Users\hasibul shaikh\Documents\Car_Color_Detection_AI\data\raw\archive (6)\test\yellow\62131d112b.jpg,yellow,14
c:\Users\hasibul shaikh\Documents\Car_Color_Detection_AI\data\raw\archive (6)\train\brown\5d89660a9b.jpg,brown,3
c:\Users\hasibul shaikh\Documents\Car_Color_Detection_AI\data\raw\archive (6)\train\white\de217bf3bc.jpg,white,13
c:\Users\hasibul shaikh\Documents\Car_Color_Detection_AI\data\raw\archive (6)\train\brown\862a332e04.jpg,brown,3
c:\Users\hasibul shaikh\Documents\Car_Color_Detection_AI\data\raw\archive (6)\train\yellow\ae0cff6ad1.jpg,yellow,14
c:\Users\hasibul shaikh\Documents\Car_Color_Detection_AI\data\raw\archive (6)\train\blue\be60608c24.jpg,blue,2
c:\Users\hasibul shaikh\Documents\Car_Color_Detection_AI\data\raw\archive (6)\train\tan\c2fff0a83b.jpg,tan,12
c:\Users\hasibul shaikh\Documents\Car_Color_Detection_AI\data\raw\archive (6)\train\green\dfdf807495.jpg,green,5
c:\Users\hasibul shaikh\Documents\Car_Color_Detection_AI\data\raw\archive (6)\train\white\9d835a2e7b.jpg,white,13
c:\Users\hasibul shaikh\Documents\Car_Color_Detection_AI\data\raw\archive (6)\train\green\7c46e1e8d5.jpg,green,5
c:\Users\hasibul shaikh\Documents\Car_Color_Detection_AI\data\raw\archive (6)\train\white\d18ac18f53.jpg,white,13
c:\Users\hasibul shaikh\Documents\Car_Color_Detection_AI\data\raw\archive (6)\train\tan\712624bc81.jpg,tan,12
c:\Users\hasibul shaikh\Documents\Car_Color_Detection_AI\data\raw\archive (6)\test\blue\a5cac84d2a.jpg,blue,2
c:\Users\hasibul shaikh\Documents\Car_Color_Detection_AI\data\raw\archive (6)\val\orange\91e9147d7f.jpg,orange,7
c:\Users\hasibul shaikh\Documents\Car_Color_Detection_AI\data\raw\archive (6)\train\pink\fc6c099bea.jpg,pink,8
c:\Users\hasibul shaikh\Documents\Car_Color_Detection_AI\data\raw\archive (6)\train\blue\0abddc1783.jpg,blue,2
c:\Users\hasibul shaikh\Documents\Car_Color_Detection_AI\data\raw\archive (6)\train\white\63a4642dd5.jpg,white,13
c:\Users\hasibul shaikh\Documents\Car_Color_Detection_AI\data\raw\archive (6)\val\brown\f5c8392dda.jpg,brown,3
c:\Users\hasibul shaikh\Documents\Car_Color_Detection_AI\data\raw\archive (6)\test\purple\cbb85f9516.jpg,purple,9
c:\Users\hasibul shaikh\Documents\Car_Color_Detection_AI\data\raw\archive (6)\train\red\a9418b507e.jpg,red,10
c:\Users\hasibul shaikh\Documents\Car_Color_Detection_AI\data\raw\archive (6)\train\orange\d56de35ad7.jpg,orange,7
c:\Users\hasibul shaikh\Documents\Car_Color_Detection_AI\data\raw\archive (6)\test\black\f56db8982e.jpg,black,1
c:\Users\hasibul shaikh\Documents\Car_Color_Detection_AI\data\raw\archive (6)\val\brown\42d0fa2bb6.jpg,brown,3
c:\Users\hasibul shaikh\Documents\Car_Color_Detection_AI\data\raw\archive (6)\train\blue\5d996dbbce.jpg,blue,2
c:\Users\hasibul shaikh\Documents\Car_Color_Detection_AI\data\raw\archive (6)\train\red\a7ef61f2ee.jpg,red,10
c:\Users\hasibul shaikh\Documents\Car_Color_Detection_AI\data\raw\archive (6)\train\green\df56daa14d.jpg,green,5
c:\Users\hasibul shaikh\Documents\Car_Color_Detection_AI\data\raw\archive (6)\train\yellow\9b18c6fa46.jpg,yellow,14
c:\Users\hasibul shaikh\Documents\Car_Color_Detection_AI\data\raw\archive (6)\train\beige\9f91689c22.jpg,beige,0
c:\Users\hasibul shaikh\Documents\Car_Color_Detection_AI\data\raw\archive (6)\train\brown\1152adf9ff.jpg,brown,3
c:\Users\hasibul shaikh\Documents\Car_Color_Detection_AI\data\raw\archive (6)\train\silver\02bde7b1f4.jpg,silver,11
c:\Users\hasibul shaikh\Documents\Car_Color_Detection_AI\data\raw\archive (6)\test\grey\2583300e26.jpg,grey,6
c:\Users\hasibul shaikh\Documents\Car_Color_Detection_AI\data\raw\archive (6)\train\tan\535cdec2aa.jpg,tan,12
c:\Users\hasibul shaikh\Documents\Car_Color_Detection_AI\data\raw\archive (6)\train\purple\7332ad79cf.jpg,purple,9
c:\Users\hasibul shaikh\Documents\Car_Color_Detection_AI\data\raw\archive (6)\train\tan\a51b4b2a32.jpg,tan,12
c:\Users\hasibul shaikh\Documents\Car_Color_Detection_AI\data\raw\archive (6)\train\tan\74dd2c9e82.jpg,tan,12
c:\Users\hasibul shaikh\Documents\Car_Color_Detection_AI\data\raw\archive (6)\train\green\5fd4fa772a.jpg,green,5
c:\Users\hasibul shaikh\Documents\Car_Color_Detection_AI\data\raw\archive (6)\train\green\2862b0f430.jpg,green,5
c:\Users\hasibul shaikh\Documents\Car_Color_Detection_AI\data\raw\archive (6)\train\orange\a39aae0f30.jpg,orange,7
c:\Users\hasibul shaikh\Documents\Car_Color_Detection_AI\data\raw\archive (6)\train\blue\d4519b05dd.jpg,blue,2
c:\Users\hasibul shaikh\Documents\Car_Color_Detection_AI\data\raw\archive (6)\val\orange\443b54acd5.jpg,orange,7
c:\Users\hasibul shaikh\Documents\Car_Color_Detection_AI\data\raw\archive (6)\train\red\43bcafcb2c.jpg,red,10
c:\Users\hasibul shaikh\Documents\Car_Color_Detection_AI\data\raw\archive (6)\train\yellow\243a7291f2.jpg,yellow,14
c:\Users\hasibul shaikh\Documents\Car_Color_Detection_AI\data\raw\archive (6)\test\white\65302dc858.jpg,white,13
c:\Users\hasibul shaikh\Documents\Car_Color_Detection_AI\data\raw\archive (6)\val\orange\952c35a3a7.jpg,orange,7
c:\Users\hasibul shaikh\Documents\Car_Color_Detection_AI\data\raw\archive (6)\val\pink\e7342b3827.jpg,pink,8
c:\Users\hasibul shaikh\Documents\Car_Color_Detection_AI\data\raw\archive (6)\train\blue\2d3185ca17.jpg,blue,2
c:\Users\hasibul shaikh\Documents\Car_Color_Detection_AI\data\raw\archive (6)\train\white\f3962c3d5f.jpg,white,13
c:\Users\hasibul shaikh\Documents\Car_Color_Detection_AI\data\raw\archive (6)\train\beige\66d0bb9360.jpg,beige,0
c:\Users\hasibul shaikh\Documents\Car_Color_Detection_AI\data\raw\archive (6)\train\brown\fe1cd873be.jpg,brown,3
c:\Users\hasibul shaikh\Documents\Car_Color_Detection_AI\data\raw\archive (6)\train\blue\08deb4855f.jpg,blue,2
c:\Users\hasibul shaikh\Documents\Car_Color_Detection_AI\data\raw\archive (6)\train\grey\cdb17db90d.jpg,grey,6
c:\Users\hasibul shaikh\Documents\Car_Color_Detection_AI\data\raw\archive (6)\train\red\c6c26941c9.jpg,red,10
c:\Users\hasibul shaikh\Documents\Car_Color_Detection_AI\data\raw\archive (6)\train\grey\0c5ee4a02f.jpg,grey,6
c:\Users\hasibul shaikh\Documents\Car_Color_Detection_AI\data\raw\archive (6)\train\brown\4330d3a3e6.jpg,brown,3
c:\Users\hasibul shaikh\Documents\Car_Color_Detection_AI\data\raw\archive (6)\train\blue\6fd1638946.jpg,blue,2
c:\Users\hasibul shaikh\Documents\Car_Color_Detection_AI\data\raw\archive (6)\train\silver\89d08a1cd8.jpg,silver,11
c:\Users\hasibul shaikh\Documents\Car_Color_Detection_AI\data\raw\archive (6)\val\blue\5ad12e3a2f.jpg,blue,2
c:\Users\hasibul shaikh\Documents\Car_Color_Detection_AI\data\raw\archive (6)\train\blue\c014051a87.jpg,blue,2
c:\Users\hasibul shaikh\Documents\Car_Color_Detection_AI\data\raw\archive (6)\train\grey\c0270d4e7b.jpg,grey,6
c:\Users\hasibul shaikh\Documents\Car_Color_Detection_AI\data\raw\archive (6)\train\purple\1be200c280.jpg,purple,9
c:\Users\hasibul shaikh\Documents\Car_Color_Detection_AI\data\raw\archive (6)\test\beige\d456a8d61e.jpg,beige,0
c:\Users\hasibul shaikh\Documents\Car_Color_Detection_AI\data\raw\archive (6)\train\blue\0147c6e1ca.jpg,blue,2
c:\Users\hasibul shaikh\Documents\Car_Color_Detection_AI\data\raw\archive (6)\val\purple\12f7528026.jpg,purple,9
c:\Users\hasibul shaikh\Documents\Car_Color_Detection_AI\data\raw\archive (6)\train\red\99d0914ca9.jpg,red,10
c:\Users\hasibul shaikh\Documents\Car_Color_Detection_AI\data\raw\archive (6)\train\red\b18814c050.jpg,red,10
c:\Users\hasibul shaikh\Documents\Car_Color_Detection_AI\data\raw\archive (6)\train\yellow\04b38d044c.jpg,yellow,14
c:\Users\hasibul shaikh\Documents\Car_Color_Detection_AI\data\raw\archive (6)\test\red\ef805191c2.jpg,red,10
c:\Users\hasibul shaikh\Documents\Car_Color_Detection_AI\data\raw\archive (6)\train\green\f18db05347.jpg,green,5
c:\Users\hasibul shaikh\Documents\Car_Color_Detection_AI\data\raw\archive (6)\train\black\17c7c1e919.jpg,black,1
c:\Users\hasibul shaikh\Documents\Car_Color_Detection_AI\data\raw\archive (6)\test\beige\7363b14861.jpg,beige,0
c:\Users\hasibul shaikh\Documents\Car_Color_Detection_AI\data\raw\archive (6)\val\yellow\255f50fe9b.jpg,yellow,14
c:\Users\hasibul shaikh\Documents\Car_Color_Detection_AI\data\raw\archive (6)\train\yellow\1b80acaf76.jpg,yellow,14
c:\Users\hasibul shaikh\Documents\Car_Color_Detection_AI\data\raw\archive (6)\train\brown\132c59bb2f.jpg,brown,3
c:\Users\hasibul shaikh\Documents\Car_Color_Detection_AI\data\raw\archive (6)\test\brown\49e602d0b2.jpg,brown,3
c:\Users\hasibul shaikh\Documents\Car_Color_Detection_AI\data\raw\archive (6)\train\blue\0377a24bff.jpg,blue,2
c:\Users\hasibul shaikh\Documents\Car_Color_Detection_AI\data\raw\archive (6)\val\blue\43e09d400d.jpg,blue,2
c:\Users\hasibul shaikh\Documents\Car_Color_Detection_AI\data\raw\archive (6)\train\beige\f6c3d60c78.jpg,beige,0
c:\Users\hasibul shaikh\Documents\Car_Color_Detection_AI\data\raw\archive (6)\train\grey\3eab98262a.jpg,grey,6
c:\Users\hasibul shaikh\Documents\Car_Color_Detection_AI\data\raw\archive (6)\train\green\4bde074855.jpg,green,5
c:\Users\hasibul shaikh\Documents\Car_Color_Detection_AI\data\raw\archive (6)\train\purple\7f111fb303.jpg,purple,9
c:\Users\hasibul shaikh\Documents\Car_Color_Detection_AI\data\raw\archive (6)\val\gold\163c7de2a6.jpg,gold,4
c:\Users\hasibul shaikh\Documents\Car_Color_Detection_AI\data\raw\archive (6)\train\green\1f8691c2ba.jpg,green,5
c:\Users\hasibul shaikh\Documents\Car_Color_Detection_AI\data\raw\archive (6)\train\yellow\9545e2bade.jpg,yellow,14
c:\Users\hasibul shaikh\Documents\Car_Color_Detection_AI\data\raw\archive (6)\train\brown\af34cc797d.jpg,brown,3
c:\Users\hasibul shaikh\Documents\Car_Color_Detection_AI\data\raw\archive (6)\val\purple\0c1c3f1f6a.jpg,purple,9
c:\Users\hasibul shaikh\Documents\Car_Color_Detection_AI\data\raw\archive (6)\test\green\7b81c21069.jpg,green,5
c:\Users\hasibul shaikh\Documents\Car_Color_Detection_AI\data\raw\archive (6)\test\red\79a1f2e882.jpg,red,10
c:\Users\hasibul shaikh\Documents\Car_Color_Detection_AI\data\raw\archive (6)\train\green\735ff13655.jpg,green,5
c:\Users\hasibul shaikh\Documents\Car_Color_Detection_AI\data\raw\archive (6)\train\blue\8eb350dcbb.jpg,blue,2
c:\Users\hasibul shaikh\Documents\Car_Color_Detection_AI\data\raw\archive (6)\train\blue\c80b38b62f.jpg,blue,2
c:\Users\hasibul shaikh\Documents\Car_Color_Detection_AI\data\raw\archive (6)\train\yellow\dbd3368f63.jpg,yellow,14
c:\Users\hasibul shaikh\Documents\Car_Color_Detection_AI\data\raw\archive (6)\train\brown\5413ad5fd8.jpg,brown,3
c:\Users\hasibul shaikh\Documents\Car_Color_Detection_AI\data\raw\archive (6)\train\purple\192b94ee49.jpg,purple,9
c:\Users\hasibul shaikh\Documents\Car_Color_Detection_AI\data\raw\archive (6)\test\orange\73d436c2de.jpg,orange,7
c:\Users\hasibul shaikh\Documents\Car_Color_Detection_AI\data\raw\archive (6)\test\red\6d3dba47da.jpg,red,10
c:\Users\hasibul shaikh\Documents\Car_Color_Detection_AI\data\raw\archive (6)\train\black\16b4a44c55.jpg,black,1
c:\Users\hasibul shaikh\Documents\Car_Color_Detection_AI\data\raw\archive (6)\train\grey\575f73ff6c.jpg,grey,6
c:\Users\hasibul shaikh\Documents\Car_Color_Detection_AI\data\raw\archive (6)\test\beige\857255fb69.jpg,beige,0
c:\Users\hasibul shaikh\Documents\Car_Color_Detection_AI\data\raw\archive (6)\test\red\80491fc745.jpg,red,10
c:\Users\hasibul shaikh\Documents\Car_Color_Detection_AI\data\raw\archive (6)\train\tan\2028da529c.jpg,tan,12
c:\Users\hasibul shaikh\Documents\Car_Color_Detection_AI\data\raw\archive (6)\test\yellow\fd3d2525fb.jpg,yellow,14
c:\Users\hasibul shaikh\Documents\Car_Color_Detection_AI\data\raw\archive (6)\train\green\8f33da7d2a.jpg,green,5
c:\Users\hasibul shaikh\Documents\Car_Color_Detection_AI\data\raw\archive (6)\train\green\51620d4402.jpg,green,5
c:\Users\hasibul shaikh\Documents\Car_Color_Detection_AI\data\raw\archive (6)\train\yellow\1cad8bfa96.jpg,yellow,14
c:\Users\hasibul shaikh\Documents\Car_Color_Detection_AI\data\raw\archive (6)\train\grey\20387cb6ae.jpg,grey,6
c:\Users\hasibul shaikh\Documents\Car_Color_Detection_AI\data\raw\archive (6)\train\pink\6d11b40e57.jpg,pink,8
c:\Users\hasibul shaikh\Documents\Car_Color_Detection_AI\data\raw\archive (6)\train\blue\f1971c6c9e.jpg,blue,2
c:\Users\hasibul shaikh\Documents\Car_Color_Detection_AI\data\raw\archive (6)\train\pink\09c21bf77d.jpg,pink,8
c:\Users\hasibul shaikh\Documents\Car_Color_Detection_AI\data\raw\archive (6)\train\purple\0b43a59630.jpg,purple,9
c:\Users\hasibul shaikh\Documents\Car_Color_Detection_AI\data\raw\archive (6)\train\black\1b458449a1.jpg,black,1
c:\Users\hasibul shaikh\Documents\Car_Color_Detection_AI\data\raw\archive (6)\train\gold\f63f348db6.jpg,gold,4
c:\Users\hasibul shaikh\Documents\Car_Color_Detection_AI\data\raw\archive (6)\train\tan\328fbac8d3.jpg,tan,12
c:\Users\hasibul shaikh\Documents\Car_Color_Detection_AI\data\raw\archive (6)\train\pink\0312b02081.jpg,pink,8
c:\Users\hasibul shaikh\Documents\Car_Color_Detection_AI\data\raw\archive (6)\train\yellow\a6db788073.jpg,yellow,14
c:\Users\hasibul shaikh\Documents\Car_Color_Detection_AI\data\raw\archive (6)\train\purple\4f53d09fb6.jpg,purple,9
c:\Users\hasibul shaikh\Documents\Car_Color_Detection_AI\data\raw\archive (6)\train\silver\a395ef5fbc.jpg,silver,11
c:\Users\hasibul shaikh\Documents\Car_Color_Detection_AI\data\raw\archive (6)\train\brown\e094fdfef9.jpg,brown,3
c:\Users\hasibul shaikh\Documents\Car_Color_Detection_AI\data\raw\archive (6)\train\brown\b0a3e2a23c.jpg,brown,3
c:\Users\hasibul shaikh\Documents\Car_Color_Detection_AI\data\raw\archive (6)\train\yellow\1159b39178.jpg,yellow,14
c:\Users\hasibul shaikh\Documents\Car_Color_Detection_AI\data\raw\archive (6)\train\black\c5712e7a89.jpg,black,1
c:\Users\hasibul shaikh\Documents\Car_Color_Detection_AI\data\raw\archive (6)\train\yellow\a8a95ad86c.jpg,yellow,14
c:\Users\hasibul shaikh\Documents\Car_Color_Detection_AI\data\raw\archive (6)\train\orange\7bfab9bf89.jpg,orange,7
c:\Users\hasibul shaikh\Documents\Car_Color_Detection_AI\data\raw\archive (6)\test\yellow\b9d5bae8dc.jpg,yellow,14
c:\Users\hasibul shaikh\Documents\Car_Color_Detection_AI\data\raw\archive (6)\train\yellow\c1c3f906a4.jpg,yellow,14
c:\Users\hasibul shaikh\Documents\Car_Color_Detection_AI\data\raw\archive (6)\train\green\84fcd9b29d.jpg,green,5
c:\Users\hasibul shaikh\Documents\Car_Color_Detection_AI\data\raw\archive (6)\train\orange\90ad98d341.jpg,orange,7
c:\Users\hasibul shaikh\Documents\Car_Color_Detection_AI\data\raw\archive (6)\train\grey\8a07be819c.jpg,grey,6
c:\Users\hasibul shaikh\Documents\Car_Color_Detection_AI\data\raw\archive (6)\train\gold\6f6d936558.jpg,gold,4
c:\Users\hasibul shaikh\Documents\Car_Color_Detection_AI\data\raw\archive (6)\train\red\1f16ef411e.jpg,red,10
c:\Users\hasibul shaikh\Documents\Car_Color_Detection_AI\data\raw\archive (6)\train\blue\7a08f62675.jpg,blue,2
c:\Users\hasibul shaikh\Documents\Car_Color_Detection_AI\data\raw\archive (6)\train\tan\61f7fdb240.jpg,tan,12
c:\Users\hasibul shaikh\Documents\Car_Color_Detection_AI\data\raw\archive (6)\train\black\fa7536d627.jpg,black,1
c:\Users\hasibul shaikh\Documents\Car_Color_Detection_AI\data\raw\archive (6)\train\red\93021408e8.jpg,red,10
c:\Users\hasibul shaikh\Documents\Car_Color_Detection_AI\data\raw\archive (6)\train\orange\7358a0eb6e.jpg,orange,7
c:\Users\hasibul shaikh\Documents\Car_Color_Detection_AI\data\raw\archive (6)\train\yellow\a846c78e84.jpg,yellow,14
c:\Users\hasibul shaikh\Documents\Car_Color_Detection_AI\data\raw\archive (6)\val\blue\423e3d604d.jpg,blue,2
c:\Users\hasibul shaikh\Documents\Car_Color_Detection_AI\data\raw\archive (6)\train\tan\122f83d016.jpg,tan,12
c:\Users\hasibul shaikh\Documents\Car_Color_Detection_AI\data\raw\archive (6)\test\blue\528678178d.jpg,blue,2
c:\Users\hasibul shaikh\Documents\Car_Color_Detection_AI\data\raw\archive (6)\test\pink\3fb5900c82.jpg,pink,8
c:\Users\hasibul shaikh\Documents\Car_Color_Detection_AI\data\raw\archive (6)\train\grey\6957ffa261.jpg,grey,6
c:\Users\hasibul shaikh\Documents\Car_Color_Detection_AI\data\raw\archive (6)\test\tan\a3332d9836.jpg,tan,12
c:\Users\hasibul shaikh\Documents\Car_Color_Detection_AI\data\raw\archive (6)\train\white\eda6af0f66.jpg,white,13
c:\Users\hasibul shaikh\Documents\Car_Color_Detection_AI\data\raw\archive (6)\train\black\76a0ad7332.jpg,black,1
c:\Users\hasibul shaikh\Documents\Car_Color_Detection_AI\data\raw\archive (6)\train\orange\b6e1bf1d99.jpg,orange,7
c:\Users\hasibul shaikh\Documents\Car_Color_Detection_AI\data\raw\archive (6)\train\red\d88b73b4ef.jpg,red,10
c:\Users\hasibul shaikh\Documents\Car_Color_Detection_AI\data\raw\archive (6)\train\tan\872da84a08.jpg,tan,12
c:\Users\hasibul shaikh\Documents\Car_Color_Detection_AI\data\raw\archive (6)\train\red\e95a468243.jpg,red,10
c:\Users\hasibul shaikh\Documents\Car_Color_Detection_AI\data\raw\archive (6)\train\purple\3bde168c9d.jpg,purple,9
c:\Users\hasibul shaikh\Documents\Car_Color_Detection_AI\data\raw\archive (6)\train\green\68685de445.jpg,green,5
c:\Users\hasibul shaikh\Documents\Car_Color_Detection_AI\data\raw\archive (6)\train\white\d2148ba11b.jpg,white,13
c:\Users\hasibul shaikh\Documents\Car_Color_Detection_AI\data\raw\archive (6)\val\white\8a09cc697f.jpg,white,13
c:\Users\hasibul shaikh\Documents\Car_Color_Detection_AI\data\raw\archive (6)\train\blue\055f9d04c3.jpg,blue,2
c:\Users\hasibul shaikh\Documents\Car_Color_Detection_AI\data\raw\archive (6)\test\brown\f0ec7bc1a7.jpg,brown,3
c:\Users\hasibul shaikh\Documents\Car_Color_Detection_AI\data\raw\archive (6)\train\beige\ee5f854c1e.jpg,beige,0
c:\Users\hasibul shaikh\Documents\Car_Color_Detection_AI\data\raw\archive (6)\train\pink\53e5b6bfd2.jpg,pink,8
c:\Users\hasibul shaikh\Documents\Car_Color_Detection_AI\data\raw\archive (6)\val\blue\8417710cd0.jpg,blue,2
c:\Users\hasibul shaikh\Documents\Car_Color_Detection_AI\data\raw\archive (6)\train\black\fe5ac626b1.jpg,black,1
c:\Users\hasibul shaikh\Documents\Car_Color_Detection_AI\data\raw\archive (6)\val\grey\4bf81f97fd.jpg,grey,6
c:\Users\hasibul shaikh\Documents\Car_Color_Detection_AI\data\raw\archive (6)\train\orange\42f263f25f.jpg,orange,7
c:\Users\hasibul shaikh\Documents\Car_Color_Detection_AI\data\raw\archive (6)\test\orange\d3162d12aa.jpg,orange,7
c:\Users\hasibul shaikh\Documents\Car_Color_Detection_AI\data\raw\archive (6)\train\yellow\f8b712801c.jpg,yellow,14
c:\Users\hasibul shaikh\Documents\Car_Color_Detection_AI\data\raw\archive (6)\val\blue\3464058573.jpg,blue,2
c:\Users\hasibul shaikh\Documents\Car_Color_Detection_AI\data\raw\archive (6)\train\beige\695be96216.jpg,beige,0
c:\Users\hasibul shaikh\Documents\Car_Color_Detection_AI\data\raw\archive (6)\val\yellow\d9dd704907.jpg,yellow,14
c:\Users\hasibul shaikh\Documents\Car_Color_Detection_AI\data\raw\archive (6)\test\blue\8950c17d0e.jpg,blue,2
c:\Users\hasibul shaikh\Documents\Car_Color_Detection_AI\data\raw\archive (6)\train\grey\fd594a8abe.jpg,grey,6
c:\Users\hasibul shaikh\Documents\Car_Color_Detection_AI\data\raw\archive (6)\train\green\22570f7266.jpg,green,5
c:\Users\hasibul shaikh\Documents\Car_Color_Detection_AI\data\raw\archive (6)\train\tan\67308f6462.jpg,tan,12
c:\Users\hasibul shaikh\Documents\Car_Color_Detection_AI\data\raw\archive (6)\val\yellow\faa39f359e.jpg,yellow,14
c:\Users\hasibul shaikh\Documents\Car_Color_Detection_AI\data\raw\archive (6)\train\blue\c736dc6e02.jpg,blue,2
c:\Users\hasibul shaikh\Documents\Car_Color_Detection_AI\data\raw\archive (6)\train\brown\7233b2e740.jpg,brown,3
c:\Users\hasibul shaikh\Documents\Car_Color_Detection_AI\data\raw\archive (6)\val\purple\9c5bdcdf6e.jpg,purple,9
c:\Users\hasibul shaikh\Documents\Car_Color_Detection_AI\data\raw\archive (6)\train\yellow\4e65153dcb.jpg,yellow,14
c:\Users\hasibul shaikh\Documents\Car_Color_Detection_AI\data\raw\archive (6)\val\beige\1ad5d614c4.jpg,beige,0
c:\Users\hasibul shaikh\Documents\Car_Color_Detection_AI\data\raw\archive (6)\test\tan\7ba3a44c1b.jpg,tan,12
c:\Users\hasibul shaikh\Documents\Car_Color_Detection_AI\data\raw\archive (6)\test\gold\b7fc26a61c.jpg,gold,4
c:\Users\hasibul shaikh\Documents\Car_Color_Detection_AI\data\raw\archive (6)\val\yellow\5863b87d2f.jpg,yellow,14
c:\Users\hasibul shaikh\Documents\Car_Color_Detection_AI\data\raw\archive (6)\test\orange\11d78513bf.jpg,orange,7
c:\Users\hasibul shaikh\Documents\Car_Color_Detection_AI\data\raw\archive (6)\train\pink\510cde5b92.jpg,pink,8
c:\Users\hasibul shaikh\Documents\Car_Color_Detection_AI\data\raw\archive (6)\train\brown\d5322d1ba4.jpg,brown,3
c:\Users\hasibul shaikh\Documents\Car_Color_Detection_AI\data\raw\archive (6)\train\black\68d8a6db7a.jpg,black,1
c:\Users\hasibul shaikh\Documents\Car_Color_Detection_AI\data\raw\archive (6)\train\yellow\9d73d7fa84.jpg,yellow,14
c:\Users\hasibul shaikh\Documents\Car_Color_Detection_AI\data\raw\archive (6)\train\pink\c4e7c8f5aa.jpg,pink,8
c:\Users\hasibul shaikh\Documents\Car_Color_Detection_AI\data\raw\archive (6)\test\silver\7c19d43550.jpg,silver,11
c:\Users\hasibul shaikh\Documents\Car_Color_Detection_AI\data\raw\archive (6)\train\blue\ab8eae8318.jpg,blue,2
c:\Users\hasibul shaikh\Documents\Car_Color_Detection_AI\data\raw\archive (6)\train\brown\fafaf07ef0.jpg,brown,3
c:\Users\hasibul shaikh\Documents\Car_Color_Detection_AI\data\raw\archive (6)\train\red\7c155bb7e8.jpg,red,10
c:\Users\hasibul shaikh\Documents\Car_Color_Detection_AI\data\raw\archive (6)\val\black\0098fde193.jpg,black,1
c:\Users\hasibul shaikh\Documents\Car_Color_Detection_AI\data\raw\archive (6)\train\blue\4ab6e6c0f0.jpg,blue,2
c:\Users\hasibul shaikh\Documents\Car_Color_Detection_AI\data\raw\archive (6)\train\red\b79b88b382.jpg,red,10
c:\Users\hasibul shaikh\Documents\Car_Color_Detection_AI\data\raw\archive (6)\train\grey\0a80c835ee.jpg,grey,6
c:\Users\hasibul shaikh\Documents\Car_Color_Detection_AI\data\raw\archive (6)\train\orange\a9acc76478.jpg,orange,7
c:\Users\hasibul shaikh\Documents\Car_Color_Detection_AI\data\raw\archive (6)\train\brown\798f6c5691.jpg,brown,3
c:\Users\hasibul shaikh\Documents\Car_Color_Detection_AI\data\raw\archive (6)\train\yellow\48089297be.jpg,yellow,14
c:\Users\hasibul shaikh\Documents\Car_Color_Detection_AI\data\raw\archive (6)\train\yellow\e316302f45.jpg,yellow,14
c:\Users\hasibul shaikh\Documents\Car_Color_Detection_AI\data\raw\archive (6)\train\grey\ff9a7d5a0a.jpg,grey,6
c:\Users\hasibul shaikh\Documents\Car_Color_Detection_AI\data\raw\archive (6)\train\brown\2184e931f4.jpg,brown,3
c:\Users\hasibul shaikh\Documents\Car_Color_Detection_AI\data\raw\archive (6)\train\silver\bd019b81aa.jpg,silver,11
c:\Users\hasibul shaikh\Documents\Car_Color_Detection_AI\data\raw\archive (6)\train\silver\38e63804b7.jpg,silver,11
c:\Users\hasibul shaikh\Documents\Car_Color_Detection_AI\data\raw\archive (6)\train\blue\7490abc046.jpg,blue,2
c:\Users\hasibul shaikh\Documents\Car_Color_Detection_AI\data\raw\archive (6)\val\blue\05d19c4bb1.jpg,blue,2
c:\Users\hasibul shaikh\Documents\Car_Color_Detection_AI\data\raw\archive (6)\train\grey\b5ae17cd2e.jpg,grey,6
c:\Users\hasibul shaikh\Documents\Car_Color_Detection_AI\data\raw\archive (6)\train\white\697057fc19.jpg,white,13
c:\Users\hasibul shaikh\Documents\Car_Color_Detection_AI\data\raw\archive (6)\train\yellow\cc80e2d2ce.jpg,yellow,14
c:\Users\hasibul shaikh\Documents\Car_Color_Detection_AI\data\raw\archive (6)\test\green\613a0f4105.jpg,green,5
c:\Users\hasibul shaikh\Documents\Car_Color_Detection_AI\data\raw\archive (6)\train\gold\affe9e0135.jpg,gold,4
c:\Users\hasibul shaikh\Documents\Car_Color_Detection_AI\data\raw\archive (6)\train\blue\e20d9c5ebe.jpg,blue,2
c:\Users\hasibul shaikh\Documents\Car_Color_Detection_AI\data\raw\archive (6)\train\pink\a720401614.jpg,pink,8
c:\Users\hasibul shaikh\Documents\Car_Color_Detection_AI\data\raw\archive (6)\train\grey\7a0d8dad6b.jpg,grey,6
c:\Users\hasibul shaikh\Documents\Car_Color_Detection_AI\data\raw\archive (6)\train\orange\a461db10bc.jpg,orange,7
c:\Users\hasibul shaikh\Documents\Car_Color_Detection_AI\data\raw\archive (6)\train\white\79b1924983.jpg,white,13
c:\Users\hasibul shaikh\Documents\Car_Color_Detection_AI\data\raw\archive (6)\train\orange\46cc069a7c.jpg,orange,7
c:\Users\hasibul shaikh\Documents\Car_Color_Detection_AI\data\raw\archive (6)\train\white\3e5538c8af.jpg,white,13
c:\Users\hasibul shaikh\Documents\Car_Color_Detection_AI\data\raw\archive (6)\train\gold\adaf051e5c.jpg,gold,4
c:\Users\hasibul shaikh\Documents\Car_Color_Detection_AI\data\raw\archive (6)\train\yellow\2f19590d6b.jpg,yellow,14
c:\Users\hasibul shaikh\Documents\Car_Color_Detection_AI\data\raw\archive (6)\train\pink\4ec4917250.jpg,pink,8
c:\Users\hasibul shaikh\Documents\Car_Color_Detection_AI\data\raw\archive (6)\train\red\8d828c0da7.jpg,red,10
c:\Users\hasibul shaikh\Documents\Car_Color_Detection_AI\data\raw\archive (6)\train\orange\6449cead40.jpg,orange,7
c:\Users\hasibul shaikh\Documents\Car_Color_Detection_AI\data\raw\archive (6)\train\red\8bd3faa48b.jpg,red,10
c:\Users\hasibul shaikh\Documents\Car_Color_Detection_AI\data\raw\archive (6)\val\yellow\825943bd59.jpg,yellow,14
c:\Users\hasibul shaikh\Documents\Car_Color_Detection_AI\data\raw\archive (6)\train\red\da1632461c.jpg,red,10
c:\Users\hasibul shaikh\Documents\Car_Color_Detection_AI\data\raw\archive (6)\train\purple\b6b585d2b6.jpg,purple,9
c:\Users\hasibul shaikh\Documents\Car_Color_Detection_AI\data\raw\archive (6)\train\silver\359044786c.jpg,silver,11
c:\Users\hasibul shaikh\Documents\Car_Color_Detection_AI\data\raw\archive (6)\train\green\8ead40798d.jpg,green,5
c:\Users\hasibul shaikh\Documents\Car_Color_Detection_AI\data\raw\archive (6)\test\blue\080863fed8.jpg,blue,2
c:\Users\hasibul shaikh\Documents\Car_Color_Detection_AI\data\raw\archive (6)\val\red\6cebff7ccd.jpg,red,10
c:\Users\hasibul shaikh\Documents\Car_Color_Detection_AI\data\raw\archive (6)\train\purple\6cddcdf429.jpg,purple,9
c:\Users\hasibul shaikh\Documents\Car_Color_Detection_AI\data\raw\archive (6)\train\brown\4de3f87535 - Copy.jpg,brown,3
c:\Users\hasibul shaikh\Documents\Car_Color_Detection_AI\data\raw\archive (6)\train\red\3e24c7d228.jpg,red,10
c:\Users\hasibul shaikh\Documents\Car_Color_Detection_AI\data\raw\archive (6)\train\blue\dc7eb06acd.jpg,blue,2
c:\Users\hasibul shaikh\Documents\Car_Color_Detection_AI\data\raw\archive (6)\test\orange\c516f63621.jpg,orange,7
c:\Users\hasibul shaikh\Documents\Car_Color_Detection_AI\data\raw\archive (6)\train\tan\1d81595712.jpg,tan,12
c:\Users\hasibul shaikh\Documents\Car_Color_Detection_AI\data\raw\archive (6)\train\green\e9c296364a.jpg,green,5
c:\Users\hasibul shaikh\Documents\Car_Color_Detection_AI\data\raw\archive (6)\test\brown\377175e490.jpg,brown,3
c:\Users\hasibul shaikh\Documents\Car_Color_Detection_AI\data\raw\archive (6)\train\yellow\dacd33ade8.jpg,yellow,14
c:\Users\hasibul shaikh\Documents\Car_Color_Detection_AI\data\raw\archive (6)\train\black\75467a570c.jpg,black,1
c:\Users\hasibul shaikh\Documents\Car_Color_Detection_AI\data\raw\archive (6)\val\gold\43bfeebcac.jpg,gold,4
c:\Users\hasibul shaikh\Documents\Car_Color_Detection_AI\data\raw\archive (6)\test\pink\686411ca2c.jpg,pink,8
c:\Users\hasibul shaikh\Documents\Car_Color_Detection_AI\data\raw\archive (6)\test\purple\02e85a12ba.jpg,purple,9
c:\Users\hasibul shaikh\Documents\Car_Color_Detection_AI\data\raw\archive (6)\train\yellow\d9d371f482.jpg,yellow,14
c:\Users\hasibul shaikh\Documents\Car_Color_Detection_AI\data\raw\archive (6)\train\pink\bc3f3bde13.jpg,pink,8
c:\Users\hasibul shaikh\Documents\Car_Color_Detection_AI\data\raw\archive (6)\val\beige\5d2ed2b9ad.jpg,beige,0
c:\Users\hasibul shaikh\Documents\Car_Color_Detection_AI\data\raw\archive (6)\train\red\8190975db0.jpg,red,10
c:\Users\hasibul shaikh\Documents\Car_Color_Detection_AI\data\raw\archive (6)\train\pink\7faa0761fd.jpg,pink,8
c:\Users\hasibul shaikh\Documents\Car_Color_Detection_AI\data\raw\archive (6)\train\red\874baca227.jpg,red,10
c:\Users\hasibul shaikh\Documents\Car_Color_Detection_AI\data\raw\archive (6)\val\grey\685d2abf14.jpg,grey,6
c:\Users\hasibul shaikh\Documents\Car_Color_Detection_AI\data\raw\archive (6)\train\grey\f6ecd45b11.jpg,grey,6
c:\Users\hasibul shaikh\Documents\Car_Color_Detection_AI\data\raw\archive (6)\train\beige\34bac4dfbc.jpg,beige,0
c:\Users\hasibul shaikh\Documents\Car_Color_Detection_AI\data\raw\archive (6)\train\yellow\3bff870003.jpg,yellow,14
c:\Users\hasibul shaikh\Documents\Car_Color_Detection_AI\data\raw\archive (6)\train\blue\666cfd8796.jpg,blue,2
c:\Users\hasibul shaikh\Documents\Car_Color_Detection_AI\data\raw\archive (6)\val\green\9c4d0586c9.jpg,green,5
c:\Users\hasibul shaikh\Documents\Car_Color_Detection_AI\data\raw\archive (6)\test\white\a131a2f536.jpg,white,13
c:\Users\hasibul shaikh\Documents\Car_Color_Detection_AI\data\raw\archive (6)\train\silver\70ef007f73.jpg,silver,11
c:\Users\hasibul shaikh\Documents\Car_Color_Detection_AI\data\raw\archive (6)\train\beige\a5b47a6114.jpg,beige,0
c:\Users\hasibul shaikh\Documents\Car_Color_Detection_AI\data\raw\archive (6)\train\red\a27ab41e05.jpg,red,10
c:\Users\hasibul shaikh\Documents\Car_Color_Detection_AI\data\raw\archive (6)\train\black\ef7427e039.jpg,black,1
c:\Users\hasibul shaikh\Documents\Car_Color_Detection_AI\data\raw\archive (6)\train\green\972a3dc9e4.jpg,green,5
c:\Users\hasibul shaikh\Documents\Car_Color_Detection_AI\data\raw\archive (6)\train\grey\f1ebff8705.jpg,grey,6
c:\Users\hasibul shaikh\Documents\Car_Color_Detection_AI\data\raw\archive (6)\val\blue\c91d05c133.jpg,blue,2
c:\Users\hasibul shaikh\Documents\Car_Color_Detection_AI\data\raw\archive (6)\train\brown\aeea059140.jpg,brown,3
c:\Users\hasibul shaikh\Documents\Car_Color_Detection_AI\data\raw\archive (6)\val\silver\ee8a5cd9ee.jpg,silver,11
c:\Users\hasibul shaikh\Documents\Car_Color_Detection_AI\data\raw\archive (6)\train\grey\ac4ec713bd.jpg,grey,6
c:\Users\hasibul shaikh\Documents\Car_Color_Detection_AI\data\raw\archive (6)\train\pink\2edfb25579.jpg,pink,8
c:\Users\hasibul shaikh\Documents\Car_Color_Detection_AI\data\raw\archive (6)\train\white\3b23fe5d58.jpg,white,13
c:\Users\hasibul shaikh\Documents\Car_Color_Detection_AI\data\raw\archive (6)\test\pink\62fb1aec7f.jpg,pink,8
c:\Users\hasibul shaikh\Documents\Car_Color_Detection_AI\data\raw\archive (6)\train\gold\977aeda8db.jpg,gold,4
c:\Users\hasibul shaikh\Documents\Car_Color_Detection_AI\data\raw\archive (6)\test\black\59024e680d.jpg,black,1
c:\Users\hasibul shaikh\Documents\Car_Color_Detection_AI\data\raw\archive (6)\train\beige\c425cebf13.jpg,beige,0
c:\Users\hasibul shaikh\Documents\Car_Color_Detection_AI\data\raw\archive (6)\train\green\08f99bcc5e.jpg,green,5
c:\Users\hasibul shaikh\Documents\Car_Color_Detection_AI\data\raw\archive (6)\train\green\561cdfc6c9.jpg,green,5
c:\Users\hasibul shaikh\Documents\Car_Color_Detection_AI\data\raw\archive (6)\test\orange\0a7faf1a81.jpg,orange,7
c:\Users\hasibul shaikh\Documents\Car_Color_Detection_AI\data\raw\archive (6)\train\red\926667d096.jpg,red,10
c:\Users\hasibul shaikh\Documents\Car_Color_Detection_AI\data\raw\archive (6)\val\grey\b7b1b07791.jpg,grey,6
c:\Users\hasibul shaikh\Documents\Car_Color_Detection_AI\data\raw\archive (6)\train\black\f05e7b8c3b.jpg,black,1
c:\Users\hasibul shaikh\Documents\Car_Color_Detection_AI\data\raw\archive (6)\train\beige\72cecd27f4.jpg,beige,0
c:\Users\hasibul shaikh\Documents\Car_Color_Detection_AI\data\raw\archive (6)\train\white\c46c83f609.jpg,white,13
c:\Users\hasibul shaikh\Documents\Car_Color_Detection_AI\data\raw\archive (6)\train\red\ebb6c0ff17.jpg,red,10
c:\Users\hasibul shaikh\Documents\Car_Color_Detection_AI\data\raw\archive (6)\test\brown\7cdf3f248b.jpg,brown,3
c:\Users\hasibul shaikh\Documents\Car_Color_Detection_AI\data\raw\archive (6)\test\blue\7d2cfbd54e.jpg,blue,2
c:\Users\hasibul shaikh\Documents\Car_Color_Detection_AI\data\raw\archive (6)\train\yellow\49a5110d70.jpg,yellow,14
c:\Users\hasibul shaikh\Documents\Car_Color_Detection_AI\data\raw\archive (6)\val\orange\644e869106.jpg,orange,7
c:\Users\hasibul shaikh\Documents\Car_Color_Detection_AI\data\raw\archive (6)\train\orange\0a2519ed91.jpg,orange,7
c:\Users\hasibul shaikh\Documents\Car_Color_Detection_AI\data\raw\archive (6)\train\brown\2f466ab7e4.jpg,brown,3
c:\Users\hasibul shaikh\Documents\Car_Color_Detection_AI\data\raw\archive (6)\train\black\dae38ee829.jpg,black,1
c:\Users\hasibul shaikh\Documents\Car_Color_Detection_AI\data\raw\archive (6)\test\brown\a7f8f35a98.jpg,brown,3
c:\Users\hasibul shaikh\Documents\Car_Color_Detection_AI\data\raw\archive (6)\train\beige\d4ceeee244.jpg,beige,0
c:\Users\hasibul shaikh\Documents\Car_Color_Detection_AI\data\raw\archive (6)\train\yellow\a06ad5bbb5.jpg,yellow,14
c:\Users\hasibul shaikh\Documents\Car_Color_Detection_AI\data\raw\archive (6)\train\grey\2d9488fd54.jpg,grey,6
c:\Users\hasibul shaikh\Documents\Car_Color_Detection_AI\data\raw\archive (6)\train\pink\bfb03f770c.jpg,pink,8
c:\Users\hasibul shaikh\Documents\Car_Color_Detection_AI\data\raw\archive (6)\train\grey\930590c72a.jpg,grey,6
c:\Users\hasibul shaikh\Documents\Car_Color_Detection_AI\data\raw\archive (6)\val\pink\9cb5d1e848.jpg,pink,8
c:\Users\hasibul shaikh\Documents\Car_Color_Detection_AI\data\raw\archive (6)\val\red\5923a65d32.jpg,red,10
c:\Users\hasibul shaikh\Documents\Car_Color_Detection_AI\data\raw\archive (6)\train\blue\9269dead79.jpg,blue,2
c:\Users\hasibul shaikh\Documents\Car_Color_Detection_AI\data\raw\archive (6)\test\blue\f82d02d665.jpg,blue,2
c:\Users\hasibul shaikh\Documents\Car_Color_Detection_AI\data\raw\archive (6)\train\yellow\65ebe7f621.jpg,yellow,14
c:\Users\hasibul shaikh\Documents\Car_Color_Detection_AI\data\raw\archive (6)\train\black\826bcb5f55.jpg,black,1
c:\Users\hasibul shaikh\Documents\Car_Color_Detection_AI\data\raw\archive (6)\train\pink\7302a1a979.jpg,pink,8
c:\Users\hasibul shaikh\Documents\Car_Color_Detection_AI\data\raw\archive (6)\train\blue\bdd7df9e66.jpg,blue,2
c:\Users\hasibul shaikh\Documents\Car_Color_Detection_AI\data\raw\archive (6)\train\yellow\75d8e3904f.jpg,yellow,14
c:\Users\hasibul shaikh\Documents\Car_Color_Detection_AI\data\raw\archive (6)\train\red\482b0fd5d1.jpg,red,10
c:\Users\hasibul shaikh\Documents\Car_Color_Detection_AI\data\raw\archive (6)\val\beige\c91bf56507.jpg,beige,0
c:\Users\hasibul shaikh\Documents\Car_Color_Detection_AI\data\raw\archive (6)\train\blue\089dbf187d.jpg,blue,2
c:\Users\hasibul shaikh\Documents\Car_Color_Detection_AI\data\raw\archive (6)\test\tan\096d430280.jpg,tan,12
c:\Users\hasibul shaikh\Documents\Car_Color_Detection_AI\data\raw\archive (6)\train\beige\7ac63f0d55.jpg,beige,0
c:\Users\hasibul shaikh\Documents\Car_Color_Detection_AI\data\raw\archive (6)\train\beige\8da9a2790b.jpg,beige,0
c:\Users\hasibul shaikh\Documents\Car_Color_Detection_AI\data\raw\archive (6)\val\orange\07691cf2ab.jpg,orange,7
c:\Users\hasibul shaikh\Documents\Car_Color_Detection_AI\data\raw\archive (6)\train\tan\86f86edbcd.jpg,tan,12
c:\Users\hasibul shaikh\Documents\Car_Color_Detection_AI\data\raw\archive (6)\train\grey\f65acfc950.jpg,grey,6
c:\Users\hasibul shaikh\Documents\Car_Color_Detection_AI\data\raw\archive (6)\train\black\c4f040514a.jpg,black,1
c:\Users\hasibul shaikh\Documents\Car_Color_Detection_AI\data\raw\archive (6)\train\white\73b85b86bc.jpg,white,13
c:\Users\hasibul shaikh\Documents\Car_Color_Detection_AI\data\raw\archive (6)\train\orange\2aa80e9d7e.jpg,orange,7
c:\Users\hasibul shaikh\Documents\Car_Color_Detection_AI\data\raw\archive (6)\test\pink\56d72f6f20.jpg,pink,8
c:\Users\hasibul shaikh\Documents\Car_Color_Detection_AI\data\raw\archive (6)\train\orange\35430e66af.jpg,orange,7
c:\Users\hasibul shaikh\Documents\Car_Color_Detection_AI\data\raw\archive (6)\test\white\c27b6c305a.jpg,white,13
c:\Users\hasibul shaikh\Documents\Car_Color_Detection_AI\data\raw\archive (6)\train\grey\cc52b0beac.jpg,grey,6
c:\Users\hasibul shaikh\Documents\Car_Color_Detection_AI\data\raw\archive (6)\train\green\b1061b21a1.jpg,green,5
c:\Users\hasibul shaikh\Documents\Car_Color_Detection_AI\data\raw\archive (6)\test\brown\498731089a.jpg,brown,3
c:\Users\hasibul shaikh\Documents\Car_Color_Detection_AI\data\raw\archive (6)\train\orange\c4bd22696e.jpg,orange,7
c:\Users\hasibul shaikh\Documents\Car_Color_Detection_AI\data\raw\archive (6)\train\orange\2519452a8c.jpg,orange,7
c:\Users\hasibul shaikh\Documents\Car_Color_Detection_AI\data\raw\archive (6)\train\green\2bc59b9f45.jpg,green,5
c:\Users\hasibul shaikh\Documents\Car_Color_Detection_AI\data\raw\archive (6)\train\black\76fd67d834.jpg,black,1
c:\Users\hasibul shaikh\Documents\Car_Color_Detection_AI\data\raw\archive (6)\val\blue\18953c4774.jpg,blue,2
c:\Users\hasibul shaikh\Documents\Car_Color_Detection_AI\data\raw\archive (6)\train\red\1b814eb34d.jpg,red,10
c:\Users\hasibul shaikh\Documents\Car_Color_Detection_AI\data\raw\archive (6)\train\yellow\2af17332e2.jpg,yellow,14
c:\Users\hasibul shaikh\Documents\Car_Color_Detection_AI\data\raw\archive (6)\train\black\82010bfe31.jpg,black,1
c:\Users\hasibul shaikh\Documents\Car_Color_Detection_AI\data\raw\archive (6)\train\purple\17a8dff468.jpg,purple,9
c:\Users\hasibul shaikh\Documents\Car_Color_Detection_AI\data\raw\archive (6)\train\red\a6a5ff2a65.jpg,red,10
c:\Users\hasibul shaikh\Documents\Car_Color_Detection_AI\data\raw\archive (6)\test\orange\b50d20a898.jpg,orange,7
c:\Users\hasibul shaikh\Documents\Car_Color_Detection_AI\data\raw\archive (6)\train\brown\12184e3ea8.jpg,brown,3
c:\Users\hasibul shaikh\Documents\Car_Color_Detection_AI\data\raw\archive (6)\train\yellow\34603962a8.jpg,yellow,14
c:\Users\hasibul shaikh\Documents\Car_Color_Detection_AI\data\raw\archive (6)\train\green\f3332df1d8.jpg,green,5
c:\Users\hasibul shaikh\Documents\Car_Color_Detection_AI\data\raw\archive (6)\test\black\a667da785d.jpg,black,1
c:\Users\hasibul shaikh\Documents\Car_Color_Detection_AI\data\raw\archive (6)\train\white\1a0b40ee69.jpg,white,13
c:\Users\hasibul shaikh\Documents\Car_Color_Detection_AI\data\raw\archive (6)\train\white\5e04360fe7.jpg,white,13
c:\Users\hasibul shaikh\Documents\Car_Color_Detection_AI\data\raw\archive (6)\train\green\d17821ea8f.jpg,green,5
c:\Users\hasibul shaikh\Documents\Car_Color_Detection_AI\data\raw\archive (6)\train\brown\a3d564618d.jpg,brown,3
c:\Users\hasibul shaikh\Documents\Car_Color_Detection_AI\data\raw\archive (6)\train\purple\db7e8ced39.jpg,purple,9
c:\Users\hasibul shaikh\Documents\Car_Color_Detection_AI\data\raw\archive (6)\train\purple\d8e916b767.jpg,purple,9
c:\Users\hasibul shaikh\Documents\Car_Color_Detection_AI\data\raw\archive (6)\train\orange\c957fe14c0.jpg,orange,7
c:\Users\hasibul shaikh\Documents\Car_Color_Detection_AI\data\raw\archive (6)\test\beige\c8f5442d41.jpg,beige,0
c:\Users\hasibul shaikh\Documents\Car_Color_Detection_AI\data\raw\archive (6)\val\green\e0f1a082ef.jpg,green,5
c:\Users\hasibul shaikh\Documents\Car_Color_Detection_AI\data\raw\archive (6)\train\yellow\e483a3564a.jpg,yellow,14
c:\Users\hasibul shaikh\Documents\Car_Color_Detection_AI\data\raw\archive (6)\train\white\b5e16bcdea.jpg,white,13
c:\Users\hasibul shaikh\Documents\Car_Color_Detection_AI\data\raw\archive (6)\train\purple\0964889f57.jpg,purple,9
c:\Users\hasibul shaikh\Documents\Car_Color_Detection_AI\data\raw\archive (6)\train\pink\5a217ec5d7.jpg,pink,8
c:\Users\hasibul shaikh\Documents\Car_Color_Detection_AI\data\raw\archive (6)\train\green\c5b39f777e.jpg,green,5
c:\Users\hasibul shaikh\Documents\Car_Color_Detection_AI\data\raw\archive (6)\val\purple\ff8196cdfe.jpg,purple,9
c:\Users\hasibul shaikh\Documents\Car_Color_Detection_AI\data\raw\archive (6)\val\purple\2844af5950.jpg,purple,9
c:\Users\hasibul shaikh\Documents\Car_Color_Detection_AI\data\raw\archive (6)\train\green\78c70d7889.jpg,green,5
c:\Users\hasibul shaikh\Documents\Car_Color_Detection_AI\data\raw\archive (6)\train\white\daa85e70b5.jpg,white,13
c:\Users\hasibul shaikh\Documents\Car_Color_Detection_AI\data\raw\archive (6)\val\yellow\074dd0ab0e.jpg,yellow,14
c:\Users\hasibul shaikh\Documents\Car_Color_Detection_AI\data\raw\archive (6)\test\brown\bdacc50724.jpg,brown,3
c:\Users\hasibul shaikh\Documents\Car_Color_Detection_AI\data\raw\archive (6)\test\blue\18a00115a9.jpg,blue,2
c:\Users\hasibul shaikh\Documents\Car_Color_Detection_AI\data\raw\archive (6)\train\brown\d2641f7dc2.jpg,brown,3
c:\Users\hasibul shaikh\Documents\Car_Color_Detection_AI\data\raw\archive (6)\train\brown\6166bc9215.jpg,brown,3
c:\Users\hasibul shaikh\Documents\Car_Color_Detection_AI\data\raw\archive (6)\train\yellow\384cf47343.jpg,yellow,14
c:\Users\hasibul shaikh\Documents\Car_Color_Detection_AI\data\raw\archive (6)\train\brown\e2bc294be6.jpg,brown,3
c:\Users\hasibul shaikh\Documents\Car_Color_Detection_AI\data\raw\archive (6)\test\white\dd36185aad.jpg,white,13
c:\Users\hasibul shaikh\Documents\Car_Color_Detection_AI\data\raw\archive (6)\train\red\8fb6f6dedf.jpg,red,10
c:\Users\hasibul shaikh\Documents\Car_Color_Detection_AI\data\raw\archive (6)\test\orange\efe9aa87c5.jpg,orange,7
c:\Users\hasibul shaikh\Documents\Car_Color_Detection_AI\data\raw\archive (6)\train\blue\fc3a9419c8.jpg,blue,2
c:\Users\hasibul shaikh\Documents\Car_Color_Detection_AI\data\raw\archive (6)\test\white\6b80577649.jpg,white,13
c:\Users\hasibul shaikh\Documents\Car_Color_Detection_AI\data\raw\archive (6)\train\brown\a72788787e.jpg,brown,3
c:\Users\hasibul shaikh\Documents\Car_Color_Detection_AI\data\raw\archive (6)\test\red\3a4146b5f8.jpg,red,10
c:\Users\hasibul shaikh\Documents\Car_Color_Detection_AI\data\raw\archive (6)\train\black\41f5742aa6.jpg,black,1
c:\Users\hasibul shaikh\Documents\Car_Color_Detection_AI\data\raw\archive (6)\train\green\0fa6bde66d.jpg,green,5
c:\Users\hasibul shaikh\Documents\Car_Color_Detection_AI\data\raw\archive (6)\train\red\b408e0c939.jpg,red,10
c:\Users\hasibul shaikh\Documents\Car_Color_Detection_AI\data\raw\archive (6)\train\beige\3dc9455d44.jpg,beige,0
c:\Users\hasibul shaikh\Documents\Car_Color_Detection_AI\data\raw\archive (6)\train\yellow\50598480c4.jpg,yellow,14
c:\Users\hasibul shaikh\Documents\Car_Color_Detection_AI\data\raw\archive (6)\train\green\a931e07570.jpg,green,5
c:\Users\hasibul shaikh\Documents\Car_Color_Detection_AI\data\raw\archive (6)\test\blue\2fda5fc7b8.jpg,blue,2
c:\Users\hasibul shaikh\Documents\Car_Color_Detection_AI\data\raw\archive (6)\train\beige\b61a136099.jpg,beige,0
c:\Users\hasibul shaikh\Documents\Car_Color_Detection_AI\data\raw\archive (6)\train\orange\658c8aa32f.jpg,orange,7
c:\Users\hasibul shaikh\Documents\Car_Color_Detection_AI\data\raw\archive (6)\train\blue\5d1f98c2a1.jpg,blue,2
c:\Users\hasibul shaikh\Documents\Car_Color_Detection_AI\data\raw\archive (6)\train\purple\33e84b1d67.jpg,purple,9
c:\Users\hasibul shaikh\Documents\Car_Color_Detection_AI\data\raw\archive (6)\val\yellow\3c9d0e01e1.jpg,yellow,14
c:\Users\hasibul shaikh\Documents\Car_Color_Detection_AI\data\raw\archive (6)\test\brown\0a84ca794f - Copy.jpg,brown,3
c:\Users\hasibul shaikh\Documents\Car_Color_Detection_AI\data\raw\archive (6)\test\pink\0e42e72b3d.jpg,pink,8
c:\Users\hasibul shaikh\Documents\Car_Color_Detection_AI\data\raw\archive (6)\train\red\77c101f815.jpg,red,10
c:\Users\hasibul shaikh\Documents\Car_Color_Detection_AI\data\raw\archive (6)\val\tan\3485ba8b21.jpg,tan,12
c:\Users\hasibul shaikh\Documents\Car_Color_Detection_AI\data\raw\archive (6)\train\brown\dcd8c36f2f.jpg,brown,3
c:\Users\hasibul shaikh\Documents\Car_Color_Detection_AI\data\raw\archive (6)\train\beige\ef8abc75ca.jpg,beige,0
c:\Users\hasibul shaikh\Documents\Car_Color_Detection_AI\data\raw\archive (6)\test\silver\5f485d0c7e.jpg,silver,11
c:\Users\hasibul shaikh\Documents\Car_Color_Detection_AI\data\raw\archive (6)\train\orange\a7e0ae094f.jpg,orange,7
c:\Users\hasibul shaikh\Documents\Car_Color_Detection_AI\data\raw\archive (6)\train\orange\e865d8da86.jpg,orange,7
c:\Users\hasibul shaikh\Documents\Car_Color_Detection_AI\data\raw\archive (6)\test\pink\2d3dfb100a.jpg,pink,8
c:\Users\hasibul shaikh\Documents\Car_Color_Detection_AI\data\raw\archive (6)\train\blue\a9c88fdc92.jpg,blue,2
c:\Users\hasibul shaikh\Documents\Car_Color_Detection_AI\data\raw\archive (6)\train\black\a81eaabdc7.jpg,black,1
c:\Users\hasibul shaikh\Documents\Car_Color_Detection_AI\data\raw\archive (6)\test\white\f07a0dcd84.jpg,white,13
c:\Users\hasibul shaikh\Documents\Car_Color_Detection_AI\data\raw\archive (6)\train\brown\b2067e8f23.jpg,brown,3
c:\Users\hasibul shaikh\Documents\Car_Color_Detection_AI\data\raw\archive (6)\train\blue\64398ff2c1.jpg,blue,2
c:\Users\hasibul shaikh\Documents\Car_Color_Detection_AI\data\raw\archive (6)\train\blue\b898e4325d.jpg,blue,2
c:\Users\hasibul shaikh\Documents\Car_Color_Detection_AI\data\raw\archive (6)\train\silver\b97fd4cc57.jpg,silver,11
c:\Users\hasibul shaikh\Documents\Car_Color_Detection_AI\data\raw\archive (6)\val\pink\595815d83b.jpg,pink,8
c:\Users\hasibul shaikh\Documents\Car_Color_Detection_AI\data\raw\archive (6)\train\beige\6a10ac4794.jpg,beige,0
c:\Users\hasibul shaikh\Documents\Car_Color_Detection_AI\data\raw\archive (6)\train\green\a90594b805.jpg,green,5
c:\Users\hasibul shaikh\Documents\Car_Color_Detection_AI\data\raw\archive (6)\train\orange\5cb9481617.jpg,orange,7
c:\Users\hasibul shaikh\Documents\Car_Color_Detection_AI\data\raw\archive (6)\train\red\698976a48a.jpg,red,10
c:\Users\hasibul shaikh\Documents\Car_Color_Detection_AI\data\raw\archive (6)\train\black\e0efd66a68.jpg,black,1
c:\Users\hasibul shaikh\Documents\Car_Color_Detection_AI\data\raw\archive (6)\train\yellow\e71a7db75f.jpg,yellow,14
c:\Users\hasibul shaikh\Documents\Car_Color_Detection_AI\data\raw\archive (6)\train\green\946ba999d6.jpg,green,5
c:\Users\hasibul shaikh\Documents\Car_Color_Detection_AI\data\raw\archive (6)\train\green\dd7fb09e4c.jpg,green,5
c:\Users\hasibul shaikh\Documents\Car_Color_Detection_AI\data\raw\archive (6)\val\purple\4cf17e5b4c.jpg,purple,9
c:\Users\hasibul shaikh\Documents\Car_Color_Detection_AI\data\raw\archive (6)\test\purple\b8e5cae9c5.jpg,purple,9
c:\Users\hasibul shaikh\Documents\Car_Color_Detection_AI\data\raw\archive (6)\train\brown\2fcf9683db.jpg,brown,3
c:\Users\hasibul shaikh\Documents\Car_Color_Detection_AI\data\raw\archive (6)\train\yellow\441ba6918d.jpg,yellow,14
c:\Users\hasibul shaikh\Documents\Car_Color_Detection_AI\data\raw\archive (6)\train\tan\fad41aaa56.jpg,tan,12
c:\Users\hasibul shaikh\Documents\Car_Color_Detection_AI\data\raw\archive (6)\test\green\a619b69be6.jpg,green,5
c:\Users\hasibul shaikh\Documents\Car_Color_Detection_AI\data\raw\archive (6)\train\white\7845f9df02.jpg,white,13
c:\Users\hasibul shaikh\Documents\Car_Color_Detection_AI\data\raw\archive (6)\train\blue\90d52979ea.jpg,blue,2
c:\Users\hasibul shaikh\Documents\Car_Color_Detection_AI\data\raw\archive (6)\val\blue\b45adf0a93.jpg,blue,2
c:\Users\hasibul shaikh\Documents\Car_Color_Detection_AI\data\raw\archive (6)\val\silver\4458089467.jpg,silver,11
c:\Users\hasibul shaikh\Documents\Car_Color_Detection_AI\data\raw\archive (6)\test\green\9b0a749209.jpg,green,5
c:\Users\hasibul shaikh\Documents\Car_Color_Detection_AI\data\raw\archive (6)\train\blue\20cb4dbea1.jpg,blue,2
c:\Users\hasibul shaikh\Documents\Car_Color_Detection_AI\data\raw\archive (6)\test\black\5ca992643a.jpg,black,1
c:\Users\hasibul shaikh\Documents\Car_Color_Detection_AI\data\raw\archive (6)\test\green\85d057ef7c.jpg,green,5
c:\Users\hasibul shaikh\Documents\Car_Color_Detection_AI\data\raw\archive (6)\train\white\848ab36408.jpg,white,13
c:\Users\hasibul shaikh\Documents\Car_Color_Detection_AI\data\raw\archive (6)\train\red\c7ef65a829.jpg,red,10
c:\Users\hasibul shaikh\Documents\Car_Color_Detection_AI\data\raw\archive (6)\val\purple\9dd82d1937.jpg,purple,9
c:\Users\hasibul shaikh\Documents\Car_Color_Detection_AI\data\raw\archive (6)\val\yellow\90d96e810c.jpg,yellow,14
c:\Users\hasibul shaikh\Documents\Car_Color_Detection_AI\data\raw\archive (6)\test\brown\2754fc7a2c.jpg,brown,3
c:\Users\hasibul shaikh\Documents\Car_Color_Detection_AI\data\raw\archive (6)\train\black\15c1263100.jpg,black,1
c:\Users\hasibul shaikh\Documents\Car_Color_Detection_AI\data\raw\archive (6)\train\brown\677685719f.jpg,brown,3
c:\Users\hasibul shaikh\Documents\Car_Color_Detection_AI\data\raw\archive (6)\train\blue\1ebf9ef09f.jpg,blue,2
c:\Users\hasibul shaikh\Documents\Car_Color_Detection_AI\data\raw\archive (6)\val\tan\6c0584ec21.jpg,tan,12
c:\Users\hasibul shaikh\Documents\Car_Color_Detection_AI\data\raw\archive (6)\test\pink\22bbcdaef5.jpg,pink,8
c:\Users\hasibul shaikh\Documents\Car_Color_Detection_AI\data\raw\archive (6)\train\orange\4e1bbf47b0.jpg,orange,7
c:\Users\hasibul shaikh\Documents\Car_Color_Detection_AI\data\raw\archive (6)\train\pink\78d8b539a1.jpg,pink,8
c:\Users\hasibul shaikh\Documents\Car_Color_Detection_AI\data\raw\archive (6)\test\beige\e426288d30.jpg,beige,0
c:\Users\hasibul shaikh\Documents\Car_Color_Detection_AI\data\raw\archive (6)\test\red\f332651718.jpg,red,10
c:\Users\hasibul shaikh\Documents\Car_Color_Detection_AI\data\raw\archive (6)\train\purple\5689cb8872.jpg,purple,9
c:\Users\hasibul shaikh\Documents\Car_Color_Detection_AI\data\raw\archive (6)\train\green\4de5952058.jpg,green,5
c:\Users\hasibul shaikh\Documents\Car_Color_Detection_AI\data\raw\archive (6)\train\yellow\79a32b4376.jpg,yellow,14
c:\Users\hasibul shaikh\Documents\Car_Color_Detection_AI\data\raw\archive (6)\train\green\5907ad2f23.jpg,green,5
c:\Users\hasibul shaikh\Documents\Car_Color_Detection_AI\data\raw\archive (6)\train\orange\ad34d809ac.jpg,orange,7
c:\Users\hasibul shaikh\Documents\Car_Color_Detection_AI\data\raw\archive (6)\val\silver\cde83dd63f.jpg,silver,11
c:\Users\hasibul shaikh\Documents\Car_Color_Detection_AI\data\raw\archive (6)\train\grey\2aa9c73bbf.jpg,grey,6
c:\Users\hasibul shaikh\Documents\Car_Color_Detection_AI\data\raw\archive (6)\train\purple\2b443c76e6.jpg,purple,9
c:\Users\hasibul shaikh\Documents\Car_Color_Detection_AI\data\raw\archive (6)\val\white\e2ff5c5e97.jpg,white,13
c:\Users\hasibul shaikh\Documents\Car_Color_Detection_AI\data\raw\archive (6)\train\purple\aa6df6cc97.jpg,purple,9
c:\Users\hasibul shaikh\Documents\Car_Color_Detection_AI\data\raw\archive (6)\test\red\47614868d3.jpg,red,10
c:\Users\hasibul shaikh\Documents\Car_Color_Detection_AI\data\raw\archive (6)\train\pink\8e8055beee.jpg,pink,8
c:\Users\hasibul shaikh\Documents\Car_Color_Detection_AI\data\raw\archive (6)\train\black\21b8179313.jpg,black,1
c:\Users\hasibul shaikh\Documents\Car_Color_Detection_AI\data\raw\archive (6)\train\green\7478928762.jpg,green,5
c:\Users\hasibul shaikh\Documents\Car_Color_Detection_AI\data\raw\archive (6)\val\white\59da7fda03.jpg,white,13
c:\Users\hasibul shaikh\Documents\Car_Color_Detection_AI\data\raw\archive (6)\train\yellow\87e6951a58.jpg,yellow,14
c:\Users\hasibul shaikh\Documents\Car_Color_Detection_AI\data\raw\archive (6)\val\green\c1c10ddd9c.jpg,green,5
c:\Users\hasibul shaikh\Documents\Car_Color_Detection_AI\data\raw\archive (6)\train\orange\0037f57e4a.jpg,orange,7
c:\Users\hasibul shaikh\Documents\Car_Color_Detection_AI\data\raw\archive (6)\train\pink\21827e6037.jpg,pink,8
c:\Users\hasibul shaikh\Documents\Car_Color_Detection_AI\data\raw\archive (6)\train\blue\896076c254.jpg,blue,2
c:\Users\hasibul shaikh\Documents\Car_Color_Detection_AI\data\raw\archive (6)\train\orange\976f40953b.jpg,orange,7
c:\Users\hasibul shaikh\Documents\Car_Color_Detection_AI\data\raw\archive (6)\train\silver\5eecdc15b1.jpg,silver,11
c:\Users\hasibul shaikh\Documents\Car_Color_Detection_AI\data\raw\archive (6)\train\pink\8c70b9d176.jpg,pink,8
c:\Users\hasibul shaikh\Documents\Car_Color_Detection_AI\data\raw\archive (6)\train\pink\c2d6a80c16.jpg,pink,8
c:\Users\hasibul shaikh\Documents\Car_Color_Detection_AI\data\raw\archive (6)\train\blue\2ec5fc1726.jpg,blue,2
c:\Users\hasibul shaikh\Documents\Car_Color_Detection_AI\data\raw\archive (6)\val\grey\0b42d66b00.jpg,grey,6
c:\Users\hasibul shaikh\Documents\Car_Color_Detection_AI\data\raw\archive (6)\train\white\add611a151.jpg,white,13
c:\Users\hasibul shaikh\Documents\Car_Color_Detection_AI\data\raw\archive (6)\val\blue\ae4c722eaa.jpg,blue,2
c:\Users\hasibul shaikh\Documents\Car_Color_Detection_AI\data\raw\archive (6)\val\gold\45a01ac896.jpg,gold,4
c:\Users\hasibul shaikh\Documents\Car_Color_Detection_AI\data\raw\archive (6)\train\yellow\e88853e6db.jpg,yellow,14
c:\Users\hasibul shaikh\Documents\Car_Color_Detection_AI\data\raw\archive (6)\test\tan\8fcd67331b.jpg,tan,12
c:\Users\hasibul shaikh\Documents\Car_Color_Detection_AI\data\raw\archive (6)\train\pink\58cd9bd0e1.jpg,pink,8
c:\Users\hasibul shaikh\Documents\Car_Color_Detection_AI\data\raw\archive (6)\train\green\2e554bc60b.jpg,green,5
c:\Users\hasibul shaikh\Documents\Car_Color_Detection_AI\data\raw\archive (6)\val\brown\f1f49b9492.jpg,brown,3
c:\Users\hasibul shaikh\Documents\Car_Color_Detection_AI\data\raw\archive (6)\test\grey\8caf3eb8b5.jpg,grey,6
c:\Users\hasibul shaikh\Documents\Car_Color_Detection_AI\data\raw\archive (6)\train\pink\c83084f8e4.jpg,pink,8
c:\Users\hasibul shaikh\Documents\Car_Color_Detection_AI\data\raw\archive (6)\val\tan\6b1aea91e0.jpg,tan,12
c:\Users\hasibul shaikh\Documents\Car_Color_Detection_AI\data\raw\archive (6)\train\yellow\70057a9a90.jpg,yellow,14
c:\Users\hasibul shaikh\Documents\Car_Color_Detection_AI\data\raw\archive (6)\train\pink\69a25b5188.jpg,pink,8
c:\Users\hasibul shaikh\Documents\Car_Color_Detection_AI\data\raw\archive (6)\train\brown\385cf3223c.jpg,brown,3
c:\Users\hasibul shaikh\Documents\Car_Color_Detection_AI\data\raw\archive (6)\val\pink\97508637ea.jpg,pink,8
c:\Users\hasibul shaikh\Documents\Car_Color_Detection_AI\data\raw\archive (6)\val\black\a3251e86a6.jpg,black,1
c:\Users\hasibul shaikh\Documents\Car_Color_Detection_AI\data\raw\archive (6)\train\silver\d050fd229c.jpg,silver,11
c:\Users\hasibul shaikh\Documents\Car_Color_Detection_AI\data\raw\archive (6)\train\pink\f36eafd033.jpg,pink,8
c:\Users\hasibul shaikh\Documents\Car_Color_Detection_AI\data\raw\archive (6)\train\green\46a330f516.jpg,green,5
c:\Users\hasibul shaikh\Documents\Car_Color_Detection_AI\data\raw\archive (6)\train\yellow\894b30e2a8.jpg,yellow,14
c:\Users\hasibul shaikh\Documents\Car_Color_Detection_AI\data\raw\archive (6)\train\gold\5b4f9193c4.jpg,gold,4
c:\Users\hasibul shaikh\Documents\Car_Color_Detection_AI\data\raw\archive (6)\train\gold\4a246fbdad.jpg,gold,4
c:\Users\hasibul shaikh\Documents\Car_Color_Detection_AI\data\raw\archive (6)\test\green\0be657cf88.jpg,green,5
c:\Users\hasibul shaikh\Documents\Car_Color_Detection_AI\data\raw\archive (6)\train\silver\99b5207513.jpg,silver,11
c:\Users\hasibul shaikh\Documents\Car_Color_Detection_AI\data\raw\archive (6)\train\tan\25193bae3c.jpg,tan,12
c:\Users\hasibul shaikh\Documents\Car_Color_Detection_AI\data\raw\archive (6)\test\silver\940bcac6c0.jpg,silver,11
c:\Users\hasibul shaikh\Documents\Car_Color_Detection_AI\data\raw\archive (6)\train\grey\e2a3d8aa16.jpg,grey,6
c:\Users\hasibul shaikh\Documents\Car_Color_Detection_AI\data\raw\archive (6)\train\blue\bac9fb2609.jpg,blue,2
c:\Users\hasibul shaikh\Documents\Car_Color_Detection_AI\data\raw\archive (6)\train\blue\622411912c.jpg,blue,2
c:\Users\hasibul shaikh\Documents\Car_Color_Detection_AI\data\raw\archive (6)\train\beige\70ec496b1f.jpg,beige,0
c:\Users\hasibul shaikh\Documents\Car_Color_Detection_AI\data\raw\archive (6)\train\yellow\213a338d3c.jpg,yellow,14
c:\Users\hasibul shaikh\Documents\Car_Color_Detection_AI\data\raw\archive (6)\train\red\43cd652743.jpg,red,10
c:\Users\hasibul shaikh\Documents\Car_Color_Detection_AI\data\raw\archive (6)\train\tan\b0cabcc92a.jpg,tan,12
c:\Users\hasibul shaikh\Documents\Car_Color_Detection_AI\data\raw\archive (6)\train\purple\625b93e4f6.jpg,purple,9
c:\Users\hasibul shaikh\Documents\Car_Color_Detection_AI\data\raw\archive (6)\train\yellow\44ba14a667.jpg,yellow,14
c:\Users\hasibul shaikh\Documents\Car_Color_Detection_AI\data\raw\archive (6)\train\blue\748e318608.jpg,blue,2
c:\Users\hasibul shaikh\Documents\Car_Color_Detection_AI\data\raw\archive (6)\train\beige\d1314a4301.jpg,beige,0
c:\Users\hasibul shaikh\Documents\Car_Color_Detection_AI\data\raw\archive (6)\train\tan\4c418da2e9.jpg,tan,12
c:\Users\hasibul shaikh\Documents\Car_Color_Detection_AI\data\raw\archive (6)\train\tan\0661d2c26b.jpg,tan,12
c:\Users\hasibul shaikh\Documents\Car_Color_Detection_AI\data\raw\archive (6)\test\silver\d4c6973cb7.jpg,silver,11
c:\Users\hasibul shaikh\Documents\Car_Color_Detection_AI\data\raw\archive (6)\train\red\6e7c55ac8f.jpg,red,10
c:\Users\hasibul shaikh\Documents\Car_Color_Detection_AI\data\raw\archive (6)\train\brown\f9a70616d7.jpg,brown,3
c:\Users\hasibul shaikh\Documents\Car_Color_Detection_AI\data\raw\archive (6)\train\green\7c8d5f05de.jpg,green,5
c:\Users\hasibul shaikh\Documents\Car_Color_Detection_AI\data\raw\archive (6)\train\tan\41fdc7f584.jpg,tan,12
c:\Users\hasibul shaikh\Documents\Car_Color_Detection_AI\data\raw\archive (6)\train\purple\d95b1e6e5e.jpg,purple,9
c:\Users\hasibul shaikh\Documents\Car_Color_Detection_AI\data\raw\archive (6)\test\blue\afa95cafee.jpg,blue,2
c:\Users\hasibul shaikh\Documents\Car_Color_Detection_AI\data\raw\archive (6)\train\pink\90af7021ab.jpg,pink,8
c:\Users\hasibul shaikh\Documents\Car_Color_Detection_AI\data\raw\archive (6)\train\tan\ff5f804932.jpg,tan,12
c:\Users\hasibul shaikh\Documents\Car_Color_Detection_AI\data\raw\archive (6)\test\orange\5296b8f116.jpg,orange,7
c:\Users\hasibul shaikh\Documents\Car_Color_Detection_AI\data\raw\archive (6)\test\pink\b8358af6ea.jpg,pink,8
c:\Users\hasibul shaikh\Documents\Car_Color_Detection_AI\data\raw\archive (6)\train\pink\4e14d368d4.jpg,pink,8
c:\Users\hasibul shaikh\Documents\Car_Color_Detection_AI\data\raw\archive (6)\train\brown\d9df3dedb5.jpg,brown,3
c:\Users\hasibul shaikh\Documents\Car_Color_Detection_AI\data\raw\archive (6)\train\blue\6100dabba8.jpg,blue,2
c:\Users\hasibul shaikh\Documents\Car_Color_Detection_AI\data\raw\archive (6)\val\orange\83bb8762c8.jpg,orange,7
c:\Users\hasibul shaikh\Documents\Car_Color_Detection_AI\data\raw\archive (6)\val\tan\006f610c5d.jpg,tan,12
c:\Users\hasibul shaikh\Documents\Car_Color_Detection_AI\data\raw\archive (6)\train\blue\915fb4225c.jpg,blue,2
c:\Users\hasibul shaikh\Documents\Car_Color_Detection_AI\data\raw\archive (6)\val\orange\ab53e4e47b.jpg,orange,7
c:\Users\hasibul shaikh\Documents\Car_Color_Detection_AI\data\raw\archive (6)\train\tan\da763fa242.jpg,tan,12
c:\Users\hasibul shaikh\Documents\Car_Color_Detection_AI\data\raw\archive (6)\train\grey\2850a006ea.jpg,grey,6
c:\Users\hasibul shaikh\Documents\Car_Color_Detection_AI\data\raw\archive (6)\train\purple\37e2554f67.jpg,purple,9
c:\Users\hasibul shaikh\Documents\Car_Color_Detection_AI\data\raw\archive (6)\val\red\c5556f5212.jpg,red,10
c:\Users\hasibul shaikh\Documents\Car_Color_Detection_AI\data\raw\archive (6)\train\purple\822dcb326d.jpg,purple,9
c:\Users\hasibul shaikh\Documents\Car_Color_Detection_AI\data\raw\archive (6)\val\white\f1f6ec788e.jpg,white,13
c:\Users\hasibul shaikh\Documents\Car_Color_Detection_AI\data\raw\archive (6)\test\red\db7c88ea01.jpg,red,10
c:\Users\hasibul shaikh\Documents\Car_Color_Detection_AI\data\raw\archive (6)\train\grey\4bf2ecb9e2.jpg,grey,6
c:\Users\hasibul shaikh\Documents\Car_Color_Detection_AI\data\raw\archive (6)\train\green\32b25b7b78.jpg,green,5
c:\Users\hasibul shaikh\Documents\Car_Color_Detection_AI\data\raw\archive (6)\val\black\7ab5c4533b.jpg,black,1
c:\Users\hasibul shaikh\Documents\Car_Color_Detection_AI\data\raw\archive (6)\test\red\b6e690dc57.jpg,red,10
c:\Users\hasibul shaikh\Documents\Car_Color_Detection_AI\data\raw\archive (6)\train\brown\b3ef8ec22a.jpg,brown,3
c:\Users\hasibul shaikh\Documents\Car_Color_Detection_AI\data\raw\archive (6)\train\yellow\52f11e8205.jpg,yellow,14
c:\Users\hasibul shaikh\Documents\Car_Color_Detection_AI\data\raw\archive (6)\val\pink\b67e1046b8.jpg,pink,8
c:\Users\hasibul shaikh\Documents\Car_Color_Detection_AI\data\raw\archive (6)\val\tan\e0ed1db0a4.jpg,tan,12
c:\Users\hasibul shaikh\Documents\Car_Color_Detection_AI\data\raw\archive (6)\train\brown\66790aa166.jpg,brown,3
c:\Users\hasibul shaikh\Documents\Car_Color_Detection_AI\data\raw\archive (6)\train\green\ee8bc44ec0.jpg,green,5
c:\Users\hasibul shaikh\Documents\Car_Color_Detection_AI\data\raw\archive (6)\test\green\151150bbb1.jpg,green,5
c:\Users\hasibul shaikh\Documents\Car_Color_Detection_AI\data\raw\archive (6)\test\grey\8d988fa24b.jpg,grey,6
c:\Users\hasibul shaikh\Documents\Car_Color_Detection_AI\data\raw\archive (6)\train\black\fb6d1e779e.jpg,black,1
c:\Users\hasibul shaikh\Documents\Car_Color_Detection_AI\data\raw\archive (6)\train\blue\de1dace18d.jpg,blue,2
c:\Users\hasibul shaikh\Documents\Car_Color_Detection_AI\data\raw\archive (6)\test\red\6ea23f5ee8.jpg,red,10
c:\Users\hasibul shaikh\Documents\Car_Color_Detection_AI\data\raw\archive (6)\val\white\fd9eaf2e46.jpg,white,13
c:\Users\hasibul shaikh\Documents\Car_Color_Detection_AI\data\raw\archive (6)\val\pink\40e5f128c1.jpg,pink,8
c:\Users\hasibul shaikh\Documents\Car_Color_Detection_AI\data\raw\archive (6)\val\brown\52c9182f88.jpg,brown,3
c:\Users\hasibul shaikh\Documents\Car_Color_Detection_AI\data\raw\archive (6)\train\green\4aff0d3388.jpg,green,5
c:\Users\hasibul shaikh\Documents\Car_Color_Detection_AI\data\raw\archive (6)\train\brown\83b4f21915.jpg,brown,3
c:\Users\hasibul shaikh\Documents\Car_Color_Detection_AI\data\raw\archive (6)\train\pink\0c895e9f13.jpg,pink,8
c:\Users\hasibul shaikh\Documents\Car_Color_Detection_AI\data\raw\archive (6)\train\purple\5bb0ecfdbd.jpg,purple,9
c:\Users\hasibul shaikh\Documents\Car_Color_Detection_AI\data\raw\archive (6)\val\grey\96e515f523.jpg,grey,6
c:\Users\hasibul shaikh\Documents\Car_Color_Detection_AI\data\raw\archive (6)\train\beige\f3933ba846.jpg,beige,0
c:\Users\hasibul shaikh\Documents\Car_Color_Detection_AI\data\raw\archive (6)\train\purple\3baf8d5ddf.jpg,purple,9
c:\Users\hasibul shaikh\Documents\Car_Color_Detection_AI\data\raw\archive (6)\train\brown\b03a8cbc1c.jpg,brown,3
c:\Users\hasibul shaikh\Documents\Car_Color_Detection_AI\data\raw\archive (6)\test\yellow\032a34cc19.jpg,yellow,14
c:\Users\hasibul shaikh\Documents\Car_Color_Detection_AI\data\raw\archive (6)\val\blue\1170c3f812.jpg,blue,2
c:\Users\hasibul shaikh\Documents\Car_Color_Detection_AI\data\raw\archive (6)\test\orange\c48aa32b67.jpg,orange,7
c:\Users\hasibul shaikh\Documents\Car_Color_Detection_AI\data\raw\archive (6)\train\grey\62162e0366.jpg,grey,6
c:\Users\hasibul shaikh\Documents\Car_Color_Detection_AI\data\raw\archive (6)\test\red\58cf5733f5.jpg,red,10
c:\Users\hasibul shaikh\Documents\Car_Color_Detection_AI\data\raw\archive (6)\train\yellow\2f97870aa1.jpg,yellow,14
c:\Users\hasibul shaikh\Documents\Car_Color_Detection_AI\data\raw\archive (6)\train\yellow\6228949191.jpg,yellow,14
c:\Users\hasibul shaikh\Documents\Car_Color_Detection_AI\data\raw\archive (6)\train\tan\fc876c03de.jpg,tan,12
c:\Users\hasibul shaikh\Documents\Car_Color_Detection_AI\data\raw\archive (6)\train\brown\3d0d094f76.jpg,brown,3
c:\Users\hasibul shaikh\Documents\Car_Color_Detection_AI\data\raw\archive (6)\test\brown\f1cab3b68e.jpg,brown,3
c:\Users\hasibul shaikh\Documents\Car_Color_Detection_AI\data\raw\archive (6)\train\grey\78fe89119d.jpg,grey,6
c:\Users\hasibul shaikh\Documents\Car_Color_Detection_AI\data\raw\archive (6)\train\beige\407598484b.jpg,beige,0
c:\Users\hasibul shaikh\Documents\Car_Color_Detection_AI\data\raw\archive (6)\val\gold\32a39999e4.jpg,gold,4
c:\Users\hasibul shaikh\Documents\Car_Color_Detection_AI\data\raw\archive (6)\train\beige\20cd552ffd.jpg,beige,0
c:\Users\hasibul shaikh\Documents\Car_Color_Detection_AI\data\raw\archive (6)\train\green\434a6bf3ef.jpg,green,5
c:\Users\hasibul shaikh\Documents\Car_Color_Detection_AI\data\raw\archive (6)\train\tan\d478d9d70d.jpg,tan,12
c:\Users\hasibul shaikh\Documents\Car_Color_Detection_AI\data\raw\archive (6)\train\brown\c5d14e4874.jpg,brown,3
c:\Users\hasibul shaikh\Documents\Car_Color_Detection_AI\data\raw\archive (6)\val\black\565b5bb5a7.jpg,black,1
c:\Users\hasibul shaikh\Documents\Car_Color_Detection_AI\data\raw\archive (6)\train\brown\429254e347.jpg,brown,3
c:\Users\hasibul shaikh\Documents\Car_Color_Detection_AI\data\raw\archive (6)\train\brown\e0a2ff0bfb.jpg,brown,3
c:\Users\hasibul shaikh\Documents\Car_Color_Detection_AI\data\raw\archive (6)\val\orange\cad17c25f5.jpg,orange,7
c:\Users\hasibul shaikh\Documents\Car_Color_Detection_AI\data\raw\archive (6)\train\black\2e85a40194.jpg,black,1
c:\Users\hasibul shaikh\Documents\Car_Color_Detection_AI\data\raw\archive (6)\train\orange\431ca69ab7.jpg,orange,7
c:\Users\hasibul shaikh\Documents\Car_Color_Detection_AI\data\raw\archive (6)\train\brown\bdddfd95fb.jpg,brown,3
c:\Users\hasibul shaikh\Documents\Car_Color_Detection_AI\data\raw\archive (6)\test\yellow\fd1da2f797.jpg,yellow,14
c:\Users\hasibul shaikh\Documents\Car_Color_Detection_AI\data\raw\archive (6)\test\white\7a3278c702.jpg,white,13
c:\Users\hasibul shaikh\Documents\Car_Color_Detection_AI\data\raw\archive (6)\val\yellow\65920037de.jpg,yellow,14
c:\Users\hasibul shaikh\Documents\Car_Color_Detection_AI\data\raw\archive (6)\train\brown\0c7b92e55d.jpg,brown,3
c:\Users\hasibul shaikh\Documents\Car_Color_Detection_AI\data\raw\archive (6)\train\brown\1522f73d44.jpg,brown,3
c:\Users\hasibul shaikh\Documents\Car_Color_Detection_AI\data\raw\archive (6)\train\orange\5097b843cd.jpg,orange,7
c:\Users\hasibul shaikh\Documents\Car_Color_Detection_AI\data\raw\archive (6)\train\gold\fce3fd2616.jpg,gold,4
c:\Users\hasibul shaikh\Documents\Car_Color_Detection_AI\data\raw\archive (6)\test\yellow\5e0bd2bc16.jpg,yellow,14
c:\Users\hasibul shaikh\Documents\Car_Color_Detection_AI\data\raw\archive (6)\val\tan\0e0db23981.jpg,tan,12
c:\Users\hasibul shaikh\Documents\Car_Color_Detection_AI\data\raw\archive (6)\train\orange\040bb3f362.jpg,orange,7
c:\Users\hasibul shaikh\Documents\Car_Color_Detection_AI\data\raw\archive (6)\train\silver\4d61fc0b39.jpg,silver,11
c:\Users\hasibul shaikh\Documents\Car_Color_Detection_AI\data\raw\archive (6)\train\black\65bb765b0f.jpg,black,1
c:\Users\hasibul shaikh\Documents\Car_Color_Detection_AI\data\raw\archive (6)\train\red\0ceec15f1b.jpg,red,10
c:\Users\hasibul shaikh\Documents\Car_Color_Detection_AI\data\raw\archive (6)\train\purple\acb18d3d5f.jpg,purple,9
c:\Users\hasibul shaikh\Documents\Car_Color_Detection_AI\data\raw\archive (6)\train\tan\8e2f17b40e.jpg,tan,12
c:\Users\hasibul shaikh\Documents\Car_Color_Detection_AI\data\raw\archive (6)\train\purple\01ba7f07f5.jpg,purple,9
c:\Users\hasibul shaikh\Documents\Car_Color_Detection_AI\data\raw\archive (6)\train\pink\118fe583bf.jpg,pink,8
c:\Users\hasibul shaikh\Documents\Car_Color_Detection_AI\data\raw\archive (6)\val\beige\c2b69bcd03.jpg,beige,0
c:\Users\hasibul shaikh\Documents\Car_Color_Detection_AI\data\raw\archive (6)\train\pink\5c9c7aac92.jpg,pink,8
c:\Users\hasibul shaikh\Documents\Car_Color_Detection_AI\data\raw\archive (6)\train\grey\19fbd561ff.jpg,grey,6
c:\Users\hasibul shaikh\Documents\Car_Color_Detection_AI\data\raw\archive (6)\test\brown\0babeb88a2.jpg,brown,3
c:\Users\hasibul shaikh\Documents\Car_Color_Detection_AI\data\raw\archive (6)\train\beige\ee37867357.jpg,beige,0
c:\Users\hasibul shaikh\Documents\Car_Color_Detection_AI\data\raw\archive (6)\train\red\38c8899cea.jpg,red,10
c:\Users\hasibul shaikh\Documents\Car_Color_Detection_AI\data\raw\archive (6)\val\pink\167cf1e6d9.jpg,pink,8
c:\Users\hasibul shaikh\Documents\Car_Color_Detection_AI\data\raw\archive (6)\train\blue\1ff83024cd.jpg,blue,2
c:\Users\hasibul shaikh\Documents\Car_Color_Detection_AI\data\raw\archive (6)\train\white\f3dace77d1.jpg,white,13
c:\Users\hasibul shaikh\Documents\Car_Color_Detection_AI\data\raw\archive (6)\train\gold\4d23992312.jpg,gold,4
c:\Users\hasibul shaikh\Documents\Car_Color_Detection_AI\data\raw\archive (6)\train\blue\393ace5fdf.jpg,blue,2
c:\Users\hasibul shaikh\Documents\Car_Color_Detection_AI\data\raw\archive (6)\train\white\d5d8d81cb5.jpg,white,13
c:\Users\hasibul shaikh\Documents\Car_Color_Detection_AI\data\raw\archive (6)\train\grey\63965a3fc1.jpg,grey,6
c:\Users\hasibul shaikh\Documents\Car_Color_Detection_AI\data\raw\archive (6)\train\tan\6cabb1cc5e.jpg,tan,12
c:\Users\hasibul shaikh\Documents\Car_Color_Detection_AI\data\raw\archive (6)\val\purple\40f4254c92.jpg,purple,9
c:\Users\hasibul shaikh\Documents\Car_Color_Detection_AI\data\raw\archive (6)\test\black\070ed15b67.jpg,black,1
c:\Users\hasibul shaikh\Documents\Car_Color_Detection_AI\data\raw\archive (6)\train\beige\1be850b7a0.jpg,beige,0
c:\Users\hasibul shaikh\Documents\Car_Color_Detection_AI\data\raw\archive (6)\train\pink\7b7b67f350.jpg,pink,8
c:\Users\hasibul shaikh\Documents\Car_Color_Detection_AI\data\raw\archive (6)\test\tan\be6aeed6a0.jpg,tan,12
c:\Users\hasibul shaikh\Documents\Car_Color_Detection_AI\data\raw\archive (6)\val\red\230c3aafde.jpg,red,10
c:\Users\hasibul shaikh\Documents\Car_Color_Detection_AI\data\raw\archive (6)\train\blue\bd6194b067.jpg,blue,2
c:\Users\hasibul shaikh\Documents\Car_Color_Detection_AI\data\raw\archive (6)\train\black\8d4f318b49.jpg,black,1
c:\Users\hasibul shaikh\Documents\Car_Color_Detection_AI\data\raw\archive (6)\train\brown\a042da9750.jpg,brown,3
c:\Users\hasibul shaikh\Documents\Car_Color_Detection_AI\data\raw\archive (6)\train\tan\bc5e5068d9.jpg,tan,12
c:\Users\hasibul shaikh\Documents\Car_Color_Detection_AI\data\raw\archive (6)\train\red\86d369c8fd.jpg,red,10
c:\Users\hasibul shaikh\Documents\Car_Color_Detection_AI\data\raw\archive (6)\train\pink\d65a380f6e.jpg,pink,8
c:\Users\hasibul shaikh\Documents\Car_Color_Detection_AI\data\raw\archive (6)\train\silver\c6e0925aad.jpg,silver,11
c:\Users\hasibul shaikh\Documents\Car_Color_Detection_AI\data\raw\archive (6)\train\purple\0a55164268.jpg,purple,9
c:\Users\hasibul shaikh\Documents\Car_Color_Detection_AI\data\raw\archive (6)\train\orange\4ebd29efa5.jpg,orange,7
c:\Users\hasibul shaikh\Documents\Car_Color_Detection_AI\data\raw\archive (6)\train\orange\c632aa605f.jpg,orange,7
c:\Users\hasibul shaikh\Documents\Car_Color_Detection_AI\data\raw\archive (6)\train\blue\86cf313be3.jpg,blue,2
c:\Users\hasibul shaikh\Documents\Car_Color_Detection_AI\data\raw\archive (6)\test\green\ad69d345d9.jpg,green,5
c:\Users\hasibul shaikh\Documents\Car_Color_Detection_AI\data\raw\archive (6)\train\green\e08f395262.jpg,green,5
c:\Users\hasibul shaikh\Documents\Car_Color_Detection_AI\data\raw\archive (6)\val\blue\9f2af81c9f.jpg,blue,2
c:\Users\hasibul shaikh\Documents\Car_Color_Detection_AI\data\raw\archive (6)\test\brown\2db2fc8f16.jpg,brown,3
c:\Users\hasibul shaikh\Documents\Car_Color_Detection_AI\data\raw\archive (6)\val\tan\0b45ced007.jpg,tan,12
c:\Users\hasibul shaikh\Documents\Car_Color_Detection_AI\data\raw\archive (6)\train\green\c134f6cee0.jpg,green,5
c:\Users\hasibul shaikh\Documents\Car_Color_Detection_AI\data\raw\archive (6)\test\grey\70e2ba391e.jpg,grey,6
c:\Users\hasibul shaikh\Documents\Car_Color_Detection_AI\data\raw\archive (6)\val\red\6703af208c.jpg,red,10
c:\Users\hasibul shaikh\Documents\Car_Color_Detection_AI\data\raw\archive (6)\test\pink\ee10e88e58.jpg,pink,8
c:\Users\hasibul shaikh\Documents\Car_Color_Detection_AI\data\raw\archive (6)\val\pink\306fb3dd48.jpg,pink,8
c:\Users\hasibul shaikh\Documents\Car_Color_Detection_AI\data\raw\archive (6)\train\blue\9a2447e5f9.jpg,blue,2
c:\Users\hasibul shaikh\Documents\Car_Color_Detection_AI\data\raw\archive (6)\train\beige\3c9ee5ac1b.jpg,beige,0
c:\Users\hasibul shaikh\Documents\Car_Color_Detection_AI\data\raw\archive (6)\train\purple\16c72e951a.jpg,purple,9
c:\Users\hasibul shaikh\Documents\Car_Color_Detection_AI\data\raw\archive (6)\train\blue\21379429d1.jpg,blue,2
c:\Users\hasibul shaikh\Documents\Car_Color_Detection_AI\data\raw\archive (6)\train\purple\2ca2f02e29.jpg,purple,9
c:\Users\hasibul shaikh\Documents\Car_Color_Detection_AI\data\raw\archive (6)\train\red\15fbaf044b.jpg,red,10
c:\Users\hasibul shaikh\Documents\Car_Color_Detection_AI\data\raw\archive (6)\train\red\722d658b28.jpg,red,10
c:\Users\hasibul shaikh\Documents\Car_Color_Detection_AI\data\raw\archive (6)\train\beige\9eab30d41b.jpg,beige,0
c:\Users\hasibul shaikh\Documents\Car_Color_Detection_AI\data\raw\archive (6)\train\blue\7f288ab9d1.jpg,blue,2
c:\Users\hasibul shaikh\Documents\Car_Color_Detection_AI\data\raw\archive (6)\train\blue\9fcda5b496.jpg,blue,2
c:\Users\hasibul shaikh\Documents\Car_Color_Detection_AI\data\raw\archive (6)\train\green\5db82b33a9.jpg,green,5
c:\Users\hasibul shaikh\Documents\Car_Color_Detection_AI\data\raw\archive (6)\train\gold\c9a3fe88d6.jpg,gold,4
c:\Users\hasibul shaikh\Documents\Car_Color_Detection_AI\data\raw\archive (6)\train\blue\d9e7ed3acd.jpg,blue,2
c:\Users\hasibul shaikh\Documents\Car_Color_Detection_AI\data\raw\archive (6)\train\blue\317ced5858.jpg,blue,2
c:\Users\hasibul shaikh\Documents\Car_Color_Detection_AI\data\raw\archive (6)\train\brown\1ca5bf51cf.jpg,brown,3
c:\Users\hasibul shaikh\Documents\Car_Color_Detection_AI\data\raw\archive (6)\train\blue\8efc53390e.jpg,blue,2
c:\Users\hasibul shaikh\Documents\Car_Color_Detection_AI\data\raw\archive (6)\train\blue\1c8ee738d5.jpg,blue,2
c:\Users\hasibul shaikh\Documents\Car_Color_Detection_AI\data\raw\archive (6)\train\silver\2953961a59.jpg,silver,11
c:\Users\hasibul shaikh\Documents\Car_Color_Detection_AI\data\raw\archive (6)\val\brown\45ae23b59c.jpg,brown,3
c:\Users\hasibul shaikh\Documents\Car_Color_Detection_AI\data\raw\archive (6)\train\orange\5f3b45d59e.jpg,orange,7
c:\Users\hasibul shaikh\Documents\Car_Color_Detection_AI\data\raw\archive (6)\train\yellow\fd817e61e7.jpg,yellow,14
c:\Users\hasibul shaikh\Documents\Car_Color_Detection_AI\data\raw\archive (6)\train\grey\f0fbbced19.jpg,grey,6
c:\Users\hasibul shaikh\Documents\Car_Color_Detection_AI\data\raw\archive (6)\val\red\1263c31d12.jpg,red,10
c:\Users\hasibul shaikh\Documents\Car_Color_Detection_AI\data\raw\archive (6)\val\purple\1a1fac5be1.jpg,purple,9
c:\Users\hasibul shaikh\Documents\Car_Color_Detection_AI\data\raw\archive (6)\train\brown\62e02f5017.jpg,brown,3
c:\Users\hasibul shaikh\Documents\Car_Color_Detection_AI\data\raw\archive (6)\train\silver\8c2966adc7.jpg,silver,11
c:\Users\hasibul shaikh\Documents\Car_Color_Detection_AI\data\raw\archive (6)\val\pink\38eb8b4300.jpg,pink,8
c:\Users\hasibul shaikh\Documents\Car_Color_Detection_AI\data\raw\archive (6)\train\grey\b33334b5fd.jpg,grey,6
c:\Users\hasibul shaikh\Documents\Car_Color_Detection_AI\data\raw\archive (6)\train\black\96bffb389b.jpg,black,1
c:\Users\hasibul shaikh\Documents\Car_Color_Detection_AI\data\raw\archive (6)\train\green\abd552642e.jpg,green,5
c:\Users\hasibul shaikh\Documents\Car_Color_Detection_AI\data\raw\archive (6)\train\red\71c3c0dbef.jpg,red,10
c:\Users\hasibul shaikh\Documents\Car_Color_Detection_AI\data\raw\archive (6)\train\green\5792623d23.jpg,green,5
c:\Users\hasibul shaikh\Documents\Car_Color_Detection_AI\data\raw\archive (6)\train\pink\75d3aa497c.jpg,pink,8
c:\Users\hasibul shaikh\Documents\Car_Color_Detection_AI\data\raw\archive (6)\train\white\479e4ff62e.jpg,white,13
c:\Users\hasibul shaikh\Documents\Car_Color_Detection_AI\data\raw\archive (6)\train\brown\3012fb120c.jpg,brown,3
c:\Users\hasibul shaikh\Documents\Car_Color_Detection_AI\data\raw\archive (6)\train\green\9d13c48464.jpg,green,5
c:\Users\hasibul shaikh\Documents\Car_Color_Detection_AI\data\raw\archive (6)\train\red\610fd96df1.jpg,red,10
c:\Users\hasibul shaikh\Documents\Car_Color_Detection_AI\data\raw\archive (6)\train\silver\6e07bc3a6d.jpg,silver,11
c:\Users\hasibul shaikh\Documents\Car_Color_Detection_AI\data\raw\archive (6)\train\blue\79f52eae31.jpg,blue,2
c:\Users\hasibul shaikh\Documents\Car_Color_Detection_AI\data\raw\archive (6)\train\yellow\6e2a8ca1b4.jpg,yellow,14
c:\Users\hasibul shaikh\Documents\Car_Color_Detection_AI\data\raw\archive (6)\train\grey\ae310e7c7c.jpg,grey,6
c:\Users\hasibul shaikh\Documents\Car_Color_Detection_AI\data\raw\archive (6)\test\black\7e7db9e7d4.jpg,black,1
c:\Users\hasibul shaikh\Documents\Car_Color_Detection_AI\data\raw\archive (6)\train\black\6deeb71e99.jpg,black,1
c:\Users\hasibul shaikh\Documents\Car_Color_Detection_AI\data\raw\archive (6)\test\silver\769ad2b272.jpg,silver,11
c:\Users\hasibul shaikh\Documents\Car_Color_Detection_AI\data\raw\archive (6)\test\red\5e2fd187ad.jpg,red,10
c:\Users\hasibul shaikh\Documents\Car_Color_Detection_AI\data\raw\archive (6)\train\purple\c3872593e4.jpg,purple,9
c:\Users\hasibul shaikh\Documents\Car_Color_Detection_AI\data\raw\archive (6)\train\yellow\8660995161.jpg,yellow,14
c:\Users\hasibul shaikh\Documents\Car_Color_Detection_AI\data\raw\archive (6)\train\orange\6285a54b6e.jpg,orange,7
c:\Users\hasibul shaikh\Documents\Car_Color_Detection_AI\data\raw\archive (6)\train\yellow\e00365ae93.jpg,yellow,14
c:\Users\hasibul shaikh\Documents\Car_Color_Detection_AI\data\raw\archive (6)\train\grey\8e147ca8b0.jpg,grey,6
c:\Users\hasibul shaikh\Documents\Car_Color_Detection_AI\data\raw\archive (6)\train\yellow\024298ba68.jpg,yellow,14
c:\Users\hasibul shaikh\Documents\Car_Color_Detection_AI\data\raw\archive (6)\train\red\b89d237ce9.jpg,red,10
c:\Users\hasibul shaikh\Documents\Car_Color_Detection_AI\data\raw\archive (6)\test\red\8037b54fbb.jpg,red,10
c:\Users\hasibul shaikh\Documents\Car_Color_Detection_AI\data\raw\archive (6)\train\blue\3eb751c61a.jpg,blue,2
c:\Users\hasibul shaikh\Documents\Car_Color_Detection_AI\data\raw\archive (6)\train\brown\5b66693e43.jpg,brown,3
c:\Users\hasibul shaikh\Documents\Car_Color_Detection_AI\data\raw\archive (6)\train\red\e0259945d4.jpg,red,10
c:\Users\hasibul shaikh\Documents\Car_Color_Detection_AI\data\raw\archive (6)\train\brown\1a5db2f651.jpg,brown,3
c:\Users\hasibul shaikh\Documents\Car_Color_Detection_AI\data\raw\archive (6)\train\blue\2c037635a0.jpg,blue,2
c:\Users\hasibul shaikh\Documents\Car_Color_Detection_AI\data\raw\archive (6)\val\beige\52bb8f5d8c.jpg,beige,0
c:\Users\hasibul shaikh\Documents\Car_Color_Detection_AI\data\raw\archive (6)\train\red\bd928623c9.jpg,red,10
c:\Users\hasibul shaikh\Documents\Car_Color_Detection_AI\data\raw\archive (6)\test\red\f07fa74d9a.jpg,red,10
c:\Users\hasibul shaikh\Documents\Car_Color_Detection_AI\data\raw\archive (6)\train\orange\06b092dc81.jpg,orange,7
c:\Users\hasibul shaikh\Documents\Car_Color_Detection_AI\data\raw\archive (6)\train\grey\cf35a10abd.jpg,grey,6
c:\Users\hasibul shaikh\Documents\Car_Color_Detection_AI\data\raw\archive (6)\train\red\3463be8f36.jpg,red,10
c:\Users\hasibul shaikh\Documents\Car_Color_Detection_AI\data\raw\archive (6)\train\brown\affa74bacd.jpg,brown,3
c:\Users\hasibul shaikh\Documents\Car_Color_Detection_AI\data\raw\archive (6)\train\orange\6b69c4f80a.jpg,orange,7
c:\Users\hasibul shaikh\Documents\Car_Color_Detection_AI\data\raw\archive (6)\train\red\58c0917a73.jpg,red,10
c:\Users\hasibul shaikh\Documents\Car_Color_Detection_AI\data\raw\archive (6)\train\purple\1db38e5bfe.jpg,purple,9
c:\Users\hasibul shaikh\Documents\Car_Color_Detection_AI\data\raw\archive (6)\val\grey\a5ecae1e17.jpg,grey,6
c:\Users\hasibul shaikh\Documents\Car_Color_Detection_AI\data\raw\archive (6)\test\red\380d56f7d0.jpg,red,10
c:\Users\hasibul shaikh\Documents\Car_Color_Detection_AI\data\raw\archive (6)\test\red\e84c27294f.jpg,red,10
c:\Users\hasibul shaikh\Documents\Car_Color_Detection_AI\data\raw\archive (6)\test\pink\2f99e45132.jpg,pink,8
c:\Users\hasibul shaikh\Documents\Car_Color_Detection_AI\data\raw\archive (6)\train\silver\5f057d70f3.jpg,silver,11
c:\Users\hasibul shaikh\Documents\Car_Color_Detection_AI\data\raw\archive (6)\test\purple\f099bbe447.jpg,purple,9
c:\Users\hasibul shaikh\Documents\Car_Color_Detection_AI\data\raw\archive (6)\train\green\030e882c1f.jpg,green,5
c:\Users\hasibul shaikh\Documents\Car_Color_Detection_AI\data\raw\archive (6)\train\orange\b5ab8c42e2.jpg,orange,7
c:\Users\hasibul shaikh\Documents\Car_Color_Detection_AI\data\raw\archive (6)\val\tan\34b679101b.jpg,tan,12
c:\Users\hasibul shaikh\Documents\Car_Color_Detection_AI\data\raw\archive (6)\train\grey\14bffa1a11.jpg,grey,6
c:\Users\hasibul shaikh\Documents\Car_Color_Detection_AI\data\raw\archive (6)\train\pink\d5567c1308.jpg,pink,8
c:\Users\hasibul shaikh\Documents\Car_Color_Detection_AI\data\raw\archive (6)\val\blue\45e6ba0820.jpg,blue,2
c:\Users\hasibul shaikh\Documents\Car_Color_Detection_AI\data\raw\archive (6)\train\gold\3ea979a74f.jpg,gold,4
c:\Users\hasibul shaikh\Documents\Car_Color_Detection_AI\data\raw\archive (6)\train\grey\33b3ec0346.jpg,grey,6
c:\Users\hasibul shaikh\Documents\Car_Color_Detection_AI\data\raw\archive (6)\train\orange\652ff89e99.jpg,orange,7
c:\Users\hasibul shaikh\Documents\Car_Color_Detection_AI\data\raw\archive (6)\train\red\ac327ae246.jpg,red,10
c:\Users\hasibul shaikh\Documents\Car_Color_Detection_AI\data\raw\archive (6)\train\blue\63ba7d162a.jpg,blue,2
c:\Users\hasibul shaikh\Documents\Car_Color_Detection_AI\data\raw\archive (6)\train\grey\3da32fb8e5.jpg,grey,6
c:\Users\hasibul shaikh\Documents\Car_Color_Detection_AI\data\raw\archive (6)\train\purple\1f137baffb.jpg,purple,9
c:\Users\hasibul shaikh\Documents\Car_Color_Detection_AI\data\raw\archive (6)\train\silver\6d56de17f6.jpg,silver,11
c:\Users\hasibul shaikh\Documents\Car_Color_Detection_AI\data\raw\archive (6)\test\blue\e416f42867.jpg,blue,2
c:\Users\hasibul shaikh\Documents\Car_Color_Detection_AI\data\raw\archive (6)\train\blue\733e046b07.jpg,blue,2
c:\Users\hasibul shaikh\Documents\Car_Color_Detection_AI\data\raw\archive (6)\val\purple\e54c03fd0f.jpg,purple,9
c:\Users\hasibul shaikh\Documents\Car_Color_Detection_AI\data\raw\archive (6)\test\gold\a78ab2cc47.jpg,gold,4
c:\Users\hasibul shaikh\Documents\Car_Color_Detection_AI\data\raw\archive (6)\test\beige\7f158babb7.jpg,beige,0
c:\Users\hasibul shaikh\Documents\Car_Color_Detection_AI\data\raw\archive (6)\val\pink\a97b019a5d.jpg,pink,8
c:\Users\hasibul shaikh\Documents\Car_Color_Detection_AI\data\raw\archive (6)\test\grey\e4bf3d3563.jpg,grey,6
c:\Users\hasibul shaikh\Documents\Car_Color_Detection_AI\data\raw\archive (6)\val\white\d77f3ae308.jpg,white,13
c:\Users\hasibul shaikh\Documents\Car_Color_Detection_AI\data\raw\archive (6)\train\beige\4158cabd96.jpg,beige,0
c:\Users\hasibul shaikh\Documents\Car_Color_Detection_AI\data\raw\archive (6)\train\white\71e4a4b060.jpg,white,13
c:\Users\hasibul shaikh\Documents\Car_Color_Detection_AI\data\raw\archive (6)\train\tan\aa0e7ecd37.jpg,tan,12
c:\Users\hasibul shaikh\Documents\Car_Color_Detection_AI\data\raw\archive (6)\train\blue\6fd1b6c2d4.jpg,blue,2
c:\Users\hasibul shaikh\Documents\Car_Color_Detection_AI\data\raw\archive (6)\test\pink\304b898be4.jpg,pink,8
c:\Users\hasibul shaikh\Documents\Car_Color_Detection_AI\data\raw\archive (6)\train\yellow\d3f053791b.jpg,yellow,14
c:\Users\hasibul shaikh\Documents\Car_Color_Detection_AI\data\raw\archive (6)\train\red\50b97addb9.jpg,red,10
c:\Users\hasibul shaikh\Documents\Car_Color_Detection_AI\data\raw\archive (6)\train\white\d202180421.jpg,white,13
c:\Users\hasibul shaikh\Documents\Car_Color_Detection_AI\data\raw\archive (6)\train\tan\59d0ebd67f.jpg,tan,12
c:\Users\hasibul shaikh\Documents\Car_Color_Detection_AI\data\raw\archive (6)\train\beige\4bad6313e1.jpg,beige,0
c:\Users\hasibul shaikh\Documents\Car_Color_Detection_AI\data\raw\archive (6)\train\grey\98074e59d4.jpg,grey,6
c:\Users\hasibul shaikh\Documents\Car_Color_Detection_AI\data\raw\archive (6)\train\yellow\709e241290.jpg,yellow,14
c:\Users\hasibul shaikh\Documents\Car_Color_Detection_AI\data\raw\archive (6)\train\tan\48fc433eaf.jpg,tan,12
c:\Users\hasibul shaikh\Documents\Car_Color_Detection_AI\data\raw\archive (6)\val\black\c342ee1551.jpg,black,1
c:\Users\hasibul shaikh\Documents\Car_Color_Detection_AI\data\raw\archive (6)\train\black\917b7b1dc0.jpg,black,1
c:\Users\hasibul shaikh\Documents\Car_Color_Detection_AI\data\raw\archive (6)\train\green\71e7a95d18.jpg,green,5
c:\Users\hasibul shaikh\Documents\Car_Color_Detection_AI\data\raw\archive (6)\train\green\73bae80f50 - Copy.jpg,green,5
c:\Users\hasibul shaikh\Documents\Car_Color_Detection_AI\data\raw\archive (6)\train\green\c5e36f6a4f.jpg,green,5
c:\Users\hasibul shaikh\Documents\Car_Color_Detection_AI\data\raw\archive (6)\train\brown\9193c1f96d.jpg,brown,3
c:\Users\hasibul shaikh\Documents\Car_Color_Detection_AI\data\raw\archive (6)\val\red\7015be1f42.jpg,red,10
c:\Users\hasibul shaikh\Documents\Car_Color_Detection_AI\data\raw\archive (6)\train\tan\8fc39b5b26.jpg,tan,12
c:\Users\hasibul shaikh\Documents\Car_Color_Detection_AI\data\raw\archive (6)\val\green\fc3072fe95.jpg,green,5
c:\Users\hasibul shaikh\Documents\Car_Color_Detection_AI\data\raw\archive (6)\train\silver\8ec1aa63ba.jpg,silver,11
c:\Users\hasibul shaikh\Documents\Car_Color_Detection_AI\data\raw\archive (6)\train\grey\5361c97597.jpg,grey,6
c:\Users\hasibul shaikh\Documents\Car_Color_Detection_AI\data\raw\archive (6)\train\grey\fdde2154e9.jpg,grey,6
c:\Users\hasibul shaikh\Documents\Car_Color_Detection_AI\data\raw\archive (6)\val\orange\8c11606e32.jpg,orange,7
c:\Users\hasibul shaikh\Documents\Car_Color_Detection_AI\data\raw\archive (6)\train\gold\edb99bb225.jpg,gold,4
c:\Users\hasibul shaikh\Documents\Car_Color_Detection_AI\data\raw\archive (6)\test\pink\2701e84241.jpg,pink,8
c:\Users\hasibul shaikh\Documents\Car_Color_Detection_AI\data\raw\archive (6)\val\white\265d25c10b.jpg,white,13
c:\Users\hasibul shaikh\Documents\Car_Color_Detection_AI\data\raw\archive (6)\test\pink\94959f3281.jpg,pink,8
c:\Users\hasibul shaikh\Documents\Car_Color_Detection_AI\data\raw\archive (6)\val\green\e77d317544.jpg,green,5
c:\Users\hasibul shaikh\Documents\Car_Color_Detection_AI\data\raw\archive (6)\train\blue\88b528535d.jpg,blue,2
c:\Users\hasibul shaikh\Documents\Car_Color_Detection_AI\data\raw\archive (6)\train\yellow\86ce973eef.jpg,yellow,14
c:\Users\hasibul shaikh\Documents\Car_Color_Detection_AI\data\raw\archive (6)\val\green\4f572df12e.jpg,green,5
c:\Users\hasibul shaikh\Documents\Car_Color_Detection_AI\data\raw\archive (6)\train\pink\9ab99d5431.jpg,pink,8
c:\Users\hasibul shaikh\Documents\Car_Color_Detection_AI\data\raw\archive (6)\train\brown\633df664b9.jpg,brown,3
c:\Users\hasibul shaikh\Documents\Car_Color_Detection_AI\data\raw\archive (6)\train\yellow\382f12b639.jpg,yellow,14
c:\Users\hasibul shaikh\Documents\Car_Color_Detection_AI\data\raw\archive (6)\train\tan\552947041d.jpg,tan,12
c:\Users\hasibul shaikh\Documents\Car_Color_Detection_AI\data\raw\archive (6)\train\grey\6772574d4d.jpg,grey,6
c:\Users\hasibul shaikh\Documents\Car_Color_Detection_AI\data\raw\archive (6)\train\tan\3dfbea49b5.jpg,tan,12
c:\Users\hasibul shaikh\Documents\Car_Color_Detection_AI\data\raw\archive (6)\train\pink\9356b62884.jpg,pink,8
c:\Users\hasibul shaikh\Documents\Car_Color_Detection_AI\data\raw\archive (6)\val\purple\7e066eaf47.jpg,purple,9
c:\Users\hasibul shaikh\Documents\Car_Color_Detection_AI\data\raw\archive (6)\train\beige\072797221a.jpg,beige,0
c:\Users\hasibul shaikh\Documents\Car_Color_Detection_AI\data\raw\archive (6)\test\brown\364ecc08c0.jpg,brown,3
c:\Users\hasibul shaikh\Documents\Car_Color_Detection_AI\data\raw\archive (6)\train\pink\84a1bbbe3e.jpg,pink,8
c:\Users\hasibul shaikh\Documents\Car_Color_Detection_AI\data\raw\archive (6)\train\yellow\d44d2b9483.jpg,yellow,14
c:\Users\hasibul shaikh\Documents\Car_Color_Detection_AI\data\raw\archive (6)\train\orange\751236b0d5.jpg,orange,7
c:\Users\hasibul shaikh\Documents\Car_Color_Detection_AI\data\raw\archive (6)\test\brown\832a7225cd.jpg,brown,3
c:\Users\hasibul shaikh\Documents\Car_Color_Detection_AI\data\raw\archive (6)\train\red\e833095c00.jpg,red,10
c:\Users\hasibul shaikh\Documents\Car_Color_Detection_AI\data\raw\archive (6)\test\green\1acad4c6a5.jpg,green,5
c:\Users\hasibul shaikh\Documents\Car_Color_Detection_AI\data\raw\archive (6)\train\blue\f97f88cfdb.jpg,blue,2
c:\Users\hasibul shaikh\Documents\Car_Color_Detection_AI\data\raw\archive (6)\test\orange\55901c15f3.jpg,orange,7
c:\Users\hasibul shaikh\Documents\Car_Color_Detection_AI\data\raw\archive (6)\train\silver\7079b6fd9c.jpg,silver,11
c:\Users\hasibul shaikh\Documents\Car_Color_Detection_AI\data\raw\archive (6)\test\blue\8be2891e6f.jpg,blue,2
c:\Users\hasibul shaikh\Documents\Car_Color_Detection_AI\data\raw\archive (6)\train\pink\40feae3fd6.jpg,pink,8
c:\Users\hasibul shaikh\Documents\Car_Color_Detection_AI\data\raw\archive (6)\train\brown\dd7fe6c42b.jpg,brown,3
c:\Users\hasibul shaikh\Documents\Car_Color_Detection_AI\data\raw\archive (6)\val\red\515d6cd8b2.jpg,red,10
c:\Users\hasibul shaikh\Documents\Car_Color_Detection_AI\data\raw\archive (6)\test\red\6cf37d25a0.jpg,red,10
c:\Users\hasibul shaikh\Documents\Car_Color_Detection_AI\data\raw\archive (6)\test\gold\674166b96c.jpg,gold,4
c:\Users\hasibul shaikh\Documents\Car_Color_Detection_AI\data\raw\archive (6)\val\white\815d5cb3a3.jpg,white,13
c:\Users\hasibul shaikh\Documents\Car_Color_Detection_AI\data\raw\archive (6)\train\tan\9d284e2633.jpg,tan,12
c:\Users\hasibul shaikh\Documents\Car_Color_Detection_AI\data\raw\archive (6)\train\brown\63caef8b09.jpg,brown,3
c:\Users\hasibul shaikh\Documents\Car_Color_Detection_AI\data\raw\archive (6)\train\purple\3f4e0d6e72.jpg,purple,9
c:\Users\hasibul shaikh\Documents\Car_Color_Detection_AI\data\raw\archive (6)\train\grey\c7d4c45536.jpg,grey,6
c:\Users\hasibul shaikh\Documents\Car_Color_Detection_AI\data\raw\archive (6)\train\purple\ea2b90bae5.jpg,purple,9
c:\Users\hasibul shaikh\Documents\Car_Color_Detection_AI\data\raw\archive (6)\train\orange\c118b3a910.jpg,orange,7
c:\Users\hasibul shaikh\Documents\Car_Color_Detection_AI\data\raw\archive (6)\train\orange\445f4c8e95.jpg,orange,7
c:\Users\hasibul shaikh\Documents\Car_Color_Detection_AI\data\raw\archive (6)\train\purple\53e1bbdd72.jpg,purple,9
c:\Users\hasibul shaikh\Documents\Car_Color_Detection_AI\data\raw\archive (6)\train\beige\236195baee.jpg,beige,0
c:\Users\hasibul shaikh\Documents\Car_Color_Detection_AI\data\raw\archive (6)\train\white\2c5d6201bd.jpg,white,13
c:\Users\hasibul shaikh\Documents\Car_Color_Detection_AI\data\raw\archive (6)\test\black\a9c5a43837.jpg,black,1
c:\Users\hasibul shaikh\Documents\Car_Color_Detection_AI\data\raw\archive (6)\train\purple\972a159978.jpg,purple,9
c:\Users\hasibul shaikh\Documents\Car_Color_Detection_AI\data\raw\archive (6)\train\purple\9c3341169d.jpg,purple,9
c:\Users\hasibul shaikh\Documents\Car_Color_Detection_AI\data\raw\archive (6)\val\beige\1ad9027ad4.jpg,beige,0
c:\Users\hasibul shaikh\Documents\Car_Color_Detection_AI\data\raw\archive (6)\train\white\1061517299.jpg,white,13
c:\Users\hasibul shaikh\Documents\Car_Color_Detection_AI\data\raw\archive (6)\train\brown\5577fa49ae.jpg,brown,3
c:\Users\hasibul shaikh\Documents\Car_Color_Detection_AI\data\raw\archive (6)\val\blue\705acd5a32.jpg,blue,2
c:\Users\hasibul shaikh\Documents\Car_Color_Detection_AI\data\raw\archive (6)\train\gold\ec90d4b915.jpg,gold,4
c:\Users\hasibul shaikh\Documents\Car_Color_Detection_AI\data\raw\archive (6)\train\purple\eb59e8644b.jpg,purple,9
c:\Users\hasibul shaikh\Documents\Car_Color_Detection_AI\data\raw\archive (6)\train\gold\d58ab5a9a1.jpg,gold,4
c:\Users\hasibul shaikh\Documents\Car_Color_Detection_AI\data\raw\archive (6)\train\tan\9b6c74098b.jpg,tan,12
c:\Users\hasibul shaikh\Documents\Car_Color_Detection_AI\data\raw\archive (6)\train\orange\8b0bd6dd65.jpg,orange,7
c:\Users\hasibul shaikh\Documents\Car_Color_Detection_AI\data\raw\archive (6)\train\white\98277fc272.jpg,white,13
c:\Users\hasibul shaikh\Documents\Car_Color_Detection_AI\data\raw\archive (6)\val\brown\628dc3502c.jpg,brown,3
c:\Users\hasibul shaikh\Documents\Car_Color_Detection_AI\data\raw\archive (6)\train\green\9ce872cb71.jpg,green,5
c:\Users\hasibul shaikh\Documents\Car_Color_Detection_AI\data\raw\archive (6)\train\black\1a0ad6e255.jpg,black,1
c:\Users\hasibul shaikh\Documents\Car_Color_Detection_AI\data\raw\archive (6)\test\gold\6aab4b05ce.jpg,gold,4
c:\Users\hasibul shaikh\Documents\Car_Color_Detection_AI\data\raw\archive (6)\train\white\7370c5d112.jpg,white,13
c:\Users\hasibul shaikh\Documents\Car_Color_Detection_AI\data\raw\archive (6)\train\blue\069e6f6a49.jpg,blue,2
c:\Users\hasibul shaikh\Documents\Car_Color_Detection_AI\data\raw\archive (6)\train\green\9b35eaf84f.jpg,green,5
c:\Users\hasibul shaikh\Documents\Car_Color_Detection_AI\data\raw\archive (6)\train\red\a110e0366a.jpg,red,10
c:\Users\hasibul shaikh\Documents\Car_Color_Detection_AI\data\raw\archive (6)\train\red\461f541c5b.jpg,red,10
c:\Users\hasibul shaikh\Documents\Car_Color_Detection_AI\data\raw\archive (6)\val\blue\05017f52d3.jpg,blue,2
c:\Users\hasibul shaikh\Documents\Car_Color_Detection_AI\data\raw\archive (6)\train\orange\2d317e65d1.jpg,orange,7
c:\Users\hasibul shaikh\Documents\Car_Color_Detection_AI\data\raw\archive (6)\train\tan\527ba702a7.jpg,tan,12
c:\Users\hasibul shaikh\Documents\Car_Color_Detection_AI\data\raw\archive (6)\train\brown\8c82d71e6d.jpg,brown,3
c:\Users\hasibul shaikh\Documents\Car_Color_Detection_AI\data\raw\archive (6)\train\white\7b4145b24a.jpg,white,13
c:\Users\hasibul shaikh\Documents\Car_Color_Detection_AI\data\raw\archive (6)\train\white\e92de657db.jpg,white,13
c:\Users\hasibul shaikh\Documents\Car_Color_Detection_AI\data\raw\archive (6)\train\green\aca1020703.jpg,green,5
c:\Users\hasibul shaikh\Documents\Car_Color_Detection_AI\data\raw\archive (6)\val\beige\38ca4776c0.jpg,beige,0
c:\Users\hasibul shaikh\Documents\Car_Color_Detection_AI\data\raw\archive (6)\val\green\721d0c0080.jpg,green,5
c:\Users\hasibul shaikh\Documents\Car_Color_Detection_AI\data\raw\archive (6)\train\tan\3a2774f4f5.jpg,tan,12
c:\Users\hasibul shaikh\Documents\Car_Color_Detection_AI\data\raw\archive (6)\train\beige\14caea1739.jpg,beige,0
c:\Users\hasibul shaikh\Documents\Car_Color_Detection_AI\data\raw\archive (6)\val\blue\9e79063e89.jpg,blue,2
c:\Users\hasibul shaikh\Documents\Car_Color_Detection_AI\data\raw\archive (6)\train\purple\3abdf80a6f.jpg,purple,9
c:\Users\hasibul shaikh\Documents\Car_Color_Detection_AI\data\raw\archive (6)\train\red\4939bcef00.jpg,red,10
c:\Users\hasibul shaikh\Documents\Car_Color_Detection_AI\data\raw\archive (6)\train\beige\cb17e927fa.jpg,beige,0
c:\Users\hasibul shaikh\Documents\Car_Color_Detection_AI\data\raw\archive (6)\train\red\09920a51f6.jpg,red,10
c:\Users\hasibul shaikh\Documents\Car_Color_Detection_AI\data\raw\archive (6)\test\red\57a90c9f82.jpg,red,10
c:\Users\hasibul shaikh\Documents\Car_Color_Detection_AI\data\raw\archive (6)\train\orange\b4b65daa73.jpg,orange,7
c:\Users\hasibul shaikh\Documents\Car_Color_Detection_AI\data\raw\archive (6)\train\silver\276be9e59a.jpg,silver,11
c:\Users\hasibul shaikh\Documents\Car_Color_Detection_AI\data\raw\archive (6)\val\yellow\d83ab1ca80.jpg,yellow,14
c:\Users\hasibul shaikh\Documents\Car_Color_Detection_AI\data\raw\archive (6)\val\blue\7e9217c325.jpg,blue,2
c:\Users\hasibul shaikh\Documents\Car_Color_Detection_AI\data\raw\archive (6)\test\orange\7610df81b9.jpg,orange,7
c:\Users\hasibul shaikh\Documents\Car_Color_Detection_AI\data\raw\archive (6)\train\beige\ba4249f714.jpg,beige,0
c:\Users\hasibul shaikh\Documents\Car_Color_Detection_AI\data\raw\archive (6)\test\red\d8872ba115.jpg,red,10
c:\Users\hasibul shaikh\Documents\Car_Color_Detection_AI\data\raw\archive (6)\train\blue\03477e17c6.jpg,blue,2
c:\Users\hasibul shaikh\Documents\Car_Color_Detection_AI\data\raw\archive (6)\test\silver\16179df96b.jpg,silver,11
c:\Users\hasibul shaikh\Documents\Car_Color_Detection_AI\data\raw\archive (6)\val\red\8067b21241.jpg,red,10
c:\Users\hasibul shaikh\Documents\Car_Color_Detection_AI\data\raw\archive (6)\val\beige\17d66713dd.jpg,beige,0
c:\Users\hasibul shaikh\Documents\Car_Color_Detection_AI\data\raw\archive (6)\train\white\63f51c861d.jpg,white,13
c:\Users\hasibul shaikh\Documents\Car_Color_Detection_AI\data\raw\archive (6)\train\red\6bf911aa58.jpg,red,10
c:\Users\hasibul shaikh\Documents\Car_Color_Detection_AI\data\raw\archive (6)\train\grey\641b4d66f2.jpg,grey,6
c:\Users\hasibul shaikh\Documents\Car_Color_Detection_AI\data\raw\archive (6)\train\red\01aca21aab.jpg,red,10
c:\Users\hasibul shaikh\Documents\Car_Color_Detection_AI\data\raw\archive (6)\train\orange\0d6d1b03de.jpg,orange,7
c:\Users\hasibul shaikh\Documents\Car_Color_Detection_AI\data\raw\archive (6)\train\blue\7908391190.jpg,blue,2
c:\Users\hasibul shaikh\Documents\Car_Color_Detection_AI\data\raw\archive (6)\test\grey\62e061ba67.jpg,grey,6
c:\Users\hasibul shaikh\Documents\Car_Color_Detection_AI\data\raw\archive (6)\test\grey\4451db9820.jpg,grey,6
c:\Users\hasibul shaikh\Documents\Car_Color_Detection_AI\data\raw\archive (6)\train\orange\9575790914.jpg,orange,7
c:\Users\hasibul shaikh\Documents\Car_Color_Detection_AI\data\raw\archive (6)\val\blue\aaeb85d753.jpg,blue,2
c:\Users\hasibul shaikh\Documents\Car_Color_Detection_AI\data\raw\archive (6)\train\red\812beb59dc.jpg,red,10
c:\Users\hasibul shaikh\Documents\Car_Color_Detection_AI\data\raw\archive (6)\val\red\6af3461aca.jpg,red,10
c:\Users\hasibul shaikh\Documents\Car_Color_Detection_AI\data\raw\archive (6)\test\red\5812d51bc4.jpg,red,10
c:\Users\hasibul shaikh\Documents\Car_Color_Detection_AI\data\raw\archive (6)\train\yellow\17ad41c313.jpg,yellow,14
c:\Users\hasibul shaikh\Documents\Car_Color_Detection_AI\data\raw\archive (6)\val\brown\3393e80642.jpg,brown,3
c:\Users\hasibul shaikh\Documents\Car_Color_Detection_AI\data\raw\archive (6)\train\red\330c0f50d8.jpg,red,10
c:\Users\hasibul shaikh\Documents\Car_Color_Detection_AI\data\raw\archive (6)\train\red\733e046b07.jpg,red,10
c:\Users\hasibul shaikh\Documents\Car_Color_Detection_AI\data\raw\archive (6)\train\pink\47b703eed3.jpg,pink,8
c:\Users\hasibul shaikh\Documents\Car_Color_Detection_AI\data\raw\archive (6)\train\red\0f658f80e8.jpg,red,10
c:\Users\hasibul shaikh\Documents\Car_Color_Detection_AI\data\raw\archive (6)\train\red\66f398cb7d.jpg,red,10
c:\Users\hasibul shaikh\Documents\Car_Color_Detection_AI\data\raw\archive (6)\train\blue\5619de892b.jpg,blue,2
c:\Users\hasibul shaikh\Documents\Car_Color_Detection_AI\data\raw\archive (6)\train\yellow\053cdd288e.jpg,yellow,14
c:\Users\hasibul shaikh\Documents\Car_Color_Detection_AI\data\raw\archive (6)\train\blue\7f8e66dfa9.jpg,blue,2
c:\Users\hasibul shaikh\Documents\Car_Color_Detection_AI\data\raw\archive (6)\train\pink\ce72ef7538.jpg,pink,8
c:\Users\hasibul shaikh\Documents\Car_Color_Detection_AI\data\raw\archive (6)\val\tan\4b777df942.jpg,tan,12
c:\Users\hasibul shaikh\Documents\Car_Color_Detection_AI\data\raw\archive (6)\test\blue\51288a8a92.jpg,blue,2
c:\Users\hasibul shaikh\Documents\Car_Color_Detection_AI\data\raw\archive (6)\test\purple\98538c3ccb.jpg,purple,9
c:\Users\hasibul shaikh\Documents\Car_Color_Detection_AI\data\raw\archive (6)\train\grey\44be49b9da.jpg,grey,6
c:\Users\hasibul shaikh\Documents\Car_Color_Detection_AI\data\raw\archive (6)\train\pink\4d71c6e019.jpg,pink,8
c:\Users\hasibul shaikh\Documents\Car_Color_Detection_AI\data\raw\archive (6)\train\red\8734520b89.jpg,red,10
c:\Users\hasibul shaikh\Documents\Car_Color_Detection_AI\data\raw\archive (6)\test\grey\851a7c4874.jpg,grey,6
c:\Users\hasibul shaikh\Documents\Car_Color_Detection_AI\data\raw\archive (6)\train\beige\24e97ad75b.jpg,beige,0
c:\Users\hasibul shaikh\Documents\Car_Color_Detection_AI\data\raw\archive (6)\train\pink\0d25c1786f.jpg,pink,8
c:\Users\hasibul shaikh\Documents\Car_Color_Detection_AI\data\raw\archive (6)\train\white\32553706e6.jpg,white,13
c:\Users\hasibul shaikh\Documents\Car_Color_Detection_AI\data\raw\archive (6)\train\blue\d92455d931.jpg,blue,2
c:\Users\hasibul shaikh\Documents\Car_Color_Detection_AI\data\raw\archive (6)\train\pink\366a583e23.jpg,pink,8
c:\Users\hasibul shaikh\Documents\Car_Color_Detection_AI\data\raw\archive (6)\train\black\25570b3b2b.jpg,black,1
c:\Users\hasibul shaikh\Documents\Car_Color_Detection_AI\data\raw\archive (6)\train\blue\b1788b9dd0.jpg,blue,2
c:\Users\hasibul shaikh\Documents\Car_Color_Detection_AI\data\raw\archive (6)\train\tan\65dd085233.jpg,tan,12
c:\Users\hasibul shaikh\Documents\Car_Color_Detection_AI\data\raw\archive (6)\val\tan\e6c890307a.jpg,tan,12
c:\Users\hasibul shaikh\Documents\Car_Color_Detection_AI\data\raw\archive (6)\train\green\7713ea0181.jpg,green,5
c:\Users\hasibul shaikh\Documents\Car_Color_Detection_AI\data\raw\archive (6)\val\tan\d5068e21ab.jpg,tan,12
c:\Users\hasibul shaikh\Documents\Car_Color_Detection_AI\data\raw\archive (6)\train\pink\f945a7f7df.jpg,pink,8
c:\Users\hasibul shaikh\Documents\Car_Color_Detection_AI\data\raw\archive (6)\val\beige\8fb4b3c8fb.jpg,beige,0
c:\Users\hasibul shaikh\Documents\Car_Color_Detection_AI\data\raw\archive (6)\train\orange\d218099a4d.jpg,orange,7
c:\Users\hasibul shaikh\Documents\Car_Color_Detection_AI\data\raw\archive (6)\test\beige\5bfe16c2eb.jpg,beige,0
c:\Users\hasibul shaikh\Documents\Car_Color_Detection_AI\data\raw\archive (6)\train\purple\81593f107d.jpg,purple,9
c:\Users\hasibul shaikh\Documents\Car_Color_Detection_AI\data\raw\archive (6)\test\green\31d0875a34.jpg,green,5
c:\Users\hasibul shaikh\Documents\Car_Color_Detection_AI\data\raw\archive (6)\train\yellow\27188f96f7.jpg,yellow,14
c:\Users\hasibul shaikh\Documents\Car_Color_Detection_AI\data\raw\archive (6)\val\pink\11d0b9cce0.jpg,pink,8
c:\Users\hasibul shaikh\Documents\Car_Color_Detection_AI\data\raw\archive (6)\test\black\f2d6fde025.jpg,black,1
c:\Users\hasibul shaikh\Documents\Car_Color_Detection_AI\data\raw\archive (6)\train\white\da816b74ba.jpg,white,13
c:\Users\hasibul shaikh\Documents\Car_Color_Detection_AI\data\raw\archive (6)\train\red\10e1196a71.jpg,red,10
c:\Users\hasibul shaikh\Documents\Car_Color_Detection_AI\data\raw\archive (6)\train\orange\8511b1a716.jpg,orange,7
c:\Users\hasibul shaikh\Documents\Car_Color_Detection_AI\data\raw\archive (6)\train\blue\ce61c47c5a.jpg,blue,2
c:\Users\hasibul shaikh\Documents\Car_Color_Detection_AI\data\raw\archive (6)\train\green\7564980bd9.jpg,green,5
c:\Users\hasibul shaikh\Documents\Car_Color_Detection_AI\data\raw\archive (6)\train\blue\59b625a6f0.jpg,blue,2
c:\Users\hasibul shaikh\Documents\Car_Color_Detection_AI\data\raw\archive (6)\train\black\da936b0f2e.jpg,black,1
c:\Users\hasibul shaikh\Documents\Car_Color_Detection_AI\data\raw\archive (6)\train\brown\0d098a23b1.jpg,brown,3
c:\Users\hasibul shaikh\Documents\Car_Color_Detection_AI\data\raw\archive (6)\train\orange\ab58aeff27.jpg,orange,7
c:\Users\hasibul shaikh\Documents\Car_Color_Detection_AI\data\raw\archive (6)\train\beige\adc9198af0.jpg,beige,0
c:\Users\hasibul shaikh\Documents\Car_Color_Detection_AI\data\raw\archive (6)\train\white\77aa0f25e9.jpg,white,13
c:\Users\hasibul shaikh\Documents\Car_Color_Detection_AI\data\raw\archive (6)\train\pink\24ca95a6be.jpg,pink,8
c:\Users\hasibul shaikh\Documents\Car_Color_Detection_AI\data\raw\archive (6)\val\black\f2864bfcdc.jpg,black,1
c:\Users\hasibul shaikh\Documents\Car_Color_Detection_AI\data\raw\archive (6)\train\silver\6ceccd0c3c.jpg,silver,11
c:\Users\hasibul shaikh\Documents\Car_Color_Detection_AI\data\raw\archive (6)\train\red\93578dd6fc.jpg,red,10
c:\Users\hasibul shaikh\Documents\Car_Color_Detection_AI\data\raw\archive (6)\test\white\bdf0ce1887.jpg,white,13
c:\Users\hasibul shaikh\Documents\Car_Color_Detection_AI\data\raw\archive (6)\test\green\5cf2f60e34.jpg,green,5
c:\Users\hasibul shaikh\Documents\Car_Color_Detection_AI\data\raw\archive (6)\train\green\bf450b8623.jpg,green,5
c:\Users\hasibul shaikh\Documents\Car_Color_Detection_AI\data\raw\archive (6)\train\black\8d730e6478.jpg,black,1
c:\Users\hasibul shaikh\Documents\Car_Color_Detection_AI\data\raw\archive (6)\train\purple\a156e3dd58.jpg,purple,9
c:\Users\hasibul shaikh\Documents\Car_Color_Detection_AI\data\raw\archive (6)\val\green\8c4c227be3.jpg,green,5
c:\Users\hasibul shaikh\Documents\Car_Color_Detection_AI\data\raw\archive (6)\test\purple\d55b41b83e.jpg,purple,9
c:\Users\hasibul shaikh\Documents\Car_Color_Detection_AI\data\raw\archive (6)\train\beige\46d39b75dc.jpg,beige,0
c:\Users\hasibul shaikh\Documents\Car_Color_Detection_AI\data\raw\archive (6)\train\beige\3b351d907f.jpg,beige,0
c:\Users\hasibul shaikh\Documents\Car_Color_Detection_AI\data\raw\archive (6)\train\tan\04f8819522.jpg,tan,12
c:\Users\hasibul shaikh\Documents\Car_Color_Detection_AI\data\raw\archive (6)\train\gold\b278a30c60.jpg,gold,4
c:\Users\hasibul shaikh\Documents\Car_Color_Detection_AI\data\raw\archive (6)\train\red\316c2af041.jpg,red,10
c:\Users\hasibul shaikh\Documents\Car_Color_Detection_AI\data\raw\archive (6)\train\blue\9db4a4fb07.jpg,blue,2
c:\Users\hasibul shaikh\Documents\Car_Color_Detection_AI\data\raw\archive (6)\train\purple\cbcd689abe.jpg,purple,9
c:\Users\hasibul shaikh\Documents\Car_Color_Detection_AI\data\raw\archive (6)\train\green\02a05622ca.jpg,green,5
c:\Users\hasibul shaikh\Documents\Car_Color_Detection_AI\data\raw\archive (6)\train\tan\042dba6697.jpg,tan,12
c:\Users\hasibul shaikh\Documents\Car_Color_Detection_AI\data\raw\archive (6)\train\grey\9576ec5566.jpg,grey,6
c:\Users\hasibul shaikh\Documents\Car_Color_Detection_AI\data\raw\archive (6)\train\brown\dcea53bfad.jpg,brown,3
c:\Users\hasibul shaikh\Documents\Car_Color_Detection_AI\data\raw\archive (6)\val\green\d2dea1a5ec.jpg,green,5
c:\Users\hasibul shaikh\Documents\Car_Color_Detection_AI\data\raw\archive (6)\train\blue\c042129b48.jpg,blue,2
c:\Users\hasibul shaikh\Documents\Car_Color_Detection_AI\data\raw\archive (6)\train\green\aa84edaac1.jpg,green,5
c:\Users\hasibul shaikh\Documents\Car_Color_Detection_AI\data\raw\archive (6)\train\grey\7780bdf0ac.jpg,grey,6
c:\Users\hasibul shaikh\Documents\Car_Color_Detection_AI\data\raw\archive (6)\train\yellow\fd46971f1e.jpg,yellow,14
c:\Users\hasibul shaikh\Documents\Car_Color_Detection_AI\data\raw\archive (6)\train\blue\794b307004.jpg,blue,2
c:\Users\hasibul shaikh\Documents\Car_Color_Detection_AI\data\raw\archive (6)\train\orange\1144b3c400.jpg,orange,7
c:\Users\hasibul shaikh\Documents\Car_Color_Detection_AI\data\raw\archive (6)\val\tan\c13347d859.jpg,tan,12
c:\Users\hasibul shaikh\Documents\Car_Color_Detection_AI\data\raw\archive (6)\train\orange\94025ed21f.jpg,orange,7
c:\Users\hasibul shaikh\Documents\Car_Color_Detection_AI\data\raw\archive (6)\train\black\bd2f62074b.jpg,black,1
c:\Users\hasibul shaikh\Documents\Car_Color_Detection_AI\data\raw\archive (6)\train\pink\65d7ba51d0.jpg,pink,8
c:\Users\hasibul shaikh\Documents\Car_Color_Detection_AI\data\raw\archive (6)\val\tan\1569f49091.jpg,tan,12
c:\Users\hasibul shaikh\Documents\Car_Color_Detection_AI\data\raw\archive (6)\train\tan\2e04220366.jpg,tan,12
c:\Users\hasibul shaikh\Documents\Car_Color_Detection_AI\data\raw\archive (6)\train\brown\60e1a06d5b.jpg,brown,3
c:\Users\hasibul shaikh\Documents\Car_Color_Detection_AI\data\raw\archive (6)\train\beige\0e17557f2b.jpg,beige,0
c:\Users\hasibul shaikh\Documents\Car_Color_Detection_AI\data\raw\archive (6)\train\red\57b439c221.jpg,red,10
c:\Users\hasibul shaikh\Documents\Car_Color_Detection_AI\data\raw\archive (6)\train\white\c3c6f06e75.jpg,white,13
c:\Users\hasibul shaikh\Documents\Car_Color_Detection_AI\data\raw\archive (6)\train\green\c8be1c146a.jpg,green,5
c:\Users\hasibul shaikh\Documents\Car_Color_Detection_AI\data\raw\archive (6)\train\brown\32b4b1db33 - Copy.jpg,brown,3
c:\Users\hasibul shaikh\Documents\Car_Color_Detection_AI\data\raw\archive (6)\val\green\d25f30f90d.jpg,green,5
c:\Users\hasibul shaikh\Documents\Car_Color_Detection_AI\data\raw\archive (6)\train\beige\cc680dc9ee.jpg,beige,0
c:\Users\hasibul shaikh\Documents\Car_Color_Detection_AI\data\raw\archive (6)\test\brown\447cf93782.jpg,brown,3
c:\Users\hasibul shaikh\Documents\Car_Color_Detection_AI\data\raw\archive (6)\train\brown\10b74bb325.jpg,brown,3
c:\Users\hasibul shaikh\Documents\Car_Color_Detection_AI\data\raw\archive (6)\train\tan\44b49927e8.jpg,tan,12
c:\Users\hasibul shaikh\Documents\Car_Color_Detection_AI\data\raw\archive (6)\train\red\ac40a77af9.jpg,red,10
c:\Users\hasibul shaikh\Documents\Car_Color_Detection_AI\data\raw\archive (6)\train\tan\23393b7cde.jpg,tan,12
c:\Users\hasibul shaikh\Documents\Car_Color_Detection_AI\data\raw\archive (6)\train\pink\90b0dd4ea5.jpg,pink,8
c:\Users\hasibul shaikh\Documents\Car_Color_Detection_AI\data\raw\archive (6)\train\blue\cd086e5499.jpg,blue,2
c:\Users\hasibul shaikh\Documents\Car_Color_Detection_AI\data\raw\archive (6)\val\tan\c7e56d6208.jpg,tan,12
c:\Users\hasibul shaikh\Documents\Car_Color_Detection_AI\data\raw\archive (6)\val\red\3566b6a526.jpg,red,10
c:\Users\hasibul shaikh\Documents\Car_Color_Detection_AI\data\raw\archive (6)\train\red\acfca620fb.jpg,red,10
c:\Users\hasibul shaikh\Documents\Car_Color_Detection_AI\data\raw\archive (6)\val\blue\1ba60bd1db.jpg,blue,2
c:\Users\hasibul shaikh\Documents\Car_Color_Detection_AI\data\raw\archive (6)\test\grey\34c1a633ea.jpg,grey,6
c:\Users\hasibul shaikh\Documents\Car_Color_Detection_AI\data\raw\archive (6)\train\blue\1657fa97cb.jpg,blue,2
c:\Users\hasibul shaikh\Documents\Car_Color_Detection_AI\data\raw\archive (6)\train\purple\427e6e5a82.jpg,purple,9
c:\Users\hasibul shaikh\Documents\Car_Color_Detection_AI\data\raw\archive (6)\train\beige\9527a187c5.jpg,beige,0
c:\Users\hasibul shaikh\Documents\Car_Color_Detection_AI\data\raw\archive (6)\train\red\01ed6bcfc1.jpg,red,10
c:\Users\hasibul shaikh\Documents\Car_Color_Detection_AI\data\raw\archive (6)\train\beige\649a12c1fc.jpg,beige,0
c:\Users\hasibul shaikh\Documents\Car_Color_Detection_AI\data\raw\archive (6)\train\green\ba08fd6800.jpg,green,5
c:\Users\hasibul shaikh\Documents\Car_Color_Detection_AI\data\raw\archive (6)\train\yellow\684ab0d5a3.jpg,yellow,14
c:\Users\hasibul shaikh\Documents\Car_Color_Detection_AI\data\raw\archive (6)\train\yellow\15035aa91f.jpg,yellow,14
c:\Users\hasibul shaikh\Documents\Car_Color_Detection_AI\data\raw\archive (6)\train\beige\fa82a9c66d.jpg,beige,0
c:\Users\hasibul shaikh\Documents\Car_Color_Detection_AI\data\raw\archive (6)\train\beige\7af1db258a.jpg,beige,0
c:\Users\hasibul shaikh\Documents\Car_Color_Detection_AI\data\raw\archive (6)\train\brown\afbbb1f970.jpg,brown,3
c:\Users\hasibul shaikh\Documents\Car_Color_Detection_AI\data\raw\archive (6)\train\white\d926eff0ca.jpg,white,13
c:\Users\hasibul shaikh\Documents\Car_Color_Detection_AI\data\raw\archive (6)\train\blue\fc8daa364b.jpg,blue,2
c:\Users\hasibul shaikh\Documents\Car_Color_Detection_AI\data\raw\archive (6)\val\blue\aa517ce5b4.jpg,blue,2
c:\Users\hasibul shaikh\Documents\Car_Color_Detection_AI\data\raw\archive (6)\train\brown\b487cd0670.jpg,brown,3
c:\Users\hasibul shaikh\Documents\Car_Color_Detection_AI\data\raw\archive (6)\train\white\8f6ffde099.jpg,white,13
c:\Users\hasibul shaikh\Documents\Car_Color_Detection_AI\data\raw\archive (6)\train\pink\c9208f116e.jpg,pink,8
c:\Users\hasibul shaikh\Documents\Car_Color_Detection_AI\data\raw\archive (6)\train\black\063f455123.jpg,black,1
c:\Users\hasibul shaikh\Documents\Car_Color_Detection_AI\data\raw\archive (6)\train\yellow\82c2859855.jpg,yellow,14
c:\Users\hasibul shaikh\Documents\Car_Color_Detection_AI\data\raw\archive (6)\train\beige\6e7fa2d68d.jpg,beige,0
c:\Users\hasibul shaikh\Documents\Car_Color_Detection_AI\data\raw\archive (6)\train\blue\07a61dd4ae.jpg,blue,2
c:\Users\hasibul shaikh\Documents\Car_Color_Detection_AI\data\raw\archive (6)\train\silver\93854eac9f.jpg,silver,11
c:\Users\hasibul shaikh\Documents\Car_Color_Detection_AI\data\raw\archive (6)\train\silver\bd3d8e69f5.jpg,silver,11
c:\Users\hasibul shaikh\Documents\Car_Color_Detection_AI\data\raw\archive (6)\train\tan\bcb26c86e1.jpg,tan,12
c:\Users\hasibul shaikh\Documents\Car_Color_Detection_AI\data\raw\archive (6)\train\grey\123767497c.jpg,grey,6
c:\Users\hasibul shaikh\Documents\Car_Color_Detection_AI\data\raw\archive (6)\train\black\5a00420820.jpg,black,1
c:\Users\hasibul shaikh\Documents\Car_Color_Detection_AI\data\raw\archive (6)\train\white\b41f625e43.jpg,white,13
c:\Users\hasibul shaikh\Documents\Car_Color_Detection_AI\data\raw\archive (6)\train\pink\775773d81b.jpg,pink,8
c:\Users\hasibul shaikh\Documents\Car_Color_Detection_AI\data\raw\archive (6)\train\white\0f90f3bdfa.jpg,white,13
c:\Users\hasibul shaikh\Documents\Car_Color_Detection_AI\data\raw\archive (6)\train\blue\5b84c03ea0.jpg,blue,2
c:\Users\hasibul shaikh\Documents\Car_Color_Detection_AI\data\raw\archive (6)\train\brown\844c6706c0.jpg,brown,3
c:\Users\hasibul shaikh\Documents\Car_Color_Detection_AI\data\raw\archive (6)\train\red\776f503d75.jpg,red,10
c:\Users\hasibul shaikh\Documents\Car_Color_Detection_AI\data\raw\archive (6)\train\blue\a0a5c9a90f.jpg,blue,2
c:\Users\hasibul shaikh\Documents\Car_Color_Detection_AI\data\raw\archive (6)\train\beige\a08db66883.jpg,beige,0
c:\Users\hasibul shaikh\Documents\Car_Color_Detection_AI\data\raw\archive (6)\test\yellow\c0b9dc744d.jpg,yellow,14
c:\Users\hasibul shaikh\Documents\Car_Color_Detection_AI\data\raw\archive (6)\train\brown\6a414718f2.jpg,brown,3
c:\Users\hasibul shaikh\Documents\Car_Color_Detection_AI\data\raw\archive (6)\train\purple\f1f5b91497.jpg,purple,9
c:\Users\hasibul shaikh\Documents\Car_Color_Detection_AI\data\raw\archive (6)\train\grey\3e481d1e79.jpg,grey,6
c:\Users\hasibul shaikh\Documents\Car_Color_Detection_AI\data\raw\archive (6)\test\orange\cf2a2fa005.jpg,orange,7
c:\Users\hasibul shaikh\Documents\Car_Color_Detection_AI\data\raw\archive (6)\train\brown\5cf74c3e2d.jpg,brown,3
c:\Users\hasibul shaikh\Documents\Car_Color_Detection_AI\data\raw\archive (6)\test\blue\4fcd8514b3.jpg,blue,2
c:\Users\hasibul shaikh\Documents\Car_Color_Detection_AI\data\raw\archive (6)\train\purple\56d924c637.jpg,purple,9
c:\Users\hasibul shaikh\Documents\Car_Color_Detection_AI\data\raw\archive (6)\train\green\7b450686bf.jpg,green,5
c:\Users\hasibul shaikh\Documents\Car_Color_Detection_AI\data\raw\archive (6)\train\orange\8cf5433b45.jpg,orange,7
c:\Users\hasibul shaikh\Documents\Car_Color_Detection_AI\data\raw\archive (6)\test\tan\4f36bbcde5.jpg,tan,12
c:\Users\hasibul shaikh\Documents\Car_Color_Detection_AI\data\raw\archive (6)\train\beige\8a338b1163.jpg,beige,0
c:\Users\hasibul shaikh\Documents\Car_Color_Detection_AI\data\raw\archive (6)\val\grey\4b1bc9f10c.jpg,grey,6
c:\Users\hasibul shaikh\Documents\Car_Color_Detection_AI\data\raw\archive (6)\train\grey\212bb90a40.jpg,grey,6
c:\Users\hasibul shaikh\Documents\Car_Color_Detection_AI\data\raw\archive (6)\test\black\3419c510ba.jpg,black,1
c:\Users\hasibul shaikh\Documents\Car_Color_Detection_AI\data\raw\archive (6)\train\tan\6386076f12.jpg,tan,12
c:\Users\hasibul shaikh\Documents\Car_Color_Detection_AI\data\raw\archive (6)\train\grey\508ad7b3e6.jpg,grey,6
c:\Users\hasibul shaikh\Documents\Car_Color_Detection_AI\data\raw\archive (6)\train\silver\21580b0589.jpg,silver,11
c:\Users\hasibul shaikh\Documents\Car_Color_Detection_AI\data\raw\archive (6)\train\grey\1e34474f20.jpg,grey,6
c:\Users\hasibul shaikh\Documents\Car_Color_Detection_AI\data\raw\archive (6)\test\purple\7e7c2c2b58.jpg,purple,9
c:\Users\hasibul shaikh\Documents\Car_Color_Detection_AI\data\raw\archive (6)\train\gold\97e8bafe52.jpg,gold,4
c:\Users\hasibul shaikh\Documents\Car_Color_Detection_AI\data\raw\archive (6)\train\orange\971f8c3923.jpg,orange,7
c:\Users\hasibul shaikh\Documents\Car_Color_Detection_AI\data\raw\archive (6)\val\silver\eb7c8c4fb5.jpg,silver,11
c:\Users\hasibul shaikh\Documents\Car_Color_Detection_AI\data\raw\archive (6)\train\purple\944ea70b84.jpg,purple,9
c:\Users\hasibul shaikh\Documents\Car_Color_Detection_AI\data\raw\archive (6)\train\brown\f35410efb7.jpg,brown,3
c:\Users\hasibul shaikh\Documents\Car_Color_Detection_AI\data\raw\archive (6)\train\pink\3bf73a0e93.jpg,pink,8
c:\Users\hasibul shaikh\Documents\Car_Color_Detection_AI\data\raw\archive (6)\train\purple\576cb85c70.jpg,purple,9
c:\Users\hasibul shaikh\Documents\Car_Color_Detection_AI\data\raw\archive (6)\val\red\64f59e01d8.jpg,red,10
c:\Users\hasibul shaikh\Documents\Car_Color_Detection_AI\data\raw\archive (6)\train\green\653abbd131.jpg,green,5
c:\Users\hasibul shaikh\Documents\Car_Color_Detection_AI\data\raw\archive (6)\train\silver\07f47c4581.jpg,silver,11
c:\Users\hasibul shaikh\Documents\Car_Color_Detection_AI\data\raw\archive (6)\train\blue\1abe342a8b.jpg,blue,2
c:\Users\hasibul shaikh\Documents\Car_Color_Detection_AI\data\raw\archive (6)\train\pink\fba0de4af7.jpg,pink,8
c:\Users\hasibul shaikh\Documents\Car_Color_Detection_AI\data\raw\archive (6)\test\grey\be28a393c1.jpg,grey,6
c:\Users\hasibul shaikh\Documents\Car_Color_Detection_AI\data\raw\archive (6)\train\green\a4b7728c15.jpg,green,5
c:\Users\hasibul shaikh\Documents\Car_Color_Detection_AI\data\raw\archive (6)\train\pink\373926db51.jpg,pink,8
c:\Users\hasibul shaikh\Documents\Car_Color_Detection_AI\data\raw\archive (6)\test\red\80dd14e495.jpg,red,10
c:\Users\hasibul shaikh\Documents\Car_Color_Detection_AI\data\raw\archive (6)\train\red\3fc873278d.jpg,red,10
c:\Users\hasibul shaikh\Documents\Car_Color_Detection_AI\data\raw\archive (6)\train\yellow\6842e9b48a.jpg,yellow,14
c:\Users\hasibul shaikh\Documents\Car_Color_Detection_AI\data\raw\archive (6)\val\yellow\7a2b2236af.jpg,yellow,14
c:\Users\hasibul shaikh\Documents\Car_Color_Detection_AI\data\raw\archive (6)\train\black\d2f98e88a4.jpg,black,1
c:\Users\hasibul shaikh\Documents\Car_Color_Detection_AI\data\raw\archive (6)\train\pink\a8563191fc.jpg,pink,8
c:\Users\hasibul shaikh\Documents\Car_Color_Detection_AI\data\raw\archive (6)\train\tan\a8da81a125.jpg,tan,12
c:\Users\hasibul shaikh\Documents\Car_Color_Detection_AI\data\raw\archive (6)\val\brown\19b20c9eae.jpg,brown,3
c:\Users\hasibul shaikh\Documents\Car_Color_Detection_AI\data\raw\archive (6)\train\blue\0dc4569418.jpg,blue,2
c:\Users\hasibul shaikh\Documents\Car_Color_Detection_AI\data\raw\archive (6)\train\brown\3cf6d1c132.jpg,brown,3
c:\Users\hasibul shaikh\Documents\Car_Color_Detection_AI\data\raw\archive (6)\train\blue\1d922df381.jpg,blue,2
c:\Users\hasibul shaikh\Documents\Car_Color_Detection_AI\data\raw\archive (6)\val\green\c93fb46b4d.jpg,green,5
c:\Users\hasibul shaikh\Documents\Car_Color_Detection_AI\data\raw\archive (6)\train\black\cfb863cccb.jpg,black,1
c:\Users\hasibul shaikh\Documents\Car_Color_Detection_AI\data\raw\archive (6)\train\purple\6ccf902e37.jpg,purple,9
c:\Users\hasibul shaikh\Documents\Car_Color_Detection_AI\data\raw\archive (6)\test\purple\fbc609d95c.jpg,purple,9
c:\Users\hasibul shaikh\Documents\Car_Color_Detection_AI\data\raw\archive (6)\train\blue\b65638cfeb.jpg,blue,2
c:\Users\hasibul shaikh\Documents\Car_Color_Detection_AI\data\raw\archive (6)\train\beige\27d4a1473e.jpg,beige,0
c:\Users\hasibul shaikh\Documents\Car_Color_Detection_AI\data\raw\archive (6)\val\red\a29eb88c3d.jpg,red,10
c:\Users\hasibul shaikh\Documents\Car_Color_Detection_AI\data\raw\archive (6)\test\beige\25b69b6cbb.jpg,beige,0
c:\Users\hasibul shaikh\Documents\Car_Color_Detection_AI\data\raw\archive (6)\val\yellow\b187997e63.jpg,yellow,14
c:\Users\hasibul shaikh\Documents\Car_Color_Detection_AI\data\raw\archive (6)\test\brown\19d4821072.jpg,brown,3
c:\Users\hasibul shaikh\Documents\Car_Color_Detection_AI\data\raw\archive (6)\train\tan\6fd086e79b.jpg,tan,12
c:\Users\hasibul shaikh\Documents\Car_Color_Detection_AI\data\raw\archive (6)\test\green\e5657997ac.jpg,green,5
c:\Users\hasibul shaikh\Documents\Car_Color_Detection_AI\data\raw\archive (6)\val\silver\7dfed87a0d.jpg,silver,11
c:\Users\hasibul shaikh\Documents\Car_Color_Detection_AI\data\raw\archive (6)\train\yellow\1e49fa29ab.jpg,yellow,14
c:\Users\hasibul shaikh\Documents\Car_Color_Detection_AI\data\raw\archive (6)\train\red\dcd33814dc.jpg,red,10
c:\Users\hasibul shaikh\Documents\Car_Color_Detection_AI\data\raw\archive (6)\train\tan\a259ef012e.jpg,tan,12
c:\Users\hasibul shaikh\Documents\Car_Color_Detection_AI\data\raw\archive (6)\test\brown\82b520a874.jpg,brown,3
c:\Users\hasibul shaikh\Documents\Car_Color_Detection_AI\data\raw\archive (6)\val\yellow\90fc444dfc.jpg,yellow,14
c:\Users\hasibul shaikh\Documents\Car_Color_Detection_AI\data\raw\archive (6)\train\red\230c7d3491.jpg,red,10
c:\Users\hasibul shaikh\Documents\Car_Color_Detection_AI\data\raw\archive (6)\train\pink\7c2b422837.jpg,pink,8
c:\Users\hasibul shaikh\Documents\Car_Color_Detection_AI\data\raw\archive (6)\train\black\c2611562fe.jpg,black,1
c:\Users\hasibul shaikh\Documents\Car_Color_Detection_AI\data\raw\archive (6)\train\pink\6d65fb6517.jpg,pink,8
c:\Users\hasibul shaikh\Documents\Car_Color_Detection_AI\data\raw\archive (6)\train\red\d65482f8db.jpg,red,10
c:\Users\hasibul shaikh\Documents\Car_Color_Detection_AI\data\raw\archive (6)\train\green\6a20d2ba4e.jpg,green,5
c:\Users\hasibul shaikh\Documents\Car_Color_Detection_AI\data\raw\archive (6)\train\orange\7ecc37706c.jpg,orange,7
c:\Users\hasibul shaikh\Documents\Car_Color_Detection_AI\data\raw\archive (6)\train\beige\ceb180e8f8.jpg,beige,0
c:\Users\hasibul shaikh\Documents\Car_Color_Detection_AI\data\raw\archive (6)\train\yellow\e72496f437.jpg,yellow,14
c:\Users\hasibul shaikh\Documents\Car_Color_Detection_AI\data\raw\archive (6)\train\red\113e075886.jpg,red,10
c:\Users\hasibul shaikh\Documents\Car_Color_Detection_AI\data\raw\archive (6)\val\beige\3dac5a8b1f.jpg,beige,0
c:\Users\hasibul shaikh\Documents\Car_Color_Detection_AI\data\raw\archive (6)\train\green\1688a77a3b.jpg,green,5
c:\Users\hasibul shaikh\Documents\Car_Color_Detection_AI\data\raw\archive (6)\train\beige\62a4f2db00.jpg,beige,0
c:\Users\hasibul shaikh\Documents\Car_Color_Detection_AI\data\raw\archive (6)\train\beige\be0a4dd33b.jpg,beige,0
c:\Users\hasibul shaikh\Documents\Car_Color_Detection_AI\data\raw\archive (6)\train\blue\c46269a4c7.jpg,blue,2
c:\Users\hasibul shaikh\Documents\Car_Color_Detection_AI\data\raw\archive (6)\val\purple\0945a1361f.jpg,purple,9
c:\Users\hasibul shaikh\Documents\Car_Color_Detection_AI\data\raw\archive (6)\train\tan\e1c31e7961.jpg,tan,12
c:\Users\hasibul shaikh\Documents\Car_Color_Detection_AI\data\raw\archive (6)\train\tan\7cd367e26e.jpg,tan,12
c:\Users\hasibul shaikh\Documents\Car_Color_Detection_AI\data\raw\archive (6)\test\white\08c6f0b675.jpg,white,13
c:\Users\hasibul shaikh\Documents\Car_Color_Detection_AI\data\raw\archive (6)\test\red\72f8a1b67c.jpg,red,10
c:\Users\hasibul shaikh\Documents\Car_Color_Detection_AI\data\raw\archive (6)\test\yellow\f3a3110912.jpg,yellow,14
c:\Users\hasibul shaikh\Documents\Car_Color_Detection_AI\data\raw\archive (6)\train\pink\5320f6e905.jpg,pink,8
c:\Users\hasibul shaikh\Documents\Car_Color_Detection_AI\data\raw\archive (6)\train\gold\2ec23a2beb.jpg,gold,4
c:\Users\hasibul shaikh\Documents\Car_Color_Detection_AI\data\raw\archive (6)\train\yellow\b5afa5fed6.jpg,yellow,14
c:\Users\hasibul shaikh\Documents\Car_Color_Detection_AI\data\raw\archive (6)\train\pink\0686e869d6.jpg,pink,8
c:\Users\hasibul shaikh\Documents\Car_Color_Detection_AI\data\raw\archive (6)\train\silver\5948fe0205.jpg,silver,11
c:\Users\hasibul shaikh\Documents\Car_Color_Detection_AI\data\raw\archive (6)\train\silver\60646109fd.jpg,silver,11
c:\Users\hasibul shaikh\Documents\Car_Color_Detection_AI\data\raw\archive (6)\train\yellow\68fcc45f95.jpg,yellow,14
c:\Users\hasibul shaikh\Documents\Car_Color_Detection_AI\data\raw\archive (6)\train\grey\180cb53659.jpg,grey,6
c:\Users\hasibul shaikh\Documents\Car_Color_Detection_AI\data\raw\archive (6)\test\brown\417c1b1285.jpg,brown,3
c:\Users\hasibul shaikh\Documents\Car_Color_Detection_AI\data\raw\archive (6)\train\gold\62ab6a5d42.jpg,gold,4
c:\Users\hasibul shaikh\Documents\Car_Color_Detection_AI\data\raw\archive (6)\train\tan\0d07625e22.jpg,tan,12
c:\Users\hasibul shaikh\Documents\Car_Color_Detection_AI\data\raw\archive (6)\train\beige\d5a60a675f.jpg,beige,0
c:\Users\hasibul shaikh\Documents\Car_Color_Detection_AI\data\raw\archive (6)\train\beige\5530bdacb7.jpg,beige,0
c:\Users\hasibul shaikh\Documents\Car_Color_Detection_AI\data\raw\archive (6)\train\beige\23734a0caa.jpg,beige,0
c:\Users\hasibul shaikh\Documents\Car_Color_Detection_AI\data\raw\archive (6)\val\brown\222f9a91f9.jpg,brown,3
c:\Users\hasibul shaikh\Documents\Car_Color_Detection_AI\data\raw\archive (6)\train\purple\3419838cfd.jpg,purple,9
c:\Users\hasibul shaikh\Documents\Car_Color_Detection_AI\data\raw\archive (6)\train\white\d4aa7a4b92.jpg,white,13
c:\Users\hasibul shaikh\Documents\Car_Color_Detection_AI\data\raw\archive (6)\train\green\ce7372422c.jpg,green,5
c:\Users\hasibul shaikh\Documents\Car_Color_Detection_AI\data\raw\archive (6)\train\blue\9ec01f974f.jpg,blue,2
c:\Users\hasibul shaikh\Documents\Car_Color_Detection_AI\data\raw\archive (6)\train\pink\1b0ff8d9f4.jpg,pink,8
c:\Users\hasibul shaikh\Documents\Car_Color_Detection_AI\data\raw\archive (6)\test\blue\0440c22324.jpg,blue,2
c:\Users\hasibul shaikh\Documents\Car_Color_Detection_AI\data\raw\archive (6)\train\brown\81bcf342f5.jpg,brown,3
c:\Users\hasibul shaikh\Documents\Car_Color_Detection_AI\data\raw\archive (6)\train\black\f952931419.jpg,black,1
c:\Users\hasibul shaikh\Documents\Car_Color_Detection_AI\data\raw\archive (6)\train\beige\4eed0a2922.jpg,beige,0
c:\Users\hasibul shaikh\Documents\Car_Color_Detection_AI\data\raw\archive (6)\train\blue\a8cf87b7d1.jpg,blue,2
c:\Users\hasibul shaikh\Documents\Car_Color_Detection_AI\data\raw\archive (6)\train\grey\8a62aa38db.jpg,grey,6
c:\Users\hasibul shaikh\Documents\Car_Color_Detection_AI\data\raw\archive (6)\train\red\e0893c7dbf.jpg,red,10
c:\Users\hasibul shaikh\Documents\Car_Color_Detection_AI\data\raw\archive (6)\test\silver\579b8c5b07.jpg,silver,11
c:\Users\hasibul shaikh\Documents\Car_Color_Detection_AI\data\raw\archive (6)\test\blue\eb2a67aa77.jpg,blue,2
c:\Users\hasibul shaikh\Documents\Car_Color_Detection_AI\data\raw\archive (6)\train\grey\d8d59c02ac.jpg,grey,6
c:\Users\hasibul shaikh\Documents\Car_Color_Detection_AI\data\raw\archive (6)\train\beige\1ef1f11baa.jpg,beige,0
c:\Users\hasibul shaikh\Documents\Car_Color_Detection_AI\data\raw\archive (6)\train\silver\339b1faea4.jpg,silver,11
c:\Users\hasibul shaikh\Documents\Car_Color_Detection_AI\data\raw\archive (6)\train\beige\b36cb03ea1.jpg,beige,0
c:\Users\hasibul shaikh\Documents\Car_Color_Detection_AI\data\raw\archive (6)\val\red\9e30cfa55a.jpg,red,10
c:\Users\hasibul shaikh\Documents\Car_Color_Detection_AI\data\raw\archive (6)\train\orange\bacea61097.jpg,orange,7
c:\Users\hasibul shaikh\Documents\Car_Color_Detection_AI\data\raw\archive (6)\train\pink\1923879ff3.jpg,pink,8
c:\Users\hasibul shaikh\Documents\Car_Color_Detection_AI\data\raw\archive (6)\train\orange\4602ae4164.jpg,orange,7
c:\Users\hasibul shaikh\Documents\Car_Color_Detection_AI\data\raw\archive (6)\train\silver\cb809cca4b.jpg,silver,11
c:\Users\hasibul shaikh\Documents\Car_Color_Detection_AI\data\raw\archive (6)\test\blue\3bdbfd6c2b.jpg,blue,2
c:\Users\hasibul shaikh\Documents\Car_Color_Detection_AI\data\raw\archive (6)\train\green\92e2e4a29f.jpg,green,5
c:\Users\hasibul shaikh\Documents\Car_Color_Detection_AI\data\raw\archive (6)\train\red\d1f6088ec1.jpg,red,10
c:\Users\hasibul shaikh\Documents\Car_Color_Detection_AI\data\raw\archive (6)\test\purple\aa8ae66670.jpg,purple,9
c:\Users\hasibul shaikh\Documents\Car_Color_Detection_AI\data\raw\archive (6)\train\yellow\1ce32aeee3.jpg,yellow,14
c:\Users\hasibul shaikh\Documents\Car_Color_Detection_AI\data\raw\archive (6)\val\gold\d68efbec84.jpg,gold,4
c:\Users\hasibul shaikh\Documents\Car_Color_Detection_AI\data\raw\archive (6)\train\pink\3a8ac3cbd0.jpg,pink,8
c:\Users\hasibul shaikh\Documents\Car_Color_Detection_AI\data\raw\archive (6)\test\blue\d2b956c359.jpg,blue,2
c:\Users\hasibul shaikh\Documents\Car_Color_Detection_AI\data\raw\archive (6)\train\grey\7cf8bddfc1.jpg,grey,6
c:\Users\hasibul shaikh\Documents\Car_Color_Detection_AI\data\raw\archive (6)\train\grey\ad3057aefa.jpg,grey,6
c:\Users\hasibul shaikh\Documents\Car_Color_Detection_AI\data\raw\archive (6)\test\blue\ff4d1a4ebb.jpg,blue,2
c:\Users\hasibul shaikh\Documents\Car_Color_Detection_AI\data\raw\archive (6)\val\purple\ecb72dcbf6.jpg,purple,9
c:\Users\hasibul shaikh\Documents\Car_Color_Detection_AI\data\raw\archive (6)\train\brown\a9a4d8b152.jpg,brown,3
c:\Users\hasibul shaikh\Documents\Car_Color_Detection_AI\data\raw\archive (6)\train\white\6d4254dd79.jpg,white,13
c:\Users\hasibul shaikh\Documents\Car_Color_Detection_AI\data\raw\archive (6)\val\tan\efd13a6de9.jpg,tan,12
c:\Users\hasibul shaikh\Documents\Car_Color_Detection_AI\data\raw\archive (6)\test\tan\a8431697b6.jpg,tan,12
c:\Users\hasibul shaikh\Documents\Car_Color_Detection_AI\data\raw\archive (6)\test\brown\506f7dc45e.jpg,brown,3
c:\Users\hasibul shaikh\Documents\Car_Color_Detection_AI\data\raw\archive (6)\train\black\18a4df8435.jpg,black,1
c:\Users\hasibul shaikh\Documents\Car_Color_Detection_AI\data\raw\archive (6)\train\yellow\501c9b641b.jpg,yellow,14
c:\Users\hasibul shaikh\Documents\Car_Color_Detection_AI\data\raw\archive (6)\train\purple\69d65201d7.jpg,purple,9
c:\Users\hasibul shaikh\Documents\Car_Color_Detection_AI\data\raw\archive (6)\train\red\d314aa9bcb.jpg,red,10
c:\Users\hasibul shaikh\Documents\Car_Color_Detection_AI\data\raw\archive (6)\train\blue\cc5d52e07f.jpg,blue,2
c:\Users\hasibul shaikh\Documents\Car_Color_Detection_AI\data\raw\archive (6)\train\orange\a93c2f2d2b.jpg,orange,7
c:\Users\hasibul shaikh\Documents\Car_Color_Detection_AI\data\raw\archive (6)\train\pink\a7d1d18d2e.jpg,pink,8
c:\Users\hasibul shaikh\Documents\Car_Color_Detection_AI\data\raw\archive (6)\train\pink\4bf78c8277.jpg,pink,8
c:\Users\hasibul shaikh\Documents\Car_Color_Detection_AI\data\raw\archive (6)\val\red\1896599166.jpg,red,10
c:\Users\hasibul shaikh\Documents\Car_Color_Detection_AI\data\raw\archive (6)\train\black\b7625c477a.jpg,black,1
c:\Users\hasibul shaikh\Documents\Car_Color_Detection_AI\data\raw\archive (6)\val\orange\6f16b33d43.jpg,orange,7
c:\Users\hasibul shaikh\Documents\Car_Color_Detection_AI\data\raw\archive (6)\train\green\11d0fa2ff4.jpg,green,5
c:\Users\hasibul shaikh\Documents\Car_Color_Detection_AI\data\raw\archive (6)\train\yellow\1fdc71fe72.jpg,yellow,14
c:\Users\hasibul shaikh\Documents\Car_Color_Detection_AI\data\raw\archive (6)\train\grey\09e24f56d4.jpg,grey,6
c:\Users\hasibul shaikh\Documents\Car_Color_Detection_AI\data\raw\archive (6)\train\pink\6e5bd7fde1.jpg,pink,8
c:\Users\hasibul shaikh\Documents\Car_Color_Detection_AI\data\raw\archive (6)\train\white\bd0f3df15b.jpg,white,13
c:\Users\hasibul shaikh\Documents\Car_Color_Detection_AI\data\raw\archive (6)\train\grey\e7088f48fd.jpg,grey,6
c:\Users\hasibul shaikh\Documents\Car_Color_Detection_AI\data\raw\archive (6)\val\purple\aca46fcba5.jpg,purple,9
c:\Users\hasibul shaikh\Documents\Car_Color_Detection_AI\data\raw\archive (6)\train\brown\5327f02cbf.jpg,brown,3
c:\Users\hasibul shaikh\Documents\Car_Color_Detection_AI\data\raw\archive (6)\test\purple\28f49897bc.jpg,purple,9
c:\Users\hasibul shaikh\Documents\Car_Color_Detection_AI\data\raw\archive (6)\train\purple\438384bfc8.jpg,purple,9
c:\Users\hasibul shaikh\Documents\Car_Color_Detection_AI\data\raw\archive (6)\val\pink\55b4fbe4db.jpg,pink,8
c:\Users\hasibul shaikh\Documents\Car_Color_Detection_AI\data\raw\archive (6)\train\grey\7e51f1de1a.jpg,grey,6
c:\Users\hasibul shaikh\Documents\Car_Color_Detection_AI\data\raw\archive (6)\train\pink\3e03b4474c.jpg,pink,8
c:\Users\hasibul shaikh\Documents\Car_Color_Detection_AI\data\raw\archive (6)\test\pink\e5d0dc7350.jpg,pink,8
c:\Users\hasibul shaikh\Documents\Car_Color_Detection_AI\data\raw\archive (6)\train\pink\646b4c56b4.jpg,pink,8
c:\Users\hasibul shaikh\Documents\Car_Color_Detection_AI\data\raw\archive (6)\test\pink\60d574ef32.jpg,pink,8
c:\Users\hasibul shaikh\Documents\Car_Color_Detection_AI\data\raw\archive (6)\train\orange\86a9d185b9.jpg,orange,7
c:\Users\hasibul shaikh\Documents\Car_Color_Detection_AI\data\raw\archive (6)\train\yellow\5f924ee308.jpg,yellow,14
c:\Users\hasibul shaikh\Documents\Car_Color_Detection_AI\data\raw\archive (6)\train\brown\71054d2e83.jpg,brown,3
c:\Users\hasibul shaikh\Documents\Car_Color_Detection_AI\data\raw\archive (6)\train\beige\bdebbfe410.jpg,beige,0
c:\Users\hasibul shaikh\Documents\Car_Color_Detection_AI\data\raw\archive (6)\train\orange\2484126122.jpg,orange,7
c:\Users\hasibul shaikh\Documents\Car_Color_Detection_AI\data\raw\archive (6)\test\grey\370bc49a87.jpg,grey,6
c:\Users\hasibul shaikh\Documents\Car_Color_Detection_AI\data\raw\archive (6)\train\brown\7b7578e3b6.jpg,brown,3
c:\Users\hasibul shaikh\Documents\Car_Color_Detection_AI\data\raw\archive (6)\val\beige\5f0ff64aed.jpg,beige,0
c:\Users\hasibul shaikh\Documents\Car_Color_Detection_AI\data\raw\archive (6)\val\tan\eb0ea74d76.jpg,tan,12
c:\Users\hasibul shaikh\Documents\Car_Color_Detection_AI\data\raw\archive (6)\train\red\1b754ba142.jpg,red,10
c:\Users\hasibul shaikh\Documents\Car_Color_Detection_AI\data\raw\archive (6)\train\gold\4dfb04385c.jpg,gold,4
c:\Users\hasibul shaikh\Documents\Car_Color_Detection_AI\data\raw\archive (6)\train\red\bd4a283e9c.jpg,red,10
c:\Users\hasibul shaikh\Documents\Car_Color_Detection_AI\data\raw\archive (6)\train\blue\9fccf5956f.jpg,blue,2
c:\Users\hasibul shaikh\Documents\Car_Color_Detection_AI\data\raw\archive (6)\train\beige\fa4d0f63bb.jpg,beige,0
c:\Users\hasibul shaikh\Documents\Car_Color_Detection_AI\data\raw\archive (6)\train\silver\09be7319aa.jpg,silver,11
c:\Users\hasibul shaikh\Documents\Car_Color_Detection_AI\data\raw\archive (6)\train\white\e250b6640e.jpg,white,13
c:\Users\hasibul shaikh\Documents\Car_Color_Detection_AI\data\raw\archive (6)\train\black\2a08032ec6.jpg,black,1
c:\Users\hasibul shaikh\Documents\Car_Color_Detection_AI\data\raw\archive (6)\train\black\5d2ed9454c.jpg,black,1
c:\Users\hasibul shaikh\Documents\Car_Color_Detection_AI\data\raw\archive (6)\train\blue\215c29c3c0.jpg,blue,2
c:\Users\hasibul shaikh\Documents\Car_Color_Detection_AI\data\raw\archive (6)\train\red\a40e7e0a72.jpg,red,10
c:\Users\hasibul shaikh\Documents\Car_Color_Detection_AI\data\raw\archive (6)\train\silver\674978912f.jpg,silver,11
c:\Users\hasibul shaikh\Documents\Car_Color_Detection_AI\data\raw\archive (6)\train\orange\f69df93273.jpg,orange,7
c:\Users\hasibul shaikh\Documents\Car_Color_Detection_AI\data\raw\archive (6)\train\beige\d4c370791a.jpg,beige,0
c:\Users\hasibul shaikh\Documents\Car_Color_Detection_AI\data\raw\archive (6)\train\red\8fa07580be.jpg,red,10
c:\Users\hasibul shaikh\Documents\Car_Color_Detection_AI\data\raw\archive (6)\val\red\8fedc16eef.jpg,red,10
c:\Users\hasibul shaikh\Documents\Car_Color_Detection_AI\data\raw\archive (6)\test\silver\735add29d4.jpg,silver,11
c:\Users\hasibul shaikh\Documents\Car_Color_Detection_AI\data\raw\archive (6)\train\purple\9f5131e115.jpg,purple,9
c:\Users\hasibul shaikh\Documents\Car_Color_Detection_AI\data\raw\archive (6)\train\red\97c397e76c.jpg,red,10
c:\Users\hasibul shaikh\Documents\Car_Color_Detection_AI\data\raw\archive (6)\val\red\1a4c507b13.jpg,red,10
c:\Users\hasibul shaikh\Documents\Car_Color_Detection_AI\data\raw\archive (6)\train\grey\f195244bd4.jpg,grey,6
c:\Users\hasibul shaikh\Documents\Car_Color_Detection_AI\data\raw\archive (6)\val\blue\c99d56c2fe.jpg,blue,2
c:\Users\hasibul shaikh\Documents\Car_Color_Detection_AI\data\raw\archive (6)\train\blue\e0c87a2af2.jpg,blue,2
c:\Users\hasibul shaikh\Documents\Car_Color_Detection_AI\data\raw\archive (6)\train\orange\14ec83e8fc.jpg,orange,7
c:\Users\hasibul shaikh\Documents\Car_Color_Detection_AI\data\raw\archive (6)\train\red\f0f19bcdb0.jpg,red,10
c:\Users\hasibul shaikh\Documents\Car_Color_Detection_AI\data\raw\archive (6)\test\grey\2cfa201baf.jpg,grey,6
c:\Users\hasibul shaikh\Documents\Car_Color_Detection_AI\data\raw\archive (6)\train\orange\e5d2677717.jpg,orange,7
c:\Users\hasibul shaikh\Documents\Car_Color_Detection_AI\data\raw\archive (6)\train\tan\9d2d514600.jpg,tan,12
c:\Users\hasibul shaikh\Documents\Car_Color_Detection_AI\data\raw\archive (6)\train\silver\4702e66fd0.jpg,silver,11
c:\Users\hasibul shaikh\Documents\Car_Color_Detection_AI\data\raw\archive (6)\train\purple\80ccc75e8b.jpg,purple,9
c:\Users\hasibul shaikh\Documents\Car_Color_Detection_AI\data\raw\archive (6)\test\red\6bfe720ee2.jpg,red,10
c:\Users\hasibul shaikh\Documents\Car_Color_Detection_AI\data\raw\archive (6)\test\grey\6b40839d54.jpg,grey,6
c:\Users\hasibul shaikh\Documents\Car_Color_Detection_AI\data\raw\archive (6)\train\pink\66246f7fed.jpg,pink,8
c:\Users\hasibul shaikh\Documents\Car_Color_Detection_AI\data\raw\archive (6)\train\beige\cd951f9110.jpg,beige,0
c:\Users\hasibul shaikh\Documents\Car_Color_Detection_AI\data\raw\archive (6)\test\silver\993187907d.jpg,silver,11
c:\Users\hasibul shaikh\Documents\Car_Color_Detection_AI\data\raw\archive (6)\test\blue\61aa3adf66.jpg,blue,2
c:\Users\hasibul shaikh\Documents\Car_Color_Detection_AI\data\raw\archive (6)\train\silver\843d8dc8df.jpg,silver,11
c:\Users\hasibul shaikh\Documents\Car_Color_Detection_AI\data\raw\archive (6)\val\silver\fa34708b8b.jpg,silver,11
c:\Users\hasibul shaikh\Documents\Car_Color_Detection_AI\data\raw\archive (6)\test\brown\7fe6dced68.jpg,brown,3
c:\Users\hasibul shaikh\Documents\Car_Color_Detection_AI\data\raw\archive (6)\train\silver\7a80f0b323.jpg,silver,11
c:\Users\hasibul shaikh\Documents\Car_Color_Detection_AI\data\raw\archive (6)\val\purple\18add616cd.jpg,purple,9
c:\Users\hasibul shaikh\Documents\Car_Color_Detection_AI\data\raw\archive (6)\train\orange\2b4d793b51.jpg,orange,7
c:\Users\hasibul shaikh\Documents\Car_Color_Detection_AI\data\raw\archive (6)\train\orange\9075f10122.jpg,orange,7
c:\Users\hasibul shaikh\Documents\Car_Color_Detection_AI\data\raw\archive (6)\train\blue\fca4c3e511.jpg,blue,2
c:\Users\hasibul shaikh\Documents\Car_Color_Detection_AI\data\raw\archive (6)\train\beige\4096f0ecfd.jpg,beige,0
c:\Users\hasibul shaikh\Documents\Car_Color_Detection_AI\data\raw\archive (6)\train\beige\89b675a23f.jpg,beige,0
c:\Users\hasibul shaikh\Documents\Car_Color_Detection_AI\data\raw\archive (6)\train\gold\fd7d59427d.jpg,gold,4
c:\Users\hasibul shaikh\Documents\Car_Color_Detection_AI\data\raw\archive (6)\test\pink\3bc5ae4c8d.jpg,pink,8
c:\Users\hasibul shaikh\Documents\Car_Color_Detection_AI\data\raw\archive (6)\val\blue\bc75b0fd94.jpg,blue,2
c:\Users\hasibul shaikh\Documents\Car_Color_Detection_AI\data\raw\archive (6)\train\brown\3a407f9a01.jpg,brown,3
c:\Users\hasibul shaikh\Documents\Car_Color_Detection_AI\data\raw\archive (6)\train\tan\5153949d7a.jpg,tan,12
c:\Users\hasibul shaikh\Documents\Car_Color_Detection_AI\data\raw\archive (6)\test\black\9be75bffb3.jpg,black,1
c:\Users\hasibul shaikh\Documents\Car_Color_Detection_AI\data\raw\archive (6)\train\grey\35da01d4d5.jpg,grey,6
c:\Users\hasibul shaikh\Documents\Car_Color_Detection_AI\data\raw\archive (6)\test\blue\fa60bc148e.jpg,blue,2
c:\Users\hasibul shaikh\Documents\Car_Color_Detection_AI\data\raw\archive (6)\train\blue\19d5304d95.jpg,blue,2
c:\Users\hasibul shaikh\Documents\Car_Color_Detection_AI\data\raw\archive (6)\test\brown\63804be4c3.jpg,brown,3
c:\Users\hasibul shaikh\Documents\Car_Color_Detection_AI\data\raw\archive (6)\train\pink\517cb6a6f5.jpg,pink,8
c:\Users\hasibul shaikh\Documents\Car_Color_Detection_AI\data\raw\archive (6)\train\green\7339b57fe9.jpg,green,5
c:\Users\hasibul shaikh\Documents\Car_Color_Detection_AI\data\raw\archive (6)\test\grey\fe3307a0d0.jpg,grey,6
c:\Users\hasibul shaikh\Documents\Car_Color_Detection_AI\data\raw\archive (6)\train\white\1b8679556b.jpg,white,13
c:\Users\hasibul shaikh\Documents\Car_Color_Detection_AI\data\raw\archive (6)\train\green\7ff9e6cef3.jpg,green,5
c:\Users\hasibul shaikh\Documents\Car_Color_Detection_AI\data\raw\archive (6)\train\blue\2bd1d234a9.jpg,blue,2
c:\Users\hasibul shaikh\Documents\Car_Color_Detection_AI\data\raw\archive (6)\train\grey\6375934793.jpg,grey,6
c:\Users\hasibul shaikh\Documents\Car_Color_Detection_AI\data\raw\archive (6)\train\grey\7e8c8397e8.jpg,grey,6
c:\Users\hasibul shaikh\Documents\Car_Color_Detection_AI\data\raw\archive (6)\train\orange\90ce6d713f.jpg,orange,7
c:\Users\hasibul shaikh\Documents\Car_Color_Detection_AI\data\raw\archive (6)\train\pink\f47716f9f2.jpg,pink,8
c:\Users\hasibul shaikh\Documents\Car_Color_Detection_AI\data\raw\archive (6)\train\pink\57ac035544.jpg,pink,8
c:\Users\hasibul shaikh\Documents\Car_Color_Detection_AI\data\raw\archive (6)\train\purple\0cd9615fb9.jpg,purple,9
c:\Users\hasibul shaikh\Documents\Car_Color_Detection_AI\data\raw\archive (6)\train\silver\18ab103f7d.jpg,silver,11
c:\Users\hasibul shaikh\Documents\Car_Color_Detection_AI\data\raw\archive (6)\val\black\f599da0a90.jpg,black,1
c:\Users\hasibul shaikh\Documents\Car_Color_Detection_AI\data\raw\archive (6)\val\beige\46ab06ba50.jpg,beige,0
c:\Users\hasibul shaikh\Documents\Car_Color_Detection_AI\data\raw\archive (6)\train\gold\fd177ff628.jpg,gold,4
c:\Users\hasibul shaikh\Documents\Car_Color_Detection_AI\data\raw\archive (6)\test\grey\9eb7b5f0f2.jpg,grey,6
c:\Users\hasibul shaikh\Documents\Car_Color_Detection_AI\data\raw\archive (6)\train\brown\5880da3e75.jpg,brown,3
c:\Users\hasibul shaikh\Documents\Car_Color_Detection_AI\data\raw\archive (6)\train\orange\708c0d8f85.jpg,orange,7
c:\Users\hasibul shaikh\Documents\Car_Color_Detection_AI\data\raw\archive (6)\train\pink\668a686e08.jpg,pink,8
c:\Users\hasibul shaikh\Documents\Car_Color_Detection_AI\data\raw\archive (6)\test\green\7ab5560b8b - Copy.jpg,green,5
c:\Users\hasibul shaikh\Documents\Car_Color_Detection_AI\data\raw\archive (6)\train\beige\8d9c9dafdd.jpg,beige,0
c:\Users\hasibul shaikh\Documents\Car_Color_Detection_AI\data\raw\archive (6)\train\red\f3fb9c2a5e.jpg,red,10
c:\Users\hasibul shaikh\Documents\Car_Color_Detection_AI\data\raw\archive (6)\train\orange\336ed63aac.jpg,orange,7
c:\Users\hasibul shaikh\Documents\Car_Color_Detection_AI\data\raw\archive (6)\val\yellow\9bfd7c9321.jpg,yellow,14
c:\Users\hasibul shaikh\Documents\Car_Color_Detection_AI\data\raw\archive (6)\train\beige\0d6f20fcb6.jpg,beige,0
c:\Users\hasibul shaikh\Documents\Car_Color_Detection_AI\data\raw\archive (6)\train\green\0238ece041.jpg,green,5
c:\Users\hasibul shaikh\Documents\Car_Color_Detection_AI\data\raw\archive (6)\train\gold\88da3b5b9a.jpg,gold,4
c:\Users\hasibul shaikh\Documents\Car_Color_Detection_AI\data\raw\archive (6)\train\purple\7f053bed43.jpg,purple,9
c:\Users\hasibul shaikh\Documents\Car_Color_Detection_AI\data\raw\archive (6)\train\blue\f2639f0d53.jpg,blue,2
c:\Users\hasibul shaikh\Documents\Car_Color_Detection_AI\data\raw\archive (6)\train\tan\e8a578190e.jpg,tan,12
c:\Users\hasibul shaikh\Documents\Car_Color_Detection_AI\data\raw\archive (6)\train\pink\1f56b2085b.jpg,pink,8
c:\Users\hasibul shaikh\Documents\Car_Color_Detection_AI\data\raw\archive (6)\test\orange\d828f690b4.jpg,orange,7
c:\Users\hasibul shaikh\Documents\Car_Color_Detection_AI\data\raw\archive (6)\train\yellow\a95716330e.jpg,yellow,14
c:\Users\hasibul shaikh\Documents\Car_Color_Detection_AI\data\raw\archive (6)\test\orange\63048ebef4.jpg,orange,7
c:\Users\hasibul shaikh\Documents\Car_Color_Detection_AI\data\raw\archive (6)\train\green\efb1164b24.jpg,green,5
c:\Users\hasibul shaikh\Documents\Car_Color_Detection_AI\data\raw\archive (6)\train\blue\dbbab3e7da.jpg,blue,2
c:\Users\hasibul shaikh\Documents\Car_Color_Detection_AI\data\raw\archive (6)\train\pink\583beca22a.jpg,pink,8
c:\Users\hasibul shaikh\Documents\Car_Color_Detection_AI\data\raw\archive (6)\train\grey\e2c7fcf7df.jpg,grey,6
c:\Users\hasibul shaikh\Documents\Car_Color_Detection_AI\data\raw\archive (6)\train\white\b1057624da.jpg,white,13
c:\Users\hasibul shaikh\Documents\Car_Color_Detection_AI\data\raw\archive (6)\train\white\7b9fea6458.jpg,white,13
c:\Users\hasibul shaikh\Documents\Car_Color_Detection_AI\data\raw\archive (6)\train\tan\bb89e4c8d4.jpg,tan,12
c:\Users\hasibul shaikh\Documents\Car_Color_Detection_AI\data\raw\archive (6)\train\grey\20c616d6ad.jpg,grey,6
c:\Users\hasibul shaikh\Documents\Car_Color_Detection_AI\data\raw\archive (6)\val\purple\c20fbf8cb1.jpg,purple,9
c:\Users\hasibul shaikh\Documents\Car_Color_Detection_AI\data\raw\archive (6)\train\blue\dc66a5ec33.jpg,blue,2
c:\Users\hasibul shaikh\Documents\Car_Color_Detection_AI\data\raw\archive (6)\test\orange\13ed55efa9.jpg,orange,7
c:\Users\hasibul shaikh\Documents\Car_Color_Detection_AI\data\raw\archive (6)\val\red\bdb6dab46e.jpg,red,10
c:\Users\hasibul shaikh\Documents\Car_Color_Detection_AI\data\raw\archive (6)\train\pink\cf604eeb38.jpg,pink,8
c:\Users\hasibul shaikh\Documents\Car_Color_Detection_AI\data\raw\archive (6)\val\beige\d501150a71.jpg,beige,0
c:\Users\hasibul shaikh\Documents\Car_Color_Detection_AI\data\raw\archive (6)\val\green\43c7dfbaa1.jpg,green,5
c:\Users\hasibul shaikh\Documents\Car_Color_Detection_AI\data\raw\archive (6)\train\white\68b094f5f8.jpg,white,13
c:\Users\hasibul shaikh\Documents\Car_Color_Detection_AI\data\raw\archive (6)\train\grey\67c9f96161.jpg,grey,6
c:\Users\hasibul shaikh\Documents\Car_Color_Detection_AI\data\raw\archive (6)\train\tan\88362a851d.jpg,tan,12
c:\Users\hasibul shaikh\Documents\Car_Color_Detection_AI\data\raw\archive (6)\train\yellow\660bad756f.jpg,yellow,14
c:\Users\hasibul shaikh\Documents\Car_Color_Detection_AI\data\raw\archive (6)\val\pink\9e13a654a3.jpg,pink,8
c:\Users\hasibul shaikh\Documents\Car_Color_Detection_AI\data\raw\archive (6)\val\green\eb8937a0d7.jpg,green,5
c:\Users\hasibul shaikh\Documents\Car_Color_Detection_AI\data\raw\archive (6)\train\brown\28cf8bb615.jpg,brown,3
c:\Users\hasibul shaikh\Documents\Car_Color_Detection_AI\data\raw\archive (6)\val\blue\04b44cda99.jpg,blue,2
c:\Users\hasibul shaikh\Documents\Car_Color_Detection_AI\data\raw\archive (6)\test\grey\b0f83493d7.jpg,grey,6
c:\Users\hasibul shaikh\Documents\Car_Color_Detection_AI\data\raw\archive (6)\test\red\5ffd6fe3e4.jpg,red,10
c:\Users\hasibul shaikh\Documents\Car_Color_Detection_AI\data\raw\archive (6)\train\blue\9ea55dde97.jpg,blue,2
c:\Users\hasibul shaikh\Documents\Car_Color_Detection_AI\data\raw\archive (6)\train\tan\b490d30512.jpg,tan,12
c:\Users\hasibul shaikh\Documents\Car_Color_Detection_AI\data\raw\archive (6)\val\green\6f86fe2d8f.jpg,green,5
c:\Users\hasibul shaikh\Documents\Car_Color_Detection_AI\data\raw\archive (6)\train\red\29115a4d7b.jpg,red,10
c:\Users\hasibul shaikh\Documents\Car_Color_Detection_AI\data\raw\archive (6)\train\white\854f430421.jpg,white,13
c:\Users\hasibul shaikh\Documents\Car_Color_Detection_AI\data\raw\archive (6)\train\white\7a00d01024.jpg,white,13
c:\Users\hasibul shaikh\Documents\Car_Color_Detection_AI\data\raw\archive (6)\train\gold\0bf61e7f97.jpg,gold,4
c:\Users\hasibul shaikh\Documents\Car_Color_Detection_AI\data\raw\archive (6)\train\purple\e9df56d06c.jpg,purple,9
c:\Users\hasibul shaikh\Documents\Car_Color_Detection_AI\data\raw\archive (6)\train\beige\9ad9fbb909.jpg,beige,0
c:\Users\hasibul shaikh\Documents\Car_Color_Detection_AI\data\raw\archive (6)\val\blue\8d09d43248.jpg,blue,2
c:\Users\hasibul shaikh\Documents\Car_Color_Detection_AI\data\raw\archive (6)\train\green\a133c09c92.jpg,green,5
c:\Users\hasibul shaikh\Documents\Car_Color_Detection_AI\data\raw\archive (6)\train\white\b42c2d47d5.jpg,white,13
c:\Users\hasibul shaikh\Documents\Car_Color_Detection_AI\data\raw\archive (6)\test\black\60586e8925.jpg,black,1
c:\Users\hasibul shaikh\Documents\Car_Color_Detection_AI\data\raw\archive (6)\train\green\c5c84e641e.jpg,green,5
c:\Users\hasibul shaikh\Documents\Car_Color_Detection_AI\data\raw\archive (6)\train\purple\1ae61c16ba.jpg,purple,9
c:\Users\hasibul shaikh\Documents\Car_Color_Detection_AI\data\raw\archive (6)\train\purple\db191ed48b.jpg,purple,9
c:\Users\hasibul shaikh\Documents\Car_Color_Detection_AI\data\raw\archive (6)\train\green\6333085c54.jpg,green,5
c:\Users\hasibul shaikh\Documents\Car_Color_Detection_AI\data\raw\archive (6)\train\blue\079523ff49.jpg,blue,2
c:\Users\hasibul shaikh\Documents\Car_Color_Detection_AI\data\raw\archive (6)\train\purple\83e4e32944.jpg,purple,9
c:\Users\hasibul shaikh\Documents\Car_Color_Detection_AI\data\raw\archive (6)\train\yellow\5cfabb578d.jpg,yellow,14
c:\Users\hasibul shaikh\Documents\Car_Color_Detection_AI\data\raw\archive (6)\train\blue\3ef586a11b.jpg,blue,2
c:\Users\hasibul shaikh\Documents\Car_Color_Detection_AI\data\raw\archive (6)\val\red\62312aa334.jpg,red,10
c:\Users\hasibul shaikh\Documents\Car_Color_Detection_AI\data\raw\archive (6)\train\orange\8376ca11d5.jpg,orange,7
c:\Users\hasibul shaikh\Documents\Car_Color_Detection_AI\data\raw\archive (6)\train\gold\b14ac4570e.jpg,gold,4
c:\Users\hasibul shaikh\Documents\Car_Color_Detection_AI\data\raw\archive (6)\train\tan\2ce60a54d4.jpg,tan,12
c:\Users\hasibul shaikh\Documents\Car_Color_Detection_AI\data\raw\archive (6)\train\purple\1d93487bba.jpg,purple,9
c:\Users\hasibul shaikh\Documents\Car_Color_Detection_AI\data\raw\archive (6)\train\orange\bbc5c36aa5.jpg,orange,7
c:\Users\hasibul shaikh\Documents\Car_Color_Detection_AI\data\raw\archive (6)\test\purple\5ad60626a1.jpg,purple,9
c:\Users\hasibul shaikh\Documents\Car_Color_Detection_AI\data\raw\archive (6)\train\green\74bd8d069f.jpg,green,5
c:\Users\hasibul shaikh\Documents\Car_Color_Detection_AI\data\raw\archive (6)\test\pink\0caa3ce252.jpg,pink,8
c:\Users\hasibul shaikh\Documents\Car_Color_Detection_AI\data\raw\archive (6)\train\tan\44e8ef144c.jpg,tan,12
c:\Users\hasibul shaikh\Documents\Car_Color_Detection_AI\data\raw\archive (6)\train\orange\a8a6785b52.jpg,orange,7
c:\Users\hasibul shaikh\Documents\Car_Color_Detection_AI\data\raw\archive (6)\train\grey\e2da53dc0e.jpg,grey,6
c:\Users\hasibul shaikh\Documents\Car_Color_Detection_AI\data\raw\archive (6)\train\brown\523bb8ffc5.jpg,brown,3
c:\Users\hasibul shaikh\Documents\Car_Color_Detection_AI\data\raw\archive (6)\train\tan\64ff6953bb.jpg,tan,12
c:\Users\hasibul shaikh\Documents\Car_Color_Detection_AI\data\raw\archive (6)\train\blue\37eb3ded64.jpg,blue,2
c:\Users\hasibul shaikh\Documents\Car_Color_Detection_AI\data\raw\archive (6)\train\tan\7a4dc4cbc1.jpg,tan,12
c:\Users\hasibul shaikh\Documents\Car_Color_Detection_AI\data\raw\archive (6)\train\blue\0e8b9cb763.jpg,blue,2
c:\Users\hasibul shaikh\Documents\Car_Color_Detection_AI\data\raw\archive (6)\train\yellow\a0bedaf19c.jpg,yellow,14
c:\Users\hasibul shaikh\Documents\Car_Color_Detection_AI\data\raw\archive (6)\train\brown\842bcd63c6.jpg,brown,3
c:\Users\hasibul shaikh\Documents\Car_Color_Detection_AI\data\raw\archive (6)\train\orange\4a45fb04fd.jpg,orange,7
c:\Users\hasibul shaikh\Documents\Car_Color_Detection_AI\data\raw\archive (6)\test\orange\070f5f5d8e.jpg,orange,7
c:\Users\hasibul shaikh\Documents\Car_Color_Detection_AI\data\raw\archive (6)\train\yellow\7cac2e9fa9.jpg,yellow,14
c:\Users\hasibul shaikh\Documents\Car_Color_Detection_AI\data\raw\archive (6)\train\yellow\5bcf111158.jpg,yellow,14
c:\Users\hasibul shaikh\Documents\Car_Color_Detection_AI\data\raw\archive (6)\train\pink\7ae8627527.jpg,pink,8
c:\Users\hasibul shaikh\Documents\Car_Color_Detection_AI\data\raw\archive (6)\train\brown\27b978d2eb.jpg,brown,3
c:\Users\hasibul shaikh\Documents\Car_Color_Detection_AI\data\raw\archive (6)\train\beige\700961247e.jpg,beige,0
c:\Users\hasibul shaikh\Documents\Car_Color_Detection_AI\data\raw\archive (6)\train\orange\8dfc525572.jpg,orange,7
c:\Users\hasibul shaikh\Documents\Car_Color_Detection_AI\data\raw\archive (6)\train\black\b85af3c670.jpg,black,1
c:\Users\hasibul shaikh\Documents\Car_Color_Detection_AI\data\raw\archive (6)\train\blue\b4c3b24292.jpg,blue,2
c:\Users\hasibul shaikh\Documents\Car_Color_Detection_AI\data\raw\archive (6)\train\brown\a5676a963b.jpg,brown,3
c:\Users\hasibul shaikh\Documents\Car_Color_Detection_AI\data\raw\archive (6)\train\silver\428d49a60c.jpg,silver,11
c:\Users\hasibul shaikh\Documents\Car_Color_Detection_AI\data\raw\archive (6)\train\silver\f20634c0a9.jpg,silver,11
c:\Users\hasibul shaikh\Documents\Car_Color_Detection_AI\data\raw\archive (6)\train\grey\7a6fe47090.jpg,grey,6
c:\Users\hasibul shaikh\Documents\Car_Color_Detection_AI\data\raw\archive (6)\train\silver\c78f63541e.jpg,silver,11
c:\Users\hasibul shaikh\Documents\Car_Color_Detection_AI\data\raw\archive (6)\train\tan\3c553eaee4.jpg,tan,12
c:\Users\hasibul shaikh\Documents\Car_Color_Detection_AI\data\raw\archive (6)\test\tan\db3d87a903.jpg,tan,12
c:\Users\hasibul shaikh\Documents\Car_Color_Detection_AI\data\raw\archive (6)\train\gold\0c5733e01d.jpg,gold,4
c:\Users\hasibul shaikh\Documents\Car_Color_Detection_AI\data\raw\archive (6)\train\orange\685017e82d.jpg,orange,7
c:\Users\hasibul shaikh\Documents\Car_Color_Detection_AI\data\raw\archive (6)\train\brown\ef7d0cce91.jpg,brown,3
c:\Users\hasibul shaikh\Documents\Car_Color_Detection_AI\data\raw\archive (6)\test\silver\45c8c7a94a.jpg,silver,11
c:\Users\hasibul shaikh\Documents\Car_Color_Detection_AI\data\raw\archive (6)\train\red\18a5922186.jpg,red,10
c:\Users\hasibul shaikh\Documents\Car_Color_Detection_AI\data\raw\archive (6)\train\pink\42ef28150c.jpg,pink,8
c:\Users\hasibul shaikh\Documents\Car_Color_Detection_AI\data\raw\archive (6)\train\pink\99726bae06.jpg,pink,8
c:\Users\hasibul shaikh\Documents\Car_Color_Detection_AI\data\raw\archive (6)\test\brown\bc64d4909f.jpg,brown,3
c:\Users\hasibul shaikh\Documents\Car_Color_Detection_AI\data\raw\archive (6)\train\brown\607236fffb.jpg,brown,3
c:\Users\hasibul shaikh\Documents\Car_Color_Detection_AI\data\raw\archive (6)\train\blue\193176be2a.jpg,blue,2
c:\Users\hasibul shaikh\Documents\Car_Color_Detection_AI\data\raw\archive (6)\val\brown\bc3bd3c101.jpg,brown,3
c:\Users\hasibul shaikh\Documents\Car_Color_Detection_AI\data\raw\archive (6)\train\black\3baefa98d2.jpg,black,1
c:\Users\hasibul shaikh\Documents\Car_Color_Detection_AI\data\raw\archive (6)\train\blue\0af94ce829.jpg,blue,2
c:\Users\hasibul shaikh\Documents\Car_Color_Detection_AI\data\raw\archive (6)\train\brown\551aeb2778.jpg,brown,3
c:\Users\hasibul shaikh\Documents\Car_Color_Detection_AI\data\raw\archive (6)\train\blue\2759acff41.jpg,blue,2
c:\Users\hasibul shaikh\Documents\Car_Color_Detection_AI\data\raw\archive (6)\train\pink\81bd16f062.jpg,pink,8
c:\Users\hasibul shaikh\Documents\Car_Color_Detection_AI\data\raw\archive (6)\train\silver\241d150653.jpg,silver,11
c:\Users\hasibul shaikh\Documents\Car_Color_Detection_AI\data\raw\archive (6)\train\brown\ab41a2135e.jpg,brown,3
c:\Users\hasibul shaikh\Documents\Car_Color_Detection_AI\data\raw\archive (6)\val\brown\27a4436b63.jpg,brown,3
c:\Users\hasibul shaikh\Documents\Car_Color_Detection_AI\data\raw\archive (6)\val\black\0fa3510941.jpg,black,1
c:\Users\hasibul shaikh\Documents\Car_Color_Detection_AI\data\raw\archive (6)\train\brown\55c32b0c28.jpg,brown,3
c:\Users\hasibul shaikh\Documents\Car_Color_Detection_AI\data\raw\archive (6)\train\red\da448cbbed.jpg,red,10
c:\Users\hasibul shaikh\Documents\Car_Color_Detection_AI\data\raw\archive (6)\val\yellow\cafab44660.jpg,yellow,14
c:\Users\hasibul shaikh\Documents\Car_Color_Detection_AI\data\raw\archive (6)\test\yellow\295dc8e251.jpg,yellow,14
c:\Users\hasibul shaikh\Documents\Car_Color_Detection_AI\data\raw\archive (6)\train\beige\f29dfb45bb.jpg,beige,0
c:\Users\hasibul shaikh\Documents\Car_Color_Detection_AI\data\raw\archive (6)\train\red\84c8ed20fa.jpg,red,10
c:\Users\hasibul shaikh\Documents\Car_Color_Detection_AI\data\raw\archive (6)\train\green\666b83357a.jpg,green,5
c:\Users\hasibul shaikh\Documents\Car_Color_Detection_AI\data\raw\archive (6)\test\green\0cc0f5ad2d.jpg,green,5
c:\Users\hasibul shaikh\Documents\Car_Color_Detection_AI\data\raw\archive (6)\train\green\13ea7ec6a6.jpg,green,5
c:\Users\hasibul shaikh\Documents\Car_Color_Detection_AI\data\raw\archive (6)\train\black\0416ce7a23.jpg,black,1
c:\Users\hasibul shaikh\Documents\Car_Color_Detection_AI\data\raw\archive (6)\train\silver\363c356356.jpg,silver,11
c:\Users\hasibul shaikh\Documents\Car_Color_Detection_AI\data\raw\archive (6)\train\brown\23c3f2a866.jpg,brown,3
c:\Users\hasibul shaikh\Documents\Car_Color_Detection_AI\data\raw\archive (6)\train\black\c64b9b5a19.jpg,black,1
c:\Users\hasibul shaikh\Documents\Car_Color_Detection_AI\data\raw\archive (6)\test\brown\8c3afc42d1.jpg,brown,3
c:\Users\hasibul shaikh\Documents\Car_Color_Detection_AI\data\raw\archive (6)\val\yellow\29aad18870.jpg,yellow,14
c:\Users\hasibul shaikh\Documents\Car_Color_Detection_AI\data\raw\archive (6)\train\beige\353630f86d.jpg,beige,0
c:\Users\hasibul shaikh\Documents\Car_Color_Detection_AI\data\raw\archive (6)\train\purple\201c1b269e.jpg,purple,9
c:\Users\hasibul shaikh\Documents\Car_Color_Detection_AI\data\raw\archive (6)\train\red\705362f764.jpg,red,10
c:\Users\hasibul shaikh\Documents\Car_Color_Detection_AI\data\raw\archive (6)\val\silver\ff8ddcd3bc.jpg,silver,11
c:\Users\hasibul shaikh\Documents\Car_Color_Detection_AI\data\raw\archive (6)\test\black\9da1a94174.jpg,black,1
c:\Users\hasibul shaikh\Documents\Car_Color_Detection_AI\data\raw\archive (6)\train\blue\eea6f65791.jpg,blue,2
c:\Users\hasibul shaikh\Documents\Car_Color_Detection_AI\data\raw\archive (6)\train\green\789685f842.jpg,green,5
c:\Users\hasibul shaikh\Documents\Car_Color_Detection_AI\data\raw\archive (6)\test\black\aac09f751f.jpg,black,1
c:\Users\hasibul shaikh\Documents\Car_Color_Detection_AI\data\raw\archive (6)\test\brown\9f45764f10.jpg,brown,3
c:\Users\hasibul shaikh\Documents\Car_Color_Detection_AI\data\raw\archive (6)\train\orange\2f1028d981.jpg,orange,7
c:\Users\hasibul shaikh\Documents\Car_Color_Detection_AI\data\raw\archive (6)\train\green\262b5eabf6.jpg,green,5
c:\Users\hasibul shaikh\Documents\Car_Color_Detection_AI\data\raw\archive (6)\train\pink\f5cffdf115.jpg,pink,8
c:\Users\hasibul shaikh\Documents\Car_Color_Detection_AI\data\raw\archive (6)\val\green\dce8a5f37c.jpg,green,5
c:\Users\hasibul shaikh\Documents\Car_Color_Detection_AI\data\raw\archive (6)\train\white\80c72272fb.jpg,white,13
c:\Users\hasibul shaikh\Documents\Car_Color_Detection_AI\data\raw\archive (6)\train\pink\a5533818ce.jpg,pink,8
c:\Users\hasibul shaikh\Documents\Car_Color_Detection_AI\data\raw\archive (6)\train\white\6ca9e1124e.jpg,white,13
c:\Users\hasibul shaikh\Documents\Car_Color_Detection_AI\data\raw\archive (6)\train\blue\0cb5ebb904.jpg,blue,2
c:\Users\hasibul shaikh\Documents\Car_Color_Detection_AI\data\raw\archive (6)\train\black\c6c1328c5f.jpg,black,1
c:\Users\hasibul shaikh\Documents\Car_Color_Detection_AI\data\raw\archive (6)\train\gold\71ea3c40c6.jpg,gold,4
c:\Users\hasibul shaikh\Documents\Car_Color_Detection_AI\data\raw\archive (6)\train\red\c36cbe5ad6.jpg,red,10
c:\Users\hasibul shaikh\Documents\Car_Color_Detection_AI\data\raw\archive (6)\train\red\a06599a809.jpg,red,10
c:\Users\hasibul shaikh\Documents\Car_Color_Detection_AI\data\raw\archive (6)\test\silver\1213abcebd.jpg,silver,11
c:\Users\hasibul shaikh\Documents\Car_Color_Detection_AI\data\raw\archive (6)\train\blue\75b325302b.jpg,blue,2
c:\Users\hasibul shaikh\Documents\Car_Color_Detection_AI\data\raw\archive (6)\train\grey\80232e4d25.jpg,grey,6
c:\Users\hasibul shaikh\Documents\Car_Color_Detection_AI\data\raw\archive (6)\test\pink\859dcb5eee.jpg,pink,8
c:\Users\hasibul shaikh\Documents\Car_Color_Detection_AI\data\raw\archive (6)\train\beige\0d1647a95b.jpg,beige,0
c:\Users\hasibul shaikh\Documents\Car_Color_Detection_AI\data\raw\archive (6)\train\yellow\8ef426d04c.jpg,yellow,14
c:\Users\hasibul shaikh\Documents\Car_Color_Detection_AI\data\raw\archive (6)\train\beige\e82b2f2c47.jpg,beige,0
c:\Users\hasibul shaikh\Documents\Car_Color_Detection_AI\data\raw\archive (6)\train\blue\dc8ea23ed8.jpg,blue,2
c:\Users\hasibul shaikh\Documents\Car_Color_Detection_AI\data\raw\archive (6)\train\orange\9908661e86.jpg,orange,7
c:\Users\hasibul shaikh\Documents\Car_Color_Detection_AI\data\raw\archive (6)\train\brown\77ebe4bc20.jpg,brown,3
c:\Users\hasibul shaikh\Documents\Car_Color_Detection_AI\data\raw\archive (6)\test\beige\a9d6e89b35.jpg,beige,0
c:\Users\hasibul shaikh\Documents\Car_Color_Detection_AI\data\raw\archive (6)\train\orange\ffb2e78e31.jpg,orange,7
c:\Users\hasibul shaikh\Documents\Car_Color_Detection_AI\data\raw\archive (6)\train\green\5ebdc67310.jpg,green,5
c:\Users\hasibul shaikh\Documents\Car_Color_Detection_AI\data\raw\archive (6)\train\grey\a1647e1c30.jpg,grey,6
c:\Users\hasibul shaikh\Documents\Car_Color_Detection_AI\data\raw\archive (6)\val\tan\616047a05c.jpg,tan,12
c:\Users\hasibul shaikh\Documents\Car_Color_Detection_AI\data\raw\archive (6)\test\beige\0b01008bee.jpg,beige,0
c:\Users\hasibul shaikh\Documents\Car_Color_Detection_AI\data\raw\archive (6)\train\black\771890e24b.jpg,black,1
c:\Users\hasibul shaikh\Documents\Car_Color_Detection_AI\data\raw\archive (6)\test\tan\c7f109c254.jpg,tan,12
c:\Users\hasibul shaikh\Documents\Car_Color_Detection_AI\data\raw\archive (6)\train\orange\b25debdc55.jpg,orange,7
c:\Users\hasibul shaikh\Documents\Car_Color_Detection_AI\data\raw\archive (6)\train\brown\c75814c688.jpg,brown,3
c:\Users\hasibul shaikh\Documents\Car_Color_Detection_AI\data\raw\archive (6)\test\pink\a6e288facf.jpg,pink,8
c:\Users\hasibul shaikh\Documents\Car_Color_Detection_AI\data\raw\archive (6)\train\green\11df3f440f.jpg,green,5
c:\Users\hasibul shaikh\Documents\Car_Color_Detection_AI\data\raw\archive (6)\train\orange\7066ddd6eb.jpg,orange,7
c:\Users\hasibul shaikh\Documents\Car_Color_Detection_AI\data\raw\archive (6)\train\brown\7bfc845358.jpg,brown,3
c:\Users\hasibul shaikh\Documents\Car_Color_Detection_AI\data\raw\archive (6)\val\blue\0d58ba222e.jpg,blue,2
c:\Users\hasibul shaikh\Documents\Car_Color_Detection_AI\data\raw\archive (6)\train\green\3aba9b1542.jpg,green,5
c:\Users\hasibul shaikh\Documents\Car_Color_Detection_AI\data\raw\archive (6)\train\brown\edf6a6daab.jpg,brown,3
c:\Users\hasibul shaikh\Documents\Car_Color_Detection_AI\data\raw\archive (6)\train\blue\3c0a848be3.jpg,blue,2
c:\Users\hasibul shaikh\Documents\Car_Color_Detection_AI\data\raw\archive (6)\train\gold\891f444874.jpg,gold,4
c:\Users\hasibul shaikh\Documents\Car_Color_Detection_AI\data\raw\archive (6)\train\green\f70725b77a.jpg,green,5
c:\Users\hasibul shaikh\Documents\Car_Color_Detection_AI\data\raw\archive (6)\train\pink\f461144cb4.jpg,pink,8
c:\Users\hasibul shaikh\Documents\Car_Color_Detection_AI\data\raw\archive (6)\train\yellow\d0c7d5348f.jpg,yellow,14
c:\Users\hasibul shaikh\Documents\Car_Color_Detection_AI\data\raw\archive (6)\train\red\e4cb6a060f.jpg,red,10
c:\Users\hasibul shaikh\Documents\Car_Color_Detection_AI\data\raw\archive (6)\train\purple\a3336ddff6.jpg,purple,9
c:\Users\hasibul shaikh\Documents\Car_Color_Detection_AI\data\raw\archive (6)\train\yellow\16a99da69f.jpg,yellow,14
c:\Users\hasibul shaikh\Documents\Car_Color_Detection_AI\data\raw\archive (6)\train\yellow\5459a392e5.jpg,yellow,14
c:\Users\hasibul shaikh\Documents\Car_Color_Detection_AI\data\raw\archive (6)\train\pink\993d585885.jpg,pink,8
c:\Users\hasibul shaikh\Documents\Car_Color_Detection_AI\data\raw\archive (6)\train\pink\b794076e50.jpg,pink,8
c:\Users\hasibul shaikh\Documents\Car_Color_Detection_AI\data\raw\archive (6)\train\beige\8a6cee919b.jpg,beige,0
c:\Users\hasibul shaikh\Documents\Car_Color_Detection_AI\data\raw\archive (6)\train\grey\80275d336e.jpg,grey,6
c:\Users\hasibul shaikh\Documents\Car_Color_Detection_AI\data\raw\archive (6)\val\blue\652b5c2fac.jpg,blue,2
c:\Users\hasibul shaikh\Documents\Car_Color_Detection_AI\data\raw\archive (6)\test\red\5df879c7ad.jpg,red,10
c:\Users\hasibul shaikh\Documents\Car_Color_Detection_AI\data\raw\archive (6)\train\blue\14a5f173f4.jpg,blue,2
c:\Users\hasibul shaikh\Documents\Car_Color_Detection_AI\data\raw\archive (6)\train\yellow\a5f00c0795.jpg,yellow,14
c:\Users\hasibul shaikh\Documents\Car_Color_Detection_AI\data\raw\archive (6)\train\yellow\ed840ca4c7.jpg,yellow,14
c:\Users\hasibul shaikh\Documents\Car_Color_Detection_AI\data\raw\archive (6)\train\silver\b9c9a93fc8.jpg,silver,11
c:\Users\hasibul shaikh\Documents\Car_Color_Detection_AI\data\raw\archive (6)\test\brown\4ee954c24f.jpg,brown,3
c:\Users\hasibul shaikh\Documents\Car_Color_Detection_AI\data\raw\archive (6)\val\grey\5def8969fd.jpg,grey,6
c:\Users\hasibul shaikh\Documents\Car_Color_Detection_AI\data\raw\archive (6)\train\brown\774972451e.jpg,brown,3
c:\Users\hasibul shaikh\Documents\Car_Color_Detection_AI\data\raw\archive (6)\test\grey\b2ea78df52.jpg,grey,6
c:\Users\hasibul shaikh\Documents\Car_Color_Detection_AI\data\raw\archive (6)\train\black\00a3225ef6.jpg,black,1
c:\Users\hasibul shaikh\Documents\Car_Color_Detection_AI\data\raw\archive (6)\train\purple\4cc336e711.jpg,purple,9
c:\Users\hasibul shaikh\Documents\Car_Color_Detection_AI\data\raw\archive (6)\train\tan\bda5ee04b9.jpg,tan,12
c:\Users\hasibul shaikh\Documents\Car_Color_Detection_AI\data\raw\archive (6)\val\pink\0ae931c078.jpg,pink,8
c:\Users\hasibul shaikh\Documents\Car_Color_Detection_AI\data\raw\archive (6)\train\blue\44687be1c8.jpg,blue,2
c:\Users\hasibul shaikh\Documents\Car_Color_Detection_AI\data\raw\archive (6)\train\tan\a14b5a2ab6.jpg,tan,12
c:\Users\hasibul shaikh\Documents\Car_Color_Detection_AI\data\raw\archive (6)\val\beige\52e6b11b58.jpg,beige,0
c:\Users\hasibul shaikh\Documents\Car_Color_Detection_AI\data\raw\archive (6)\train\green\94ecc032eb.jpg,green,5
c:\Users\hasibul shaikh\Documents\Car_Color_Detection_AI\data\raw\archive (6)\train\purple\4274212089.jpg,purple,9
c:\Users\hasibul shaikh\Documents\Car_Color_Detection_AI\data\raw\archive (6)\test\white\9e9f650658.jpg,white,13
c:\Users\hasibul shaikh\Documents\Car_Color_Detection_AI\data\raw\archive (6)\train\yellow\0154ea0fa4.jpg,yellow,14
c:\Users\hasibul shaikh\Documents\Car_Color_Detection_AI\data\raw\archive (6)\train\yellow\f1c84f26e0.jpg,yellow,14
c:\Users\hasibul shaikh\Documents\Car_Color_Detection_AI\data\raw\archive (6)\train\yellow\f79a5f51ec.jpg,yellow,14
c:\Users\hasibul shaikh\Documents\Car_Color_Detection_AI\data\raw\archive (6)\train\yellow\31c00864bc.jpg,yellow,14
c:\Users\hasibul shaikh\Documents\Car_Color_Detection_AI\data\raw\archive (6)\train\blue\42eab63726.jpg,blue,2
c:\Users\hasibul shaikh\Documents\Car_Color_Detection_AI\data\raw\archive (6)\val\green\568bcd39da.jpg,green,5
c:\Users\hasibul shaikh\Documents\Car_Color_Detection_AI\data\raw\archive (6)\train\blue\456f98fcd1.jpg,blue,2
c:\Users\hasibul shaikh\Documents\Car_Color_Detection_AI\data\raw\archive (6)\train\orange\c0acba8016.jpg,orange,7
c:\Users\hasibul shaikh\Documents\Car_Color_Detection_AI\data\raw\archive (6)\train\green\f5e7c8460a.jpg,green,5
c:\Users\hasibul shaikh\Documents\Car_Color_Detection_AI\data\raw\archive (6)\test\yellow\40de3f8a8f.jpg,yellow,14
c:\Users\hasibul shaikh\Documents\Car_Color_Detection_AI\data\raw\archive (6)\train\brown\8e8e903668.jpg,brown,3
c:\Users\hasibul shaikh\Documents\Car_Color_Detection_AI\data\raw\archive (6)\train\green\b60de3fd60.jpg,green,5
c:\Users\hasibul shaikh\Documents\Car_Color_Detection_AI\data\raw\archive (6)\train\beige\2f7e309f2b.jpg,beige,0
c:\Users\hasibul shaikh\Documents\Car_Color_Detection_AI\data\raw\archive (6)\test\grey\7325748d5a.jpg,grey,6
c:\Users\hasibul shaikh\Documents\Car_Color_Detection_AI\data\raw\archive (6)\train\white\5f9bb9936e.jpg,white,13
c:\Users\hasibul shaikh\Documents\Car_Color_Detection_AI\data\raw\archive (6)\train\purple\ba8f1465c6.jpg,purple,9
c:\Users\hasibul shaikh\Documents\Car_Color_Detection_AI\data\raw\archive (6)\train\pink\de415b1efe.jpg,pink,8
c:\Users\hasibul shaikh\Documents\Car_Color_Detection_AI\data\raw\archive (6)\train\black\223cc94883.jpg,black,1
c:\Users\hasibul shaikh\Documents\Car_Color_Detection_AI\data\raw\archive (6)\test\brown\58b2c14745.jpg,brown,3
c:\Users\hasibul shaikh\Documents\Car_Color_Detection_AI\data\raw\archive (6)\train\white\88c26e6d6c.jpg,white,13
c:\Users\hasibul shaikh\Documents\Car_Color_Detection_AI\data\raw\archive (6)\train\yellow\1e693087a6.jpg,yellow,14
c:\Users\hasibul shaikh\Documents\Car_Color_Detection_AI\data\raw\archive (6)\train\pink\e482043401.jpg,pink,8
c:\Users\hasibul shaikh\Documents\Car_Color_Detection_AI\data\raw\archive (6)\train\orange\784f49aaad.jpg,orange,7
c:\Users\hasibul shaikh\Documents\Car_Color_Detection_AI\data\raw\archive (6)\train\grey\b6f42955be.jpg,grey,6
c:\Users\hasibul shaikh\Documents\Car_Color_Detection_AI\data\raw\archive (6)\test\green\5b239ac624.jpg,green,5
c:\Users\hasibul shaikh\Documents\Car_Color_Detection_AI\data\raw\archive (6)\train\blue\a1585e97db.jpg,blue,2
c:\Users\hasibul shaikh\Documents\Car_Color_Detection_AI\data\raw\archive (6)\train\grey\92987542d6.jpg,grey,6
c:\Users\hasibul shaikh\Documents\Car_Color_Detection_AI\data\raw\archive (6)\train\green\f97738600a.jpg,green,5
c:\Users\hasibul shaikh\Documents\Car_Color_Detection_AI\data\raw\archive (6)\train\red\ae3c75ef75.jpg,red,10
c:\Users\hasibul shaikh\Documents\Car_Color_Detection_AI\data\raw\archive (6)\train\orange\15b32056b7.jpg,orange,7
c:\Users\hasibul shaikh\Documents\Car_Color_Detection_AI\data\raw\archive (6)\train\silver\dcf82bc017.jpg,silver,11
c:\Users\hasibul shaikh\Documents\Car_Color_Detection_AI\data\raw\archive (6)\test\green\cbc90305e3.jpg,green,5
c:\Users\hasibul shaikh\Documents\Car_Color_Detection_AI\data\raw\archive (6)\train\beige\c6be9f5b02.jpg,beige,0
c:\Users\hasibul shaikh\Documents\Car_Color_Detection_AI\data\raw\archive (6)\train\pink\13eb03e983.jpg,pink,8
c:\Users\hasibul shaikh\Documents\Car_Color_Detection_AI\data\raw\archive (6)\train\pink\0b8bf9be91.jpg,pink,8
c:\Users\hasibul shaikh\Documents\Car_Color_Detection_AI\data\raw\archive (6)\train\beige\a8beb42bae.jpg,beige,0
c:\Users\hasibul shaikh\Documents\Car_Color_Detection_AI\data\raw\archive (6)\train\yellow\7fd7c92215.jpg,yellow,14
c:\Users\hasibul shaikh\Documents\Car_Color_Detection_AI\data\raw\archive (6)\train\purple\6232cd8fe8.jpg,purple,9
c:\Users\hasibul shaikh\Documents\Car_Color_Detection_AI\data\raw\archive (6)\val\red\c57a2581a1.jpg,red,10
c:\Users\hasibul shaikh\Documents\Car_Color_Detection_AI\data\raw\archive (6)\val\brown\1d7a154016.jpg,brown,3
c:\Users\hasibul shaikh\Documents\Car_Color_Detection_AI\data\raw\archive (6)\train\brown\54c84e307d.jpg,brown,3
c:\Users\hasibul shaikh\Documents\Car_Color_Detection_AI\data\raw\archive (6)\train\tan\05ab5e0d55.jpg,tan,12
c:\Users\hasibul shaikh\Documents\Car_Color_Detection_AI\data\raw\archive (6)\train\blue\830dd7194e.jpg,blue,2
c:\Users\hasibul shaikh\Documents\Car_Color_Detection_AI\data\raw\archive (6)\train\beige\61ac3a3e29.jpg,beige,0
c:\Users\hasibul shaikh\Documents\Car_Color_Detection_AI\data\raw\archive (6)\test\green\4fae55c80c.jpg,green,5
c:\Users\hasibul shaikh\Documents\Car_Color_Detection_AI\data\raw\archive (6)\val\grey\e6f2437015.jpg,grey,6
c:\Users\hasibul shaikh\Documents\Car_Color_Detection_AI\data\raw\archive (6)\train\red\803228fbd6.jpg,red,10
c:\Users\hasibul shaikh\Documents\Car_Color_Detection_AI\data\raw\archive (6)\train\red\208acc9fb5.jpg,red,10
c:\Users\hasibul shaikh\Documents\Car_Color_Detection_AI\data\raw\archive (6)\train\orange\69efb75083.jpg,orange,7
c:\Users\hasibul shaikh\Documents\Car_Color_Detection_AI\data\raw\archive (6)\val\yellow\b1ed1b005a.jpg,yellow,14
c:\Users\hasibul shaikh\Documents\Car_Color_Detection_AI\data\raw\archive (6)\val\green\80179b5a8e.jpg,green,5
c:\Users\hasibul shaikh\Documents\Car_Color_Detection_AI\data\raw\archive (6)\test\blue\bfdfacc7de.jpg,blue,2
c:\Users\hasibul shaikh\Documents\Car_Color_Detection_AI\data\raw\archive (6)\train\purple\f63924ab7b.jpg,purple,9
c:\Users\hasibul shaikh\Documents\Car_Color_Detection_AI\data\raw\archive (6)\test\blue\624884baee.jpg,blue,2
c:\Users\hasibul shaikh\Documents\Car_Color_Detection_AI\data\raw\archive (6)\train\blue\971dda5a0a.jpg,blue,2
c:\Users\hasibul shaikh\Documents\Car_Color_Detection_AI\data\raw\archive (6)\val\red\627255a64b.jpg,red,10
c:\Users\hasibul shaikh\Documents\Car_Color_Detection_AI\data\raw\archive (6)\test\black\47f8c1129d.jpg,black,1
c:\Users\hasibul shaikh\Documents\Car_Color_Detection_AI\data\raw\archive (6)\val\grey\cc62040ecd.jpg,grey,6
c:\Users\hasibul shaikh\Documents\Car_Color_Detection_AI\data\raw\archive (6)\train\blue\1a22f632ae.jpg,blue,2
c:\Users\hasibul shaikh\Documents\Car_Color_Detection_AI\data\raw\archive (6)\train\blue\4cadd065fa.jpg,blue,2
c:\Users\hasibul shaikh\Documents\Car_Color_Detection_AI\data\raw\archive (6)\train\orange\7e6ea4a272.jpg,orange,7
c:\Users\hasibul shaikh\Documents\Car_Color_Detection_AI\data\raw\archive (6)\test\yellow\8fc5770f2b.jpg,yellow,14
c:\Users\hasibul shaikh\Documents\Car_Color_Detection_AI\data\raw\archive (6)\train\black\6e0b9e43db.jpg,black,1
c:\Users\hasibul shaikh\Documents\Car_Color_Detection_AI\data\raw\archive (6)\test\blue\2b31bff728.jpg,blue,2
c:\Users\hasibul shaikh\Documents\Car_Color_Detection_AI\data\raw\archive (6)\train\blue\e252477281.jpg,blue,2
c:\Users\hasibul shaikh\Documents\Car_Color_Detection_AI\data\raw\archive (6)\val\black\5387d8996d.jpg,black,1
c:\Users\hasibul shaikh\Documents\Car_Color_Detection_AI\data\raw\archive (6)\train\black\2e73dd1f71.jpg,black,1
c:\Users\hasibul shaikh\Documents\Car_Color_Detection_AI\data\raw\archive (6)\train\pink\fa0c5164a8.jpg,pink,8
c:\Users\hasibul shaikh\Documents\Car_Color_Detection_AI\data\raw\archive (6)\train\yellow\b35d5ab53a.jpg,yellow,14
c:\Users\hasibul shaikh\Documents\Car_Color_Detection_AI\data\raw\archive (6)\train\red\43625ad262.jpg,red,10
c:\Users\hasibul shaikh\Documents\Car_Color_Detection_AI\data\raw\archive (6)\val\gold\0887f13c55.jpg,gold,4
c:\Users\hasibul shaikh\Documents\Car_Color_Detection_AI\data\raw\archive (6)\test\grey\982fcb178f.jpg,grey,6
c:\Users\hasibul shaikh\Documents\Car_Color_Detection_AI\data\raw\archive (6)\train\blue\efae170da0.jpg,blue,2
c:\Users\hasibul shaikh\Documents\Car_Color_Detection_AI\data\raw\archive (6)\train\black\1d4013153e.jpg,black,1
c:\Users\hasibul shaikh\Documents\Car_Color_Detection_AI\data\raw\archive (6)\test\purple\dc992988b5.jpg,purple,9
c:\Users\hasibul shaikh\Documents\Car_Color_Detection_AI\data\raw\archive (6)\train\orange\633326d94e.jpg,orange,7
c:\Users\hasibul shaikh\Documents\Car_Color_Detection_AI\data\raw\archive (6)\val\blue\3c2940461c.jpg,blue,2
c:\Users\hasibul shaikh\Documents\Car_Color_Detection_AI\data\raw\archive (6)\val\red\e9cb651333.jpg,red,10
c:\Users\hasibul shaikh\Documents\Car_Color_Detection_AI\data\raw\archive (6)\train\yellow\3ec05e13b0.jpg,yellow,14
c:\Users\hasibul shaikh\Documents\Car_Color_Detection_AI\data\raw\archive (6)\val\grey\90ae9e0ad9.jpg,grey,6
c:\Users\hasibul shaikh\Documents\Car_Color_Detection_AI\data\raw\archive (6)\train\blue\2c80be87de.jpg,blue,2
c:\Users\hasibul shaikh\Documents\Car_Color_Detection_AI\data\raw\archive (6)\train\blue\07bb0fe4f6.jpg,blue,2
c:\Users\hasibul shaikh\Documents\Car_Color_Detection_AI\data\raw\archive (6)\train\grey\992c465790.jpg,grey,6
c:\Users\hasibul shaikh\Documents\Car_Color_Detection_AI\data\raw\archive (6)\test\blue\2ac156ba67.jpg,blue,2
c:\Users\hasibul shaikh\Documents\Car_Color_Detection_AI\data\raw\archive (6)\train\red\0fe10e4f0d.jpg,red,10
c:\Users\hasibul shaikh\Documents\Car_Color_Detection_AI\data\raw\archive (6)\train\silver\ee78c64b2f.jpg,silver,11
c:\Users\hasibul shaikh\Documents\Car_Color_Detection_AI\data\raw\archive (6)\train\red\e659f91248.jpg,red,10
c:\Users\hasibul shaikh\Documents\Car_Color_Detection_AI\data\raw\archive (6)\val\tan\31555f86ad.jpg,tan,12
c:\Users\hasibul shaikh\Documents\Car_Color_Detection_AI\data\raw\archive (6)\val\orange\5192aa8cc2.jpg,orange,7
c:\Users\hasibul shaikh\Documents\Car_Color_Detection_AI\data\raw\archive (6)\train\grey\b2f20e6f03.jpg,grey,6
c:\Users\hasibul shaikh\Documents\Car_Color_Detection_AI\data\raw\archive (6)\val\blue\0fbef7e38e.jpg,blue,2
c:\Users\hasibul shaikh\Documents\Car_Color_Detection_AI\data\raw\archive (6)\test\white\f1bf4a2f07.jpg,white,13
c:\Users\hasibul shaikh\Documents\Car_Color_Detection_AI\data\raw\archive (6)\train\pink\84528784b6.jpg,pink,8
c:\Users\hasibul shaikh\Documents\Car_Color_Detection_AI\data\raw\archive (6)\train\purple\c7c40e961a.jpg,purple,9
c:\Users\hasibul shaikh\Documents\Car_Color_Detection_AI\data\raw\archive (6)\train\yellow\d6b6412926.jpg,yellow,14
c:\Users\hasibul shaikh\Documents\Car_Color_Detection_AI\data\raw\archive (6)\train\blue\7b78a8ff27.jpg,blue,2
c:\Users\hasibul shaikh\Documents\Car_Color_Detection_AI\data\raw\archive (6)\train\pink\a2244f3a7c.jpg,pink,8
c:\Users\hasibul shaikh\Documents\Car_Color_Detection_AI\data\raw\archive (6)\train\brown\67c4ae03ca.jpg,brown,3
c:\Users\hasibul shaikh\Documents\Car_Color_Detection_AI\data\raw\archive (6)\train\black\cf14972c43.jpg,black,1
c:\Users\hasibul shaikh\Documents\Car_Color_Detection_AI\data\raw\archive (6)\test\brown\d270cd6dc2.jpg,brown,3
c:\Users\hasibul shaikh\Documents\Car_Color_Detection_AI\data\raw\archive (6)\train\purple\14fb0e000f.jpg,purple,9
c:\Users\hasibul shaikh\Documents\Car_Color_Detection_AI\data\raw\archive (6)\train\silver\ee445f1e4c.jpg,silver,11
c:\Users\hasibul shaikh\Documents\Car_Color_Detection_AI\data\raw\archive (6)\train\red\899b33df3d.jpg,red,10
c:\Users\hasibul shaikh\Documents\Car_Color_Detection_AI\data\raw\archive (6)\train\red\b570215bf0.jpg,red,10
c:\Users\hasibul shaikh\Documents\Car_Color_Detection_AI\data\raw\archive (6)\train\beige\cce7e9aa0b.jpg,beige,0
c:\Users\hasibul shaikh\Documents\Car_Color_Detection_AI\data\raw\archive (6)\train\black\d0b8c8fd6c.jpg,black,1
c:\Users\hasibul shaikh\Documents\Car_Color_Detection_AI\data\raw\archive (6)\train\grey\791ba7de28.jpg,grey,6
c:\Users\hasibul shaikh\Documents\Car_Color_Detection_AI\data\raw\archive (6)\train\red\ffc94176c9.jpg,red,10
c:\Users\hasibul shaikh\Documents\Car_Color_Detection_AI\data\raw\archive (6)\test\white\489a6522c7.jpg,white,13
c:\Users\hasibul shaikh\Documents\Car_Color_Detection_AI\data\raw\archive (6)\test\red\cdf67489fb.jpg,red,10
c:\Users\hasibul shaikh\Documents\Car_Color_Detection_AI\data\raw\archive (6)\val\black\725fe82211.jpg,black,1
c:\Users\hasibul shaikh\Documents\Car_Color_Detection_AI\data\raw\archive (6)\train\brown\af672b08ed.jpg,brown,3
c:\Users\hasibul shaikh\Documents\Car_Color_Detection_AI\data\raw\archive (6)\train\pink\d3610a4f95.jpg,pink,8
c:\Users\hasibul shaikh\Documents\Car_Color_Detection_AI\data\raw\archive (6)\val\black\f151dd3c01.jpg,black,1
c:\Users\hasibul shaikh\Documents\Car_Color_Detection_AI\data\raw\archive (6)\test\red\723fa71f5a.jpg,red,10
c:\Users\hasibul shaikh\Documents\Car_Color_Detection_AI\data\raw\archive (6)\train\brown\ba87a2cc60.jpg,brown,3
c:\Users\hasibul shaikh\Documents\Car_Color_Detection_AI\data\raw\archive (6)\train\purple\0f70adfe16.jpg,purple,9
c:\Users\hasibul shaikh\Documents\Car_Color_Detection_AI\data\raw\archive (6)\train\grey\b5aae041cc.jpg,grey,6
c:\Users\hasibul shaikh\Documents\Car_Color_Detection_AI\data\raw\archive (6)\train\tan\ef0ad9ded3.jpg,tan,12
c:\Users\hasibul shaikh\Documents\Car_Color_Detection_AI\data\raw\archive (6)\train\white\705f0b19e2.jpg,white,13
c:\Users\hasibul shaikh\Documents\Car_Color_Detection_AI\data\raw\archive (6)\train\red\f37f9812ad.jpg,red,10
c:\Users\hasibul shaikh\Documents\Car_Color_Detection_AI\data\raw\archive (6)\train\tan\9f7a11990f.jpg,tan,12
c:\Users\hasibul shaikh\Documents\Car_Color_Detection_AI\data\raw\archive (6)\train\green\d5b708c640.jpg,green,5
c:\Users\hasibul shaikh\Documents\Car_Color_Detection_AI\data\raw\archive (6)\test\purple\4641c237ab.jpg,purple,9
c:\Users\hasibul shaikh\Documents\Car_Color_Detection_AI\data\raw\archive (6)\val\red\c62b101137.jpg,red,10
c:\Users\hasibul shaikh\Documents\Car_Color_Detection_AI\data\raw\archive (6)\val\red\f329bf467c.jpg,red,10
c:\Users\hasibul shaikh\Documents\Car_Color_Detection_AI\data\raw\archive (6)\test\orange\58b09b8a57.jpg,orange,7
c:\Users\hasibul shaikh\Documents\Car_Color_Detection_AI\data\raw\archive (6)\train\pink\1b47de7215.jpg,pink,8
c:\Users\hasibul shaikh\Documents\Car_Color_Detection_AI\data\raw\archive (6)\val\gold\a783cd34f1.jpg,gold,4
c:\Users\hasibul shaikh\Documents\Car_Color_Detection_AI\data\raw\archive (6)\train\brown\1999aeecad.jpg,brown,3
c:\Users\hasibul shaikh\Documents\Car_Color_Detection_AI\data\raw\archive (6)\test\pink\81cb24f575.jpg,pink,8
c:\Users\hasibul shaikh\Documents\Car_Color_Detection_AI\data\raw\archive (6)\train\brown\3b1053451b.jpg,brown,3
c:\Users\hasibul shaikh\Documents\Car_Color_Detection_AI\data\raw\archive (6)\train\black\8a097a8937.jpg,black,1
c:\Users\hasibul shaikh\Documents\Car_Color_Detection_AI\data\raw\archive (6)\train\blue\f4db8c77aa.jpg,blue,2
c:\Users\hasibul shaikh\Documents\Car_Color_Detection_AI\data\raw\archive (6)\val\red\2d53b18567.jpg,red,10
c:\Users\hasibul shaikh\Documents\Car_Color_Detection_AI\data\raw\archive (6)\train\blue\7b14b9e693.jpg,blue,2
c:\Users\hasibul shaikh\Documents\Car_Color_Detection_AI\data\raw\archive (6)\test\silver\e5b8b1e4a4.jpg,silver,11
c:\Users\hasibul shaikh\Documents\Car_Color_Detection_AI\data\raw\archive (6)\train\grey\ddbc05b996.jpg,grey,6
c:\Users\hasibul shaikh\Documents\Car_Color_Detection_AI\data\raw\archive (6)\train\yellow\9fd97b490e.jpg,yellow,14
c:\Users\hasibul shaikh\Documents\Car_Color_Detection_AI\data\raw\archive (6)\val\pink\5bd7648595.jpg,pink,8
c:\Users\hasibul shaikh\Documents\Car_Color_Detection_AI\data\raw\archive (6)\test\black\5e516c7e44.jpg,black,1
c:\Users\hasibul shaikh\Documents\Car_Color_Detection_AI\data\raw\archive (6)\train\yellow\d9a29ccadc.jpg,yellow,14
c:\Users\hasibul shaikh\Documents\Car_Color_Detection_AI\data\raw\archive (6)\train\red\b98764ba45.jpg,red,10
c:\Users\hasibul shaikh\Documents\Car_Color_Detection_AI\data\raw\archive (6)\train\purple\799b01c41e.jpg,purple,9
c:\Users\hasibul shaikh\Documents\Car_Color_Detection_AI\data\raw\archive (6)\test\purple\ee9ac91e52.jpg,purple,9
c:\Users\hasibul shaikh\Documents\Car_Color_Detection_AI\data\raw\archive (6)\train\orange\6ec1027048.jpg,orange,7
c:\Users\hasibul shaikh\Documents\Car_Color_Detection_AI\data\raw\archive (6)\train\red\ffd16d4bef.jpg,red,10
c:\Users\hasibul shaikh\Documents\Car_Color_Detection_AI\data\raw\archive (6)\test\yellow\4572dcdef8.jpg,yellow,14
c:\Users\hasibul shaikh\Documents\Car_Color_Detection_AI\data\raw\archive (6)\val\grey\6c0d4fc177.jpg,grey,6
c:\Users\hasibul shaikh\Documents\Car_Color_Detection_AI\data\raw\archive (6)\train\blue\ce00d1e389.jpg,blue,2
c:\Users\hasibul shaikh\Documents\Car_Color_Detection_AI\data\raw\archive (6)\test\green\161cc3db12.jpg,green,5
c:\Users\hasibul shaikh\Documents\Car_Color_Detection_AI\data\raw\archive (6)\train\brown\0e21887c95.jpg,brown,3
c:\Users\hasibul shaikh\Documents\Car_Color_Detection_AI\data\raw\archive (6)\train\purple\94c4c749e0.jpg,purple,9
c:\Users\hasibul shaikh\Documents\Car_Color_Detection_AI\data\raw\archive (6)\train\yellow\0bd5970444.jpg,yellow,14
c:\Users\hasibul shaikh\Documents\Car_Color_Detection_AI\data\raw\archive (6)\train\tan\2b61364f1c.jpg,tan,12
c:\Users\hasibul shaikh\Documents\Car_Color_Detection_AI\data\raw\archive (6)\train\orange\8421bd2284.jpg,orange,7
c:\Users\hasibul shaikh\Documents\Car_Color_Detection_AI\data\raw\archive (6)\train\blue\a4899aec0c.jpg,blue,2
c:\Users\hasibul shaikh\Documents\Car_Color_Detection_AI\data\raw\archive (6)\train\tan\3882f6cb35.jpg,tan,12
c:\Users\hasibul shaikh\Documents\Car_Color_Detection_AI\data\raw\archive (6)\train\pink\e173779fce.jpg,pink,8
c:\Users\hasibul shaikh\Documents\Car_Color_Detection_AI\data\raw\archive (6)\train\beige\c0629aae44.jpg,beige,0
c:\Users\hasibul shaikh\Documents\Car_Color_Detection_AI\data\raw\archive (6)\train\blue\c86a471ff9.jpg,blue,2
c:\Users\hasibul shaikh\Documents\Car_Color_Detection_AI\data\raw\archive (6)\train\purple\44058fd2bd.jpg,purple,9
c:\Users\hasibul shaikh\Documents\Car_Color_Detection_AI\data\raw\archive (6)\train\orange\8755c5ea2a.jpg,orange,7
c:\Users\hasibul shaikh\Documents\Car_Color_Detection_AI\data\raw\archive (6)\train\white\d546aa64f5.jpg,white,13
c:\Users\hasibul shaikh\Documents\Car_Color_Detection_AI\data\raw\archive (6)\test\blue\9df358c8d2.jpg,blue,2
c:\Users\hasibul shaikh\Documents\Car_Color_Detection_AI\data\raw\archive (6)\train\orange\b068b9c9c0.jpg,orange,7
c:\Users\hasibul shaikh\Documents\Car_Color_Detection_AI\data\raw\archive (6)\train\orange\af3f131c36.jpg,orange,7
c:\Users\hasibul shaikh\Documents\Car_Color_Detection_AI\data\raw\archive (6)\test\brown\d23c37a01c.jpg,brown,3
c:\Users\hasibul shaikh\Documents\Car_Color_Detection_AI\data\raw\archive (6)\val\white\19c85b0c28.jpg,white,13
c:\Users\hasibul shaikh\Documents\Car_Color_Detection_AI\data\raw\archive (6)\train\tan\d85a35ba55.jpg,tan,12
c:\Users\hasibul shaikh\Documents\Car_Color_Detection_AI\data\raw\archive (6)\train\orange\8433c5a5a8.jpg,orange,7
c:\Users\hasibul shaikh\Documents\Car_Color_Detection_AI\data\raw\archive (6)\train\brown\d2e7b0baa8.jpg,brown,3
c:\Users\hasibul shaikh\Documents\Car_Color_Detection_AI\data\raw\archive (6)\train\orange\efb3c2b018.jpg,orange,7
c:\Users\hasibul shaikh\Documents\Car_Color_Detection_AI\data\raw\archive (6)\train\purple\7d4f9015b7.jpg,purple,9
c:\Users\hasibul shaikh\Documents\Car_Color_Detection_AI\data\raw\archive (6)\test\blue\8bce5aa6e2.jpg,blue,2
c:\Users\hasibul shaikh\Documents\Car_Color_Detection_AI\data\raw\archive (6)\train\blue\ea26578fd3.jpg,blue,2
c:\Users\hasibul shaikh\Documents\Car_Color_Detection_AI\data\raw\archive (6)\train\orange\535211938b.jpg,orange,7
c:\Users\hasibul shaikh\Documents\Car_Color_Detection_AI\data\raw\archive (6)\train\beige\d39f515016.jpg,beige,0
c:\Users\hasibul shaikh\Documents\Car_Color_Detection_AI\data\raw\archive (6)\train\black\9bc0058f01.jpg,black,1
c:\Users\hasibul shaikh\Documents\Car_Color_Detection_AI\data\raw\archive (6)\train\white\24008a96fd.jpg,white,13
c:\Users\hasibul shaikh\Documents\Car_Color_Detection_AI\data\raw\archive (6)\train\beige\e5f4914daf.jpg,beige,0
c:\Users\hasibul shaikh\Documents\Car_Color_Detection_AI\data\raw\archive (6)\val\tan\21a4f2d4dd.jpg,tan,12
c:\Users\hasibul shaikh\Documents\Car_Color_Detection_AI\data\raw\archive (6)\train\black\7e7da2a0ad.jpg,black,1
c:\Users\hasibul shaikh\Documents\Car_Color_Detection_AI\data\raw\archive (6)\train\orange\7072abcdb7.jpg,orange,7
c:\Users\hasibul shaikh\Documents\Car_Color_Detection_AI\data\raw\archive (6)\train\gold\a4dc5fbfb0.jpg,gold,4
c:\Users\hasibul shaikh\Documents\Car_Color_Detection_AI\data\raw\archive (6)\test\orange\e532987403.jpg,orange,7
c:\Users\hasibul shaikh\Documents\Car_Color_Detection_AI\data\raw\archive (6)\train\tan\6448be5456.jpg,tan,12
c:\Users\hasibul shaikh\Documents\Car_Color_Detection_AI\data\raw\archive (6)\train\white\8c82a2c0e6.jpg,white,13
c:\Users\hasibul shaikh\Documents\Car_Color_Detection_AI\data\raw\archive (6)\train\purple\38e7e9e6fe.jpg,purple,9
c:\Users\hasibul shaikh\Documents\Car_Color_Detection_AI\data\raw\archive (6)\train\brown\82cf01e334.jpg,brown,3
c:\Users\hasibul shaikh\Documents\Car_Color_Detection_AI\data\raw\archive (6)\train\red\089839a93c.jpg,red,10
c:\Users\hasibul shaikh\Documents\Car_Color_Detection_AI\data\raw\archive (6)\test\yellow\a15fc67066.jpg,yellow,14
c:\Users\hasibul shaikh\Documents\Car_Color_Detection_AI\data\raw\archive (6)\test\purple\73f9a7839d.jpg,purple,9
c:\Users\hasibul shaikh\Documents\Car_Color_Detection_AI\data\raw\archive (6)\train\tan\132d6b90d5.jpg,tan,12
c:\Users\hasibul shaikh\Documents\Car_Color_Detection_AI\data\raw\archive (6)\train\green\6b9cc65bd2.jpg,green,5
c:\Users\hasibul shaikh\Documents\Car_Color_Detection_AI\data\raw\archive (6)\train\red\47451234e6.jpg,red,10
c:\Users\hasibul shaikh\Documents\Car_Color_Detection_AI\data\raw\archive (6)\train\orange\19f658f4f7.jpg,orange,7
c:\Users\hasibul shaikh\Documents\Car_Color_Detection_AI\data\raw\archive (6)\train\gold\61ffbacaa9.jpg,gold,4
c:\Users\hasibul shaikh\Documents\Car_Color_Detection_AI\data\raw\archive (6)\val\purple\16284bb967.jpg,purple,9
c:\Users\hasibul shaikh\Documents\Car_Color_Detection_AI\data\raw\archive (6)\train\brown\255c2be5b0.jpg,brown,3
c:\Users\hasibul shaikh\Documents\Car_Color_Detection_AI\data\raw\archive (6)\test\purple\ca795b5227.jpg,purple,9
c:\Users\hasibul shaikh\Documents\Car_Color_Detection_AI\data\raw\archive (6)\train\yellow\a414b3436b.jpg,yellow,14
c:\Users\hasibul shaikh\Documents\Car_Color_Detection_AI\data\raw\archive (6)\train\yellow\71ff67d693.jpg,yellow,14
c:\Users\hasibul shaikh\Documents\Car_Color_Detection_AI\data\raw\archive (6)\val\gold\94786ceed5.jpg,gold,4
c:\Users\hasibul shaikh\Documents\Car_Color_Detection_AI\data\raw\archive (6)\train\blue\5405e20779.jpg,blue,2
c:\Users\hasibul shaikh\Documents\Car_Color_Detection_AI\data\raw\archive (6)\train\purple\ff29927361.jpg,purple,9
c:\Users\hasibul shaikh\Documents\Car_Color_Detection_AI\data\raw\archive (6)\val\silver\efb9401a34.jpg,silver,11
c:\Users\hasibul shaikh\Documents\Car_Color_Detection_AI\data\raw\archive (6)\test\red\ea01184493.jpg,red,10
c:\Users\hasibul shaikh\Documents\Car_Color_Detection_AI\data\raw\archive (6)\train\purple\2a757a72d1.jpg,purple,9
c:\Users\hasibul shaikh\Documents\Car_Color_Detection_AI\data\raw\archive (6)\train\yellow\7540597021.jpg,yellow,14
c:\Users\hasibul shaikh\Documents\Car_Color_Detection_AI\data\raw\archive (6)\train\yellow\470adde2b9.jpg,yellow,14
c:\Users\hasibul shaikh\Documents\Car_Color_Detection_AI\data\raw\archive (6)\val\red\bd2832b3f8.jpg,red,10
c:\Users\hasibul shaikh\Documents\Car_Color_Detection_AI\data\raw\archive (6)\train\green\b3061c2316.jpg,green,5
c:\Users\hasibul shaikh\Documents\Car_Color_Detection_AI\data\raw\archive (6)\train\beige\1624c61710.jpg,beige,0
c:\Users\hasibul shaikh\Documents\Car_Color_Detection_AI\data\raw\archive (6)\train\brown\4247332588.jpg,brown,3
c:\Users\hasibul shaikh\Documents\Car_Color_Detection_AI\data\raw\archive (6)\train\brown\f344ab1f00.jpg,brown,3
c:\Users\hasibul shaikh\Documents\Car_Color_Detection_AI\data\raw\archive (6)\train\grey\52b3f22ac9.jpg,grey,6
c:\Users\hasibul shaikh\Documents\Car_Color_Detection_AI\data\raw\archive (6)\train\beige\0745bf778f.jpg,beige,0
c:\Users\hasibul shaikh\Documents\Car_Color_Detection_AI\data\raw\archive (6)\train\brown\4e9e005f27.jpg,brown,3
c:\Users\hasibul shaikh\Documents\Car_Color_Detection_AI\data\raw\archive (6)\train\purple\e0997f98f1.jpg,purple,9
c:\Users\hasibul shaikh\Documents\Car_Color_Detection_AI\data\raw\archive (6)\val\beige\7a907d1e7c.jpg,beige,0
c:\Users\hasibul shaikh\Documents\Car_Color_Detection_AI\data\raw\archive (6)\val\blue\f0a5b85ebb.jpg,blue,2
c:\Users\hasibul shaikh\Documents\Car_Color_Detection_AI\data\raw\archive (6)\train\blue\32f2ad975f.jpg,blue,2
c:\Users\hasibul shaikh\Documents\Car_Color_Detection_AI\data\raw\archive (6)\train\orange\96b5be05e1.jpg,orange,7
c:\Users\hasibul shaikh\Documents\Car_Color_Detection_AI\data\raw\archive (6)\val\blue\1137b6d170.jpg,blue,2
c:\Users\hasibul shaikh\Documents\Car_Color_Detection_AI\data\raw\archive (6)\train\black\8a8147e209.jpg,black,1
c:\Users\hasibul shaikh\Documents\Car_Color_Detection_AI\data\raw\archive (6)\train\beige\57941256f2.jpg,beige,0
c:\Users\hasibul shaikh\Documents\Car_Color_Detection_AI\data\raw\archive (6)\train\blue\582766e490.jpg,blue,2
c:\Users\hasibul shaikh\Documents\Car_Color_Detection_AI\data\raw\archive (6)\train\blue\6fc2962146.jpg,blue,2
c:\Users\hasibul shaikh\Documents\Car_Color_Detection_AI\data\raw\archive (6)\train\grey\c8fe8046c7.jpg,grey,6
c:\Users\hasibul shaikh\Documents\Car_Color_Detection_AI\data\raw\archive (6)\test\pink\ae363b7fcf.jpg,pink,8
c:\Users\hasibul shaikh\Documents\Car_Color_Detection_AI\data\raw\archive (6)\train\beige\3bae5a11b7.jpg,beige,0
c:\Users\hasibul shaikh\Documents\Car_Color_Detection_AI\data\raw\archive (6)\val\blue\8c94eca7d6.jpg,blue,2
c:\Users\hasibul shaikh\Documents\Car_Color_Detection_AI\data\raw\archive (6)\test\blue\8e17baacd6.jpg,blue,2
c:\Users\hasibul shaikh\Documents\Car_Color_Detection_AI\data\raw\archive (6)\val\silver\9d87bbc98b.jpg,silver,11
c:\Users\hasibul shaikh\Documents\Car_Color_Detection_AI\data\raw\archive (6)\train\white\78ddcf1435.jpg,white,13
c:\Users\hasibul shaikh\Documents\Car_Color_Detection_AI\data\raw\archive (6)\train\blue\6de761b0ba.jpg,blue,2
c:\Users\hasibul shaikh\Documents\Car_Color_Detection_AI\data\raw\archive (6)\train\red\4f81c45f6f.jpg,red,10
c:\Users\hasibul shaikh\Documents\Car_Color_Detection_AI\data\raw\archive (6)\train\green\c186a12348.jpg,green,5
c:\Users\hasibul shaikh\Documents\Car_Color_Detection_AI\data\raw\archive (6)\train\white\2a8648695f.jpg,white,13
c:\Users\hasibul shaikh\Documents\Car_Color_Detection_AI\data\raw\archive (6)\test\white\b18d8d0351.jpg,white,13
c:\Users\hasibul shaikh\Documents\Car_Color_Detection_AI\data\raw\archive (6)\train\blue\cc389121bd.jpg,blue,2
c:\Users\hasibul shaikh\Documents\Car_Color_Detection_AI\data\raw\archive (6)\train\brown\84e97c3a6a.jpg,brown,3
c:\Users\hasibul shaikh\Documents\Car_Color_Detection_AI\data\raw\archive (6)\train\black\ef1392aa0c.jpg,black,1
c:\Users\hasibul shaikh\Documents\Car_Color_Detection_AI\data\raw\archive (6)\val\brown\73ffc48f7a.jpg,brown,3
c:\Users\hasibul shaikh\Documents\Car_Color_Detection_AI\data\raw\archive (6)\train\orange\ea71c13a20.jpg,orange,7
c:\Users\hasibul shaikh\Documents\Car_Color_Detection_AI\data\raw\archive (6)\train\orange\661831cc6f.jpg,orange,7
c:\Users\hasibul shaikh\Documents\Car_Color_Detection_AI\data\raw\archive (6)\test\purple\86232ff15c.jpg,purple,9
c:\Users\hasibul shaikh\Documents\Car_Color_Detection_AI\data\raw\archive (6)\test\beige\9fb06f49e8.jpg,beige,0
c:\Users\hasibul shaikh\Documents\Car_Color_Detection_AI\data\raw\archive (6)\train\blue\9eb464139b.jpg,blue,2
c:\Users\hasibul shaikh\Documents\Car_Color_Detection_AI\data\raw\archive (6)\train\orange\2338cac59f.jpg,orange,7
c:\Users\hasibul shaikh\Documents\Car_Color_Detection_AI\data\raw\archive (6)\train\brown\07f0678996.jpg,brown,3
c:\Users\hasibul shaikh\Documents\Car_Color_Detection_AI\data\raw\archive (6)\train\purple\45b7bb62f1.jpg,purple,9
c:\Users\hasibul shaikh\Documents\Car_Color_Detection_AI\data\raw\archive (6)\val\black\87db58ee72.jpg,black,1
c:\Users\hasibul shaikh\Documents\Car_Color_Detection_AI\data\raw\archive (6)\train\beige\2ce43ea4e8.jpg,beige,0
c:\Users\hasibul shaikh\Documents\Car_Color_Detection_AI\data\raw\archive (6)\test\green\4b4ef9186a.jpg,green,5
c:\Users\hasibul shaikh\Documents\Car_Color_Detection_AI\data\raw\archive (6)\train\purple\be93ee8715.jpg,purple,9
c:\Users\hasibul shaikh\Documents\Car_Color_Detection_AI\data\raw\archive (6)\train\black\5d464c4dba.jpg,black,1
c:\Users\hasibul shaikh\Documents\Car_Color_Detection_AI\data\raw\archive (6)\val\brown\86a8744fd7.jpg,brown,3
c:\Users\hasibul shaikh\Documents\Car_Color_Detection_AI\data\raw\archive (6)\train\yellow\e41e0887d7.jpg,yellow,14
c:\Users\hasibul shaikh\Documents\Car_Color_Detection_AI\data\raw\archive (6)\train\black\fb6103dcd4.jpg,black,1
c:\Users\hasibul shaikh\Documents\Car_Color_Detection_AI\data\raw\archive (6)\train\brown\721638662d.jpg,brown,3
c:\Users\hasibul shaikh\Documents\Car_Color_Detection_AI\data\raw\archive (6)\train\gold\c134511784.jpg,gold,4
c:\Users\hasibul shaikh\Documents\Car_Color_Detection_AI\data\raw\archive (6)\train\brown\4a175810ba.jpg,brown,3
c:\Users\hasibul shaikh\Documents\Car_Color_Detection_AI\data\raw\archive (6)\test\yellow\d554945ed9.jpg,yellow,14
c:\Users\hasibul shaikh\Documents\Car_Color_Detection_AI\data\raw\archive (6)\train\beige\7b33bc655d.jpg,beige,0
c:\Users\hasibul shaikh\Documents\Car_Color_Detection_AI\data\raw\archive (6)\val\silver\ffdca457aa.jpg,silver,11
c:\Users\hasibul shaikh\Documents\Car_Color_Detection_AI\data\raw\archive (6)\test\blue\a230706e1a.jpg,blue,2
c:\Users\hasibul shaikh\Documents\Car_Color_Detection_AI\data\raw\archive (6)\train\purple\00ff3dddf3.jpg,purple,9
c:\Users\hasibul shaikh\Documents\Car_Color_Detection_AI\data\raw\archive (6)\test\beige\b88b11abc6.jpg,beige,0
c:\Users\hasibul shaikh\Documents\Car_Color_Detection_AI\data\raw\archive (6)\train\blue\4ad39a455d.jpg,blue,2
c:\Users\hasibul shaikh\Documents\Car_Color_Detection_AI\data\raw\archive (6)\test\brown\deed1fc7b4.jpg,brown,3
c:\Users\hasibul shaikh\Documents\Car_Color_Detection_AI\data\raw\archive (6)\train\brown\3ca79b946f.jpg,brown,3
c:\Users\hasibul shaikh\Documents\Car_Color_Detection_AI\data\raw\archive (6)\train\grey\ceb09e768c.jpg,grey,6
c:\Users\hasibul shaikh\Documents\Car_Color_Detection_AI\data\raw\archive (6)\test\grey\e5b8b1e4a4.jpg,grey,6
c:\Users\hasibul shaikh\Documents\Car_Color_Detection_AI\data\raw\archive (6)\train\brown\276f9c95f7.jpg,brown,3
c:\Users\hasibul shaikh\Documents\Car_Color_Detection_AI\data\raw\archive (6)\val\green\e5482cc696.jpg,green,5
c:\Users\hasibul shaikh\Documents\Car_Color_Detection_AI\data\raw\archive (6)\train\brown\b6b811efaf.jpg,brown,3
c:\Users\hasibul shaikh\Documents\Car_Color_Detection_AI\data\raw\archive (6)\test\brown\d0ed6c2bb0.jpg,brown,3
c:\Users\hasibul shaikh\Documents\Car_Color_Detection_AI\data\raw\archive (6)\train\pink\d171d4e156.jpg,pink,8
c:\Users\hasibul shaikh\Documents\Car_Color_Detection_AI\data\raw\archive (6)\train\orange\20d9041a9c.jpg,orange,7
c:\Users\hasibul shaikh\Documents\Car_Color_Detection_AI\data\raw\archive (6)\train\pink\9cb834eab5.jpg,pink,8
c:\Users\hasibul shaikh\Documents\Car_Color_Detection_AI\data\raw\archive (6)\test\green\077494412e.jpg,green,5
c:\Users\hasibul shaikh\Documents\Car_Color_Detection_AI\data\raw\archive (6)\train\grey\131fe0cca8.jpg,grey,6
c:\Users\hasibul shaikh\Documents\Car_Color_Detection_AI\data\raw\archive (6)\train\blue\f7da3debd8.jpg,blue,2
c:\Users\hasibul shaikh\Documents\Car_Color_Detection_AI\data\raw\archive (6)\train\red\fc508f8a4f.jpg,red,10
c:\Users\hasibul shaikh\Documents\Car_Color_Detection_AI\data\raw\archive (6)\train\white\29b5becb02.jpg,white,13
c:\Users\hasibul shaikh\Documents\Car_Color_Detection_AI\data\raw\archive (6)\val\red\f0eef4e77c.jpg,red,10
c:\Users\hasibul shaikh\Documents\Car_Color_Detection_AI\data\raw\archive (6)\train\blue\806e1955e4.jpg,blue,2
c:\Users\hasibul shaikh\Documents\Car_Color_Detection_AI\data\raw\archive (6)\train\blue\6b1774aa57.jpg,blue,2
c:\Users\hasibul shaikh\Documents\Car_Color_Detection_AI\data\raw\archive (6)\train\green\4322746878.jpg,green,5
c:\Users\hasibul shaikh\Documents\Car_Color_Detection_AI\data\raw\archive (6)\train\pink\d2e0512254.jpg,pink,8
c:\Users\hasibul shaikh\Documents\Car_Color_Detection_AI\data\raw\archive (6)\train\white\00c2507a7d.jpg,white,13
c:\Users\hasibul shaikh\Documents\Car_Color_Detection_AI\data\raw\archive (6)\test\tan\604e5501c9.jpg,tan,12
c:\Users\hasibul shaikh\Documents\Car_Color_Detection_AI\data\raw\archive (6)\train\yellow\780d7d9827.jpg,yellow,14
c:\Users\hasibul shaikh\Documents\Car_Color_Detection_AI\data\raw\archive (6)\test\blue\e10cf307e6.jpg,blue,2
c:\Users\hasibul shaikh\Documents\Car_Color_Detection_AI\data\raw\archive (6)\train\green\23c42b675a.jpg,green,5
c:\Users\hasibul shaikh\Documents\Car_Color_Detection_AI\data\raw\archive (6)\test\black\0ea1f11a35.jpg,black,1
c:\Users\hasibul shaikh\Documents\Car_Color_Detection_AI\data\raw\archive (6)\train\grey\e1e2e29b33.jpg,grey,6
c:\Users\hasibul shaikh\Documents\Car_Color_Detection_AI\data\raw\archive (6)\train\green\2403e731be - Copy.jpg,green,5
c:\Users\hasibul shaikh\Documents\Car_Color_Detection_AI\data\raw\archive (6)\train\red\67a498444c.jpg,red,10
c:\Users\hasibul shaikh\Documents\Car_Color_Detection_AI\data\raw\archive (6)\train\red\f32b2a7876.jpg,red,10
c:\Users\hasibul shaikh\Documents\Car_Color_Detection_AI\data\raw\archive (6)\train\grey\6ab227cb75.jpg,grey,6
c:\Users\hasibul shaikh\Documents\Car_Color_Detection_AI\data\raw\archive (6)\train\orange\5bb117d349.jpg,orange,7
c:\Users\hasibul shaikh\Documents\Car_Color_Detection_AI\data\raw\archive (6)\train\black\d59e501d7c.jpg,black,1
c:\Users\hasibul shaikh\Documents\Car_Color_Detection_AI\data\raw\archive (6)\test\purple\a823eef341.jpg,purple,9
c:\Users\hasibul shaikh\Documents\Car_Color_Detection_AI\data\raw\archive (6)\train\beige\8a887c175a.jpg,beige,0
c:\Users\hasibul shaikh\Documents\Car_Color_Detection_AI\data\raw\archive (6)\test\beige\ff6d882de5.jpg,beige,0
c:\Users\hasibul shaikh\Documents\Car_Color_Detection_AI\data\raw\archive (6)\train\silver\9784c8b879.jpg,silver,11
c:\Users\hasibul shaikh\Documents\Car_Color_Detection_AI\data\raw\archive (6)\train\blue\a43aa9d753.jpg,blue,2
c:\Users\hasibul shaikh\Documents\Car_Color_Detection_AI\data\raw\archive (6)\test\white\cbd9787956.jpg,white,13
c:\Users\hasibul shaikh\Documents\Car_Color_Detection_AI\data\raw\archive (6)\train\blue\f16b6e1ca6.jpg,blue,2
c:\Users\hasibul shaikh\Documents\Car_Color_Detection_AI\data\raw\archive (6)\train\tan\e26a7b9373.jpg,tan,12
c:\Users\hasibul shaikh\Documents\Car_Color_Detection_AI\data\raw\archive (6)\train\green\4bf3494fce.jpg,green,5
c:\Users\hasibul shaikh\Documents\Car_Color_Detection_AI\data\raw\archive (6)\val\pink\00fa52892f.jpg,pink,8
c:\Users\hasibul shaikh\Documents\Car_Color_Detection_AI\data\raw\archive (6)\test\yellow\f7be3f630a.jpg,yellow,14
c:\Users\hasibul shaikh\Documents\Car_Color_Detection_AI\data\raw\archive (6)\train\yellow\1da4310943.jpg,yellow,14
c:\Users\hasibul shaikh\Documents\Car_Color_Detection_AI\data\raw\archive (6)\train\green\883a538b11.jpg,green,5
c:\Users\hasibul shaikh\Documents\Car_Color_Detection_AI\data\raw\archive (6)\train\brown\29c408e45f.jpg,brown,3
c:\Users\hasibul shaikh\Documents\Car_Color_Detection_AI\data\raw\archive (6)\train\green\908337f065.jpg,green,5
c:\Users\hasibul shaikh\Documents\Car_Color_Detection_AI\data\raw\archive (6)\val\yellow\15c3c27b1d.jpg,yellow,14
c:\Users\hasibul shaikh\Documents\Car_Color_Detection_AI\data\raw\archive (6)\train\red\dacb61a50e.jpg,red,10
c:\Users\hasibul shaikh\Documents\Car_Color_Detection_AI\data\raw\archive (6)\val\blue\814eda513a.jpg,blue,2
c:\Users\hasibul shaikh\Documents\Car_Color_Detection_AI\data\raw\archive (6)\test\grey\ff2b2207a6.jpg,grey,6
c:\Users\hasibul shaikh\Documents\Car_Color_Detection_AI\data\raw\archive (6)\train\beige\2a3ba48f91.jpg,beige,0
c:\Users\hasibul shaikh\Documents\Car_Color_Detection_AI\data\raw\archive (6)\train\beige\d35805fed4.jpg,beige,0
c:\Users\hasibul shaikh\Documents\Car_Color_Detection_AI\data\raw\archive (6)\train\red\3eb32bcdcb.jpg,red,10
c:\Users\hasibul shaikh\Documents\Car_Color_Detection_AI\data\raw\archive (6)\test\brown\22fe0a0874.jpg,brown,3
c:\Users\hasibul shaikh\Documents\Car_Color_Detection_AI\data\raw\archive (6)\test\orange\edc4af1346.jpg,orange,7
c:\Users\hasibul shaikh\Documents\Car_Color_Detection_AI\data\raw\archive (6)\train\purple\9fd8834984.jpg,purple,9
c:\Users\hasibul shaikh\Documents\Car_Color_Detection_AI\data\raw\archive (6)\val\pink\6391b17ce9.jpg,pink,8
c:\Users\hasibul shaikh\Documents\Car_Color_Detection_AI\data\raw\archive (6)\val\silver\106f9b5ac4.jpg,silver,11
c:\Users\hasibul shaikh\Documents\Car_Color_Detection_AI\data\raw\archive (6)\test\yellow\882b1e021e.jpg,yellow,14
c:\Users\hasibul shaikh\Documents\Car_Color_Detection_AI\data\raw\archive (6)\val\silver\73c58fdb71.jpg,silver,11
c:\Users\hasibul shaikh\Documents\Car_Color_Detection_AI\data\raw\archive (6)\train\pink\cdf04e86b6.jpg,pink,8
c:\Users\hasibul shaikh\Documents\Car_Color_Detection_AI\data\raw\archive (6)\val\orange\b9325532b0.jpg,orange,7
c:\Users\hasibul shaikh\Documents\Car_Color_Detection_AI\data\raw\archive (6)\test\pink\fb3f7e9805.jpg,pink,8
c:\Users\hasibul shaikh\Documents\Car_Color_Detection_AI\data\raw\archive (6)\train\brown\5a7e61f8fe.jpg,brown,3
c:\Users\hasibul shaikh\Documents\Car_Color_Detection_AI\data\raw\archive (6)\test\black\5e2e76cac5.jpg,black,1
c:\Users\hasibul shaikh\Documents\Car_Color_Detection_AI\data\raw\archive (6)\train\purple\94b6037a26.jpg,purple,9
c:\Users\hasibul shaikh\Documents\Car_Color_Detection_AI\data\raw\archive (6)\test\blue\246797ded3.jpg,blue,2
c:\Users\hasibul shaikh\Documents\Car_Color_Detection_AI\data\raw\archive (6)\train\silver\7e34a5b45b.jpg,silver,11
c:\Users\hasibul shaikh\Documents\Car_Color_Detection_AI\data\raw\archive (6)\train\blue\54e471224b.jpg,blue,2
c:\Users\hasibul shaikh\Documents\Car_Color_Detection_AI\data\raw\archive (6)\train\beige\7d6cfa09d1.jpg,beige,0
c:\Users\hasibul shaikh\Documents\Car_Color_Detection_AI\data\raw\archive (6)\train\pink\e40382173f.jpg,pink,8
c:\Users\hasibul shaikh\Documents\Car_Color_Detection_AI\data\raw\archive (6)\train\grey\b9f8e4ec6a.jpg,grey,6
c:\Users\hasibul shaikh\Documents\Car_Color_Detection_AI\data\raw\archive (6)\train\tan\1739463475.jpg,tan,12
c:\Users\hasibul shaikh\Documents\Car_Color_Detection_AI\data\raw\archive (6)\val\black\7843a49b2e.jpg,black,1
c:\Users\hasibul shaikh\Documents\Car_Color_Detection_AI\data\raw\archive (6)\val\silver\a379c44549.jpg,silver,11
c:\Users\hasibul shaikh\Documents\Car_Color_Detection_AI\data\raw\archive (6)\train\purple\3b1b9ae679.jpg,purple,9
c:\Users\hasibul shaikh\Documents\Car_Color_Detection_AI\data\raw\archive (6)\train\yellow\ffe322f18a.jpg,yellow,14
c:\Users\hasibul shaikh\Documents\Car_Color_Detection_AI\data\raw\archive (6)\test\black\31817d1a08.jpg,black,1
c:\Users\hasibul shaikh\Documents\Car_Color_Detection_AI\data\raw\archive (6)\test\gold\b3cf6622dc.jpg,gold,4
c:\Users\hasibul shaikh\Documents\Car_Color_Detection_AI\data\raw\archive (6)\train\tan\92c6a98ad9.jpg,tan,12
c:\Users\hasibul shaikh\Documents\Car_Color_Detection_AI\data\raw\archive (6)\train\white\a6b5aaa78f.jpg,white,13
c:\Users\hasibul shaikh\Documents\Car_Color_Detection_AI\data\raw\archive (6)\train\gold\1ecb66b3a9.jpg,gold,4
c:\Users\hasibul shaikh\Documents\Car_Color_Detection_AI\data\raw\archive (6)\train\tan\6d1b00a8a2.jpg,tan,12
c:\Users\hasibul shaikh\Documents\Car_Color_Detection_AI\data\raw\archive (6)\train\silver\7db03bfc73.jpg,silver,11
c:\Users\hasibul shaikh\Documents\Car_Color_Detection_AI\data\raw\archive (6)\train\green\02c6449d43.jpg,green,5
c:\Users\hasibul shaikh\Documents\Car_Color_Detection_AI\data\raw\archive (6)\train\tan\3ce286b8c4.jpg,tan,12
c:\Users\hasibul shaikh\Documents\Car_Color_Detection_AI\data\raw\archive (6)\train\orange\c527ef84c0.jpg,orange,7
c:\Users\hasibul shaikh\Documents\Car_Color_Detection_AI\data\raw\archive (6)\train\red\f8af57659b.jpg,red,10
c:\Users\hasibul shaikh\Documents\Car_Color_Detection_AI\data\raw\archive (6)\train\white\7bdc920694.jpg,white,13
c:\Users\hasibul shaikh\Documents\Car_Color_Detection_AI\data\raw\archive (6)\train\grey\127c118265.jpg,grey,6
c:\Users\hasibul shaikh\Documents\Car_Color_Detection_AI\data\raw\archive (6)\test\beige\64c0d615a6.jpg,beige,0
c:\Users\hasibul shaikh\Documents\Car_Color_Detection_AI\data\raw\archive (6)\test\white\b07c0e4a94.jpg,white,13
c:\Users\hasibul shaikh\Documents\Car_Color_Detection_AI\data\raw\archive (6)\train\silver\b364b49838.jpg,silver,11
c:\Users\hasibul shaikh\Documents\Car_Color_Detection_AI\data\raw\archive (6)\test\silver\1e012dab95.jpg,silver,11
c:\Users\hasibul shaikh\Documents\Car_Color_Detection_AI\data\raw\archive (6)\val\pink\d380c8a7eb.jpg,pink,8
c:\Users\hasibul shaikh\Documents\Car_Color_Detection_AI\data\raw\archive (6)\train\brown\ea62e77a89.jpg,brown,3
c:\Users\hasibul shaikh\Documents\Car_Color_Detection_AI\data\raw\archive (6)\train\beige\9197135225.jpg,beige,0
c:\Users\hasibul shaikh\Documents\Car_Color_Detection_AI\data\raw\archive (6)\val\purple\53f50f3c60.jpg,purple,9
c:\Users\hasibul shaikh\Documents\Car_Color_Detection_AI\data\raw\archive (6)\train\purple\c9d7259279.jpg,purple,9
c:\Users\hasibul shaikh\Documents\Car_Color_Detection_AI\data\raw\archive (6)\train\tan\20a8987a28.jpg,tan,12
c:\Users\hasibul shaikh\Documents\Car_Color_Detection_AI\data\raw\archive (6)\train\silver\5ca0710026.jpg,silver,11
c:\Users\hasibul shaikh\Documents\Car_Color_Detection_AI\data\raw\archive (6)\train\pink\b22bebf305.jpg,pink,8
c:\Users\hasibul shaikh\Documents\Car_Color_Detection_AI\data\raw\archive (6)\train\black\369f09c847.jpg,black,1
c:\Users\hasibul shaikh\Documents\Car_Color_Detection_AI\data\raw\archive (6)\val\red\0c0e016bf6.jpg,red,10
c:\Users\hasibul shaikh\Documents\Car_Color_Detection_AI\data\raw\archive (6)\test\blue\73aa52cbe3.jpg,blue,2
c:\Users\hasibul shaikh\Documents\Car_Color_Detection_AI\data\raw\archive (6)\val\pink\5731fc1f06.jpg,pink,8
c:\Users\hasibul shaikh\Documents\Car_Color_Detection_AI\data\raw\archive (6)\train\yellow\4c0e760b97.jpg,yellow,14
c:\Users\hasibul shaikh\Documents\Car_Color_Detection_AI\data\raw\archive (6)\train\purple\e77bc010c3.jpg,purple,9
c:\Users\hasibul shaikh\Documents\Car_Color_Detection_AI\data\raw\archive (6)\train\pink\4f6fd90a0b.jpg,pink,8
c:\Users\hasibul shaikh\Documents\Car_Color_Detection_AI\data\raw\archive (6)\train\red\9f51132172.jpg,red,10
c:\Users\hasibul shaikh\Documents\Car_Color_Detection_AI\data\raw\archive (6)\test\yellow\72f1cac93c.jpg,yellow,14
c:\Users\hasibul shaikh\Documents\Car_Color_Detection_AI\data\raw\archive (6)\train\beige\c988e79597.jpg,beige,0
c:\Users\hasibul shaikh\Documents\Car_Color_Detection_AI\data\raw\archive (6)\train\green\32f2e5ce2e.jpg,green,5
c:\Users\hasibul shaikh\Documents\Car_Color_Detection_AI\data\raw\archive (6)\train\orange\8890f30c95.jpg,orange,7
c:\Users\hasibul shaikh\Documents\Car_Color_Detection_AI\data\raw\archive (6)\val\purple\717c3dc097.jpg,purple,9
c:\Users\hasibul shaikh\Documents\Car_Color_Detection_AI\data\raw\archive (6)\train\pink\ca58af68fb.jpg,pink,8
c:\Users\hasibul shaikh\Documents\Car_Color_Detection_AI\data\raw\archive (6)\train\brown\e5bc0097be.jpg,brown,3
c:\Users\hasibul shaikh\Documents\Car_Color_Detection_AI\data\raw\archive (6)\train\tan\58a6dff2db.jpg,tan,12
c:\Users\hasibul shaikh\Documents\Car_Color_Detection_AI\data\raw\archive (6)\train\yellow\ba73d89921.jpg,yellow,14
c:\Users\hasibul shaikh\Documents\Car_Color_Detection_AI\data\raw\archive (6)\val\brown\827535d05f.jpg,brown,3
c:\Users\hasibul shaikh\Documents\Car_Color_Detection_AI\data\raw\archive (6)\train\tan\2d7460706f.jpg,tan,12
c:\Users\hasibul shaikh\Documents\Car_Color_Detection_AI\data\raw\archive (6)\test\red\0df8f813a2.jpg,red,10
c:\Users\hasibul shaikh\Documents\Car_Color_Detection_AI\data\raw\archive (6)\train\red\dc605da6cf.jpg,red,10
c:\Users\hasibul shaikh\Documents\Car_Color_Detection_AI\data\raw\archive (6)\train\blue\d0947e6585.jpg,blue,2
c:\Users\hasibul shaikh\Documents\Car_Color_Detection_AI\data\raw\archive (6)\train\orange\7776313e7d.jpg,orange,7
c:\Users\hasibul shaikh\Documents\Car_Color_Detection_AI\data\raw\archive (6)\train\pink\a82dfb741e.jpg,pink,8
c:\Users\hasibul shaikh\Documents\Car_Color_Detection_AI\data\raw\archive (6)\val\green\3099a7c9f8.jpg,green,5
c:\Users\hasibul shaikh\Documents\Car_Color_Detection_AI\data\raw\archive (6)\train\purple\327ea0ff14.jpg,purple,9
c:\Users\hasibul shaikh\Documents\Car_Color_Detection_AI\data\raw\archive (6)\train\brown\dd8016a78d.jpg,brown,3
c:\Users\hasibul shaikh\Documents\Car_Color_Detection_AI\data\raw\archive (6)\train\blue\f93e48bbfb.jpg,blue,2
c:\Users\hasibul shaikh\Documents\Car_Color_Detection_AI\data\raw\archive (6)\train\beige\436c653613.jpg,beige,0
c:\Users\hasibul shaikh\Documents\Car_Color_Detection_AI\data\raw\archive (6)\train\green\f7672bf51b.jpg,green,5
c:\Users\hasibul shaikh\Documents\Car_Color_Detection_AI\data\raw\archive (6)\val\tan\3603c05529.jpg,tan,12
c:\Users\hasibul shaikh\Documents\Car_Color_Detection_AI\data\raw\archive (6)\train\red\bc6010d640.jpg,red,10
c:\Users\hasibul shaikh\Documents\Car_Color_Detection_AI\data\raw\archive (6)\test\gold\292ab3583c.jpg,gold,4
c:\Users\hasibul shaikh\Documents\Car_Color_Detection_AI\data\raw\archive (6)\val\grey\78d477ff83.jpg,grey,6
c:\Users\hasibul shaikh\Documents\Car_Color_Detection_AI\data\raw\archive (6)\train\yellow\42dfef8083.jpg,yellow,14
c:\Users\hasibul shaikh\Documents\Car_Color_Detection_AI\data\raw\archive (6)\train\silver\7c74790a0c.jpg,silver,11
c:\Users\hasibul shaikh\Documents\Car_Color_Detection_AI\data\raw\archive (6)\train\orange\0b8e99df70.jpg,orange,7
c:\Users\hasibul shaikh\Documents\Car_Color_Detection_AI\data\raw\archive (6)\test\purple\6dad968d68.jpg,purple,9
c:\Users\hasibul shaikh\Documents\Car_Color_Detection_AI\data\raw\archive (6)\train\orange\0f4a4dae5d.jpg,orange,7
c:\Users\hasibul shaikh\Documents\Car_Color_Detection_AI\data\raw\archive (6)\val\grey\289f458d22.jpg,grey,6
c:\Users\hasibul shaikh\Documents\Car_Color_Detection_AI\data\raw\archive (6)\train\yellow\7f4cc750a2.jpg,yellow,14
c:\Users\hasibul shaikh\Documents\Car_Color_Detection_AI\data\raw\archive (6)\train\yellow\bba55483f9.jpg,yellow,14
c:\Users\hasibul shaikh\Documents\Car_Color_Detection_AI\data\raw\archive (6)\train\red\4838796213.jpg,red,10
c:\Users\hasibul shaikh\Documents\Car_Color_Detection_AI\data\raw\archive (6)\train\green\e9bf0103ed.jpg,green,5
c:\Users\hasibul shaikh\Documents\Car_Color_Detection_AI\data\raw\archive (6)\train\tan\07677a2731.jpg,tan,12
c:\Users\hasibul shaikh\Documents\Car_Color_Detection_AI\data\raw\archive (6)\val\orange\6b150d8ecd.jpg,orange,7
c:\Users\hasibul shaikh\Documents\Car_Color_Detection_AI\data\raw\archive (6)\train\silver\e620bb37c5.jpg,silver,11
c:\Users\hasibul shaikh\Documents\Car_Color_Detection_AI\data\raw\archive (6)\train\beige\105eac1bde.jpg,beige,0
c:\Users\hasibul shaikh\Documents\Car_Color_Detection_AI\data\raw\archive (6)\test\green\d2a80c5e06.jpg,green,5
c:\Users\hasibul shaikh\Documents\Car_Color_Detection_AI\data\raw\archive (6)\train\blue\986df2c5ec.jpg,blue,2
c:\Users\hasibul shaikh\Documents\Car_Color_Detection_AI\data\raw\archive (6)\train\brown\d7059dacde.jpg,brown,3
c:\Users\hasibul shaikh\Documents\Car_Color_Detection_AI\data\raw\archive (6)\train\brown\66127709cc.jpg,brown,3
c:\Users\hasibul shaikh\Documents\Car_Color_Detection_AI\data\raw\archive (6)\train\blue\5bc0d80117.jpg,blue,2
c:\Users\hasibul shaikh\Documents\Car_Color_Detection_AI\data\raw\archive (6)\train\grey\dca8f12e0b.jpg,grey,6
c:\Users\hasibul shaikh\Documents\Car_Color_Detection_AI\data\raw\archive (6)\train\beige\e8a0fa0a35.jpg,beige,0
c:\Users\hasibul shaikh\Documents\Car_Color_Detection_AI\data\raw\archive (6)\val\black\ef8f103520.jpg,black,1
c:\Users\hasibul shaikh\Documents\Car_Color_Detection_AI\data\raw\archive (6)\train\beige\246c9fe95b.jpg,beige,0
c:\Users\hasibul shaikh\Documents\Car_Color_Detection_AI\data\raw\archive (6)\val\purple\867626abca.jpg,purple,9
c:\Users\hasibul shaikh\Documents\Car_Color_Detection_AI\data\raw\archive (6)\train\pink\48fa098ad5.jpg,pink,8
c:\Users\hasibul shaikh\Documents\Car_Color_Detection_AI\data\raw\archive (6)\train\beige\81dd70786d.jpg,beige,0
c:\Users\hasibul shaikh\Documents\Car_Color_Detection_AI\data\raw\archive (6)\val\brown\eacf981dd3.jpg,brown,3
c:\Users\hasibul shaikh\Documents\Car_Color_Detection_AI\data\raw\archive (6)\test\red\8f8073e6aa.jpg,red,10
c:\Users\hasibul shaikh\Documents\Car_Color_Detection_AI\data\raw\archive (6)\train\grey\07d6ae36d9.jpg,grey,6
c:\Users\hasibul shaikh\Documents\Car_Color_Detection_AI\data\raw\archive (6)\val\brown\dc3f87c95b.jpg,brown,3
c:\Users\hasibul shaikh\Documents\Car_Color_Detection_AI\data\raw\archive (6)\train\silver\e3e80c2ee6.jpg,silver,11
c:\Users\hasibul shaikh\Documents\Car_Color_Detection_AI\data\raw\archive (6)\test\white\0af23aa4e0.jpg,white,13
c:\Users\hasibul shaikh\Documents\Car_Color_Detection_AI\data\raw\archive (6)\train\white\bd750dffc0.jpg,white,13
c:\Users\hasibul shaikh\Documents\Car_Color_Detection_AI\data\raw\archive (6)\train\green\16f27e7fa5.jpg,green,5
c:\Users\hasibul shaikh\Documents\Car_Color_Detection_AI\data\raw\archive (6)\train\yellow\cde94239f2.jpg,yellow,14
c:\Users\hasibul shaikh\Documents\Car_Color_Detection_AI\data\raw\archive (6)\train\green\28a382e400.jpg,green,5
c:\Users\hasibul shaikh\Documents\Car_Color_Detection_AI\data\raw\archive (6)\val\white\ab77a3d56e.jpg,white,13
c:\Users\hasibul shaikh\Documents\Car_Color_Detection_AI\data\raw\archive (6)\train\gold\c06a91c27a.jpg,gold,4
c:\Users\hasibul shaikh\Documents\Car_Color_Detection_AI\data\raw\archive (6)\test\purple\8c44a1092a.jpg,purple,9
c:\Users\hasibul shaikh\Documents\Car_Color_Detection_AI\data\raw\archive (6)\test\grey\79904e2ba1.jpg,grey,6
c:\Users\hasibul shaikh\Documents\Car_Color_Detection_AI\data\raw\archive (6)\test\brown\247957bbe0.jpg,brown,3
c:\Users\hasibul shaikh\Documents\Car_Color_Detection_AI\data\raw\archive (6)\test\blue\f16b8bdfe1.jpg,blue,2
c:\Users\hasibul shaikh\Documents\Car_Color_Detection_AI\data\raw\archive (6)\train\gold\48d0ec917f.jpg,gold,4
c:\Users\hasibul shaikh\Documents\Car_Color_Detection_AI\data\raw\archive (6)\val\beige\4c58363bc9.jpg,beige,0
c:\Users\hasibul shaikh\Documents\Car_Color_Detection_AI\data\raw\archive (6)\train\grey\2b72751a69.jpg,grey,6
c:\Users\hasibul shaikh\Documents\Car_Color_Detection_AI\data\raw\archive (6)\train\purple\1127542a8e.jpg,purple,9
c:\Users\hasibul shaikh\Documents\Car_Color_Detection_AI\data\raw\archive (6)\train\red\59b46c82b9.jpg,red,10
c:\Users\hasibul shaikh\Documents\Car_Color_Detection_AI\data\raw\archive (6)\train\black\a187320cb3.jpg,black,1
c:\Users\hasibul shaikh\Documents\Car_Color_Detection_AI\data\raw\archive (6)\val\red\7b35ea0b2b.jpg,red,10
c:\Users\hasibul shaikh\Documents\Car_Color_Detection_AI\data\raw\archive (6)\train\beige\761720fc12.jpg,beige,0
c:\Users\hasibul shaikh\Documents\Car_Color_Detection_AI\data\raw\archive (6)\train\orange\21b015e766.jpg,orange,7
c:\Users\hasibul shaikh\Documents\Car_Color_Detection_AI\data\raw\archive (6)\train\green\1ce64cade4.jpg,green,5
c:\Users\hasibul shaikh\Documents\Car_Color_Detection_AI\data\raw\archive (6)\train\orange\a748dc66b4.jpg,orange,7
c:\Users\hasibul shaikh\Documents\Car_Color_Detection_AI\data\raw\archive (6)\test\white\2a37b204f5.jpg,white,13
c:\Users\hasibul shaikh\Documents\Car_Color_Detection_AI\data\raw\archive (6)\test\black\49420d64b4.jpg,black,1
c:\Users\hasibul shaikh\Documents\Car_Color_Detection_AI\data\raw\archive (6)\train\yellow\a2ebe7ce7e.jpg,yellow,14
c:\Users\hasibul shaikh\Documents\Car_Color_Detection_AI\data\raw\archive (6)\test\orange\18aec47405.jpg,orange,7
c:\Users\hasibul shaikh\Documents\Car_Color_Detection_AI\data\raw\archive (6)\train\green\45d096253c.jpg,green,5
c:\Users\hasibul shaikh\Documents\Car_Color_Detection_AI\data\raw\archive (6)\train\beige\250d8a4e6c.jpg,beige,0
c:\Users\hasibul shaikh\Documents\Car_Color_Detection_AI\data\raw\archive (6)\train\yellow\7c5e460930.jpg,yellow,14
c:\Users\hasibul shaikh\Documents\Car_Color_Detection_AI\data\raw\archive (6)\train\tan\1df75e5cc0.jpg,tan,12
c:\Users\hasibul shaikh\Documents\Car_Color_Detection_AI\data\raw\archive (6)\train\pink\5672953d83.jpg,pink,8
c:\Users\hasibul shaikh\Documents\Car_Color_Detection_AI\data\raw\archive (6)\train\brown\5ebe2be13a.jpg,brown,3
c:\Users\hasibul shaikh\Documents\Car_Color_Detection_AI\data\raw\archive (6)\train\grey\02a373dbc2.jpg,grey,6
c:\Users\hasibul shaikh\Documents\Car_Color_Detection_AI\data\raw\archive (6)\train\orange\fa5fdc8939.jpg,orange,7
c:\Users\hasibul shaikh\Documents\Car_Color_Detection_AI\data\raw\archive (6)\train\pink\5cb4d933bd.jpg,pink,8
c:\Users\hasibul shaikh\Documents\Car_Color_Detection_AI\data\raw\archive (6)\val\orange\55e8496f26.jpg,orange,7
c:\Users\hasibul shaikh\Documents\Car_Color_Detection_AI\data\raw\archive (6)\train\purple\136e499f28.jpg,purple,9
c:\Users\hasibul shaikh\Documents\Car_Color_Detection_AI\data\raw\archive (6)\train\orange\9a5f64f405.jpg,orange,7
c:\Users\hasibul shaikh\Documents\Car_Color_Detection_AI\data\raw\archive (6)\train\black\ca55cb601b.jpg,black,1
c:\Users\hasibul shaikh\Documents\Car_Color_Detection_AI\data\raw\archive (6)\test\pink\08dda6a584.jpg,pink,8
c:\Users\hasibul shaikh\Documents\Car_Color_Detection_AI\data\raw\archive (6)\train\black\7387003c5b.jpg,black,1
c:\Users\hasibul shaikh\Documents\Car_Color_Detection_AI\data\raw\archive (6)\train\yellow\a9dfe6d7ab.jpg,yellow,14
c:\Users\hasibul shaikh\Documents\Car_Color_Detection_AI\data\raw\archive (6)\test\white\092d598c42.jpg,white,13
c:\Users\hasibul shaikh\Documents\Car_Color_Detection_AI\data\raw\archive (6)\test\purple\46b2e41b4f.jpg,purple,9
c:\Users\hasibul shaikh\Documents\Car_Color_Detection_AI\data\raw\archive (6)\train\blue\883eeb96a7.jpg,blue,2
c:\Users\hasibul shaikh\Documents\Car_Color_Detection_AI\data\raw\archive (6)\train\blue\ab3f5f71cb.jpg,blue,2
c:\Users\hasibul shaikh\Documents\Car_Color_Detection_AI\data\raw\archive (6)\val\purple\4255aafe2f.jpg,purple,9
c:\Users\hasibul shaikh\Documents\Car_Color_Detection_AI\data\raw\archive (6)\train\black\813ac74b6d.jpg,black,1
c:\Users\hasibul shaikh\Documents\Car_Color_Detection_AI\data\raw\archive (6)\train\blue\393594c452.jpg,blue,2
c:\Users\hasibul shaikh\Documents\Car_Color_Detection_AI\data\raw\archive (6)\val\blue\8700e17440.jpg,blue,2
c:\Users\hasibul shaikh\Documents\Car_Color_Detection_AI\data\raw\archive (6)\train\blue\a669b9d957.jpg,blue,2
c:\Users\hasibul shaikh\Documents\Car_Color_Detection_AI\data\raw\archive (6)\val\pink\ca60f5ceab.jpg,pink,8
c:\Users\hasibul shaikh\Documents\Car_Color_Detection_AI\data\raw\archive (6)\train\pink\a7e258564c.jpg,pink,8
c:\Users\hasibul shaikh\Documents\Car_Color_Detection_AI\data\raw\archive (6)\train\silver\da7d9a2125.jpg,silver,11
c:\Users\hasibul shaikh\Documents\Car_Color_Detection_AI\data\raw\archive (6)\train\yellow\bc2f0760be.jpg,yellow,14
c:\Users\hasibul shaikh\Documents\Car_Color_Detection_AI\data\raw\archive (6)\test\white\1f12bcc8e0.jpg,white,13
c:\Users\hasibul shaikh\Documents\Car_Color_Detection_AI\data\raw\archive (6)\train\orange\e85a7f559d.jpg,orange,7
c:\Users\hasibul shaikh\Documents\Car_Color_Detection_AI\data\raw\archive (6)\train\red\2711da16fd.jpg,red,10
c:\Users\hasibul shaikh\Documents\Car_Color_Detection_AI\data\raw\archive (6)\train\gold\541035e9dd.jpg,gold,4
c:\Users\hasibul shaikh\Documents\Car_Color_Detection_AI\data\raw\archive (6)\val\white\77f5ce2779.jpg,white,13
c:\Users\hasibul shaikh\Documents\Car_Color_Detection_AI\data\raw\archive (6)\test\tan\a9287dfe08.jpg,tan,12
c:\Users\hasibul shaikh\Documents\Car_Color_Detection_AI\data\raw\archive (6)\test\grey\e34d1edb57.jpg,grey,6
c:\Users\hasibul shaikh\Documents\Car_Color_Detection_AI\data\raw\archive (6)\test\brown\aba2bb0aac.jpg,brown,3
c:\Users\hasibul shaikh\Documents\Car_Color_Detection_AI\data\raw\archive (6)\train\silver\7a8f35053d.jpg,silver,11
c:\Users\hasibul shaikh\Documents\Car_Color_Detection_AI\data\raw\archive (6)\train\beige\5b09246e25.jpg,beige,0
c:\Users\hasibul shaikh\Documents\Car_Color_Detection_AI\data\raw\archive (6)\train\blue\c716967d9e.jpg,blue,2
c:\Users\hasibul shaikh\Documents\Car_Color_Detection_AI\data\raw\archive (6)\train\grey\670ef322ec.jpg,grey,6
c:\Users\hasibul shaikh\Documents\Car_Color_Detection_AI\data\raw\archive (6)\train\red\0e929281f7.jpg,red,10
c:\Users\hasibul shaikh\Documents\Car_Color_Detection_AI\data\raw\archive (6)\val\blue\ccc5c4b84f.jpg,blue,2
c:\Users\hasibul shaikh\Documents\Car_Color_Detection_AI\data\raw\archive (6)\train\orange\1ecb4f7644.jpg,orange,7
c:\Users\hasibul shaikh\Documents\Car_Color_Detection_AI\data\raw\archive (6)\train\pink\49587b57fa.jpg,pink,8
c:\Users\hasibul shaikh\Documents\Car_Color_Detection_AI\data\raw\archive (6)\train\yellow\fd0d89ec10.jpg,yellow,14
c:\Users\hasibul shaikh\Documents\Car_Color_Detection_AI\data\raw\archive (6)\train\orange\4cc890d779.jpg,orange,7
c:\Users\hasibul shaikh\Documents\Car_Color_Detection_AI\data\raw\archive (6)\train\green\36c9e79886.jpg,green,5
c:\Users\hasibul shaikh\Documents\Car_Color_Detection_AI\data\raw\archive (6)\test\blue\01401b6d76.jpg,blue,2
c:\Users\hasibul shaikh\Documents\Car_Color_Detection_AI\data\raw\archive (6)\val\tan\7e39b8bc15.jpg,tan,12
c:\Users\hasibul shaikh\Documents\Car_Color_Detection_AI\data\raw\archive (6)\train\beige\636668a3f5.jpg,beige,0
c:\Users\hasibul shaikh\Documents\Car_Color_Detection_AI\data\raw\archive (6)\train\tan\588cb7a251.jpg,tan,12
c:\Users\hasibul shaikh\Documents\Car_Color_Detection_AI\data\raw\archive (6)\train\tan\af7304fd94.jpg,tan,12
c:\Users\hasibul shaikh\Documents\Car_Color_Detection_AI\data\raw\archive (6)\train\red\601d716045.jpg,red,10
c:\Users\hasibul shaikh\Documents\Car_Color_Detection_AI\data\raw\archive (6)\val\blue\1b7d33ffa1.jpg,blue,2
c:\Users\hasibul shaikh\Documents\Car_Color_Detection_AI\data\raw\archive (6)\train\tan\6b83935b6c.jpg,tan,12
c:\Users\hasibul shaikh\Documents\Car_Color_Detection_AI\data\raw\archive (6)\train\white\1330bd8169.jpg,white,13
c:\Users\hasibul shaikh\Documents\Car_Color_Detection_AI\data\raw\archive (6)\val\silver\65a2561fa2.jpg,silver,11
c:\Users\hasibul shaikh\Documents\Car_Color_Detection_AI\data\raw\archive (6)\train\gold\75efbfdb38.jpg,gold,4
c:\Users\hasibul shaikh\Documents\Car_Color_Detection_AI\data\raw\archive (6)\train\blue\274eaee55b.jpg,blue,2
c:\Users\hasibul shaikh\Documents\Car_Color_Detection_AI\data\raw\archive (6)\test\black\bd518e71ab.jpg,black,1
c:\Users\hasibul shaikh\Documents\Car_Color_Detection_AI\data\raw\archive (6)\train\blue\2f464946d6.jpg,blue,2
c:\Users\hasibul shaikh\Documents\Car_Color_Detection_AI\data\raw\archive (6)\train\grey\d170e45706.jpg,grey,6
c:\Users\hasibul shaikh\Documents\Car_Color_Detection_AI\data\raw\archive (6)\train\blue\b33bc35847.jpg,blue,2
c:\Users\hasibul shaikh\Documents\Car_Color_Detection_AI\data\raw\archive (6)\train\red\a75932ec9d.jpg,red,10
c:\Users\hasibul shaikh\Documents\Car_Color_Detection_AI\data\raw\archive (6)\train\blue\f3d0799b26.jpg,blue,2
c:\Users\hasibul shaikh\Documents\Car_Color_Detection_AI\data\raw\archive (6)\test\tan\995dc125f8.jpg,tan,12
c:\Users\hasibul shaikh\Documents\Car_Color_Detection_AI\data\raw\archive (6)\val\green\e0d100fad6.jpg,green,5
c:\Users\hasibul shaikh\Documents\Car_Color_Detection_AI\data\raw\archive (6)\train\pink\e717c8ea0c.jpg,pink,8
c:\Users\hasibul shaikh\Documents\Car_Color_Detection_AI\data\raw\archive (6)\train\purple\21631982e8.jpg,purple,9
c:\Users\hasibul shaikh\Documents\Car_Color_Detection_AI\data\raw\archive (6)\train\grey\5fd4fb91e3.jpg,grey,6
c:\Users\hasibul shaikh\Documents\Car_Color_Detection_AI\data\raw\archive (6)\train\green\b52d3f79d3.jpg,green,5
c:\Users\hasibul shaikh\Documents\Car_Color_Detection_AI\data\raw\archive (6)\val\gold\bc987402db.jpg,gold,4
c:\Users\hasibul shaikh\Documents\Car_Color_Detection_AI\data\raw\archive (6)\train\orange\c972df1460.jpg,orange,7
c:\Users\hasibul shaikh\Documents\Car_Color_Detection_AI\data\raw\archive (6)\train\yellow\ea84752ee2.jpg,yellow,14
c:\Users\hasibul shaikh\Documents\Car_Color_Detection_AI\data\raw\archive (6)\val\red\6a2c0b003c.jpg,red,10
c:\Users\hasibul shaikh\Documents\Car_Color_Detection_AI\data\raw\archive (6)\train\yellow\8bf9f31055.jpg,yellow,14
c:\Users\hasibul shaikh\Documents\Car_Color_Detection_AI\data\raw\archive (6)\val\yellow\15fef2cf7e.jpg,yellow,14
c:\Users\hasibul shaikh\Documents\Car_Color_Detection_AI\data\raw\archive (6)\train\yellow\3bd9b0524c.jpg,yellow,14
c:\Users\hasibul shaikh\Documents\Car_Color_Detection_AI\data\raw\archive (6)\train\green\c0dba871d0.jpg,green,5
c:\Users\hasibul shaikh\Documents\Car_Color_Detection_AI\data\raw\archive (6)\val\green\23435385de.jpg,green,5
c:\Users\hasibul shaikh\Documents\Car_Color_Detection_AI\data\raw\archive (6)\train\black\97542eb6f4.jpg,black,1
c:\Users\hasibul shaikh\Documents\Car_Color_Detection_AI\data\raw\archive (6)\train\grey\6a217c9630.jpg,grey,6
c:\Users\hasibul shaikh\Documents\Car_Color_Detection_AI\data\raw\archive (6)\train\white\1c181115f8.jpg,white,13
c:\Users\hasibul shaikh\Documents\Car_Color_Detection_AI\data\raw\archive (6)\train\tan\ecdbf7dd97.jpg,tan,12
c:\Users\hasibul shaikh\Documents\Car_Color_Detection_AI\data\raw\archive (6)\train\silver\01c57b72e9.jpg,silver,11
c:\Users\hasibul shaikh\Documents\Car_Color_Detection_AI\data\raw\archive (6)\train\white\a89d4c6ff4.jpg,white,13
c:\Users\hasibul shaikh\Documents\Car_Color_Detection_AI\data\raw\archive (6)\val\yellow\80201e8f81.jpg,yellow,14
c:\Users\hasibul shaikh\Documents\Car_Color_Detection_AI\data\raw\archive (6)\train\black\add823e4e5.jpg,black,1
c:\Users\hasibul shaikh\Documents\Car_Color_Detection_AI\data\raw\archive (6)\val\yellow\4a920eb54d.jpg,yellow,14
c:\Users\hasibul shaikh\Documents\Car_Color_Detection_AI\data\raw\archive (6)\train\yellow\b4dec96e00.jpg,yellow,14
c:\Users\hasibul shaikh\Documents\Car_Color_Detection_AI\data\raw\archive (6)\train\pink\bdfa57b936.jpg,pink,8
c:\Users\hasibul shaikh\Documents\Car_Color_Detection_AI\data\raw\archive (6)\val\grey\202f3cb84d.jpg,grey,6
c:\Users\hasibul shaikh\Documents\Car_Color_Detection_AI\data\raw\archive (6)\train\white\7b8aecf4c9.jpg,white,13
c:\Users\hasibul shaikh\Documents\Car_Color_Detection_AI\data\raw\archive (6)\train\orange\06ed1571e3.jpg,orange,7
c:\Users\hasibul shaikh\Documents\Car_Color_Detection_AI\data\raw\archive (6)\train\blue\39e92137c2.jpg,blue,2
c:\Users\hasibul shaikh\Documents\Car_Color_Detection_AI\data\raw\archive (6)\test\pink\f5b1d34cda.jpg,pink,8
c:\Users\hasibul shaikh\Documents\Car_Color_Detection_AI\data\raw\archive (6)\train\orange\b26fabf4e3.jpg,orange,7
c:\Users\hasibul shaikh\Documents\Car_Color_Detection_AI\data\raw\archive (6)\train\red\ad9e605534.jpg,red,10
c:\Users\hasibul shaikh\Documents\Car_Color_Detection_AI\data\raw\archive (6)\train\purple\01b7ebbb18.jpg,purple,9
c:\Users\hasibul shaikh\Documents\Car_Color_Detection_AI\data\raw\archive (6)\test\purple\251fb0df48.jpg,purple,9
c:\Users\hasibul shaikh\Documents\Car_Color_Detection_AI\data\raw\archive (6)\test\green\0174bfb8dd.jpg,green,5
c:\Users\hasibul shaikh\Documents\Car_Color_Detection_AI\data\raw\archive (6)\train\red\3316be24a9.jpg,red,10
c:\Users\hasibul shaikh\Documents\Car_Color_Detection_AI\data\raw\archive (6)\train\pink\fd91591fc8.jpg,pink,8
c:\Users\hasibul shaikh\Documents\Car_Color_Detection_AI\data\raw\archive (6)\train\red\1067546285.jpg,red,10
c:\Users\hasibul shaikh\Documents\Car_Color_Detection_AI\data\raw\archive (6)\test\yellow\0c2de6cd26.jpg,yellow,14
c:\Users\hasibul shaikh\Documents\Car_Color_Detection_AI\data\raw\archive (6)\test\grey\9d27c9a8c1.jpg,grey,6
c:\Users\hasibul shaikh\Documents\Car_Color_Detection_AI\data\raw\archive (6)\test\orange\3e4b4949e4.jpg,orange,7
c:\Users\hasibul shaikh\Documents\Car_Color_Detection_AI\data\raw\archive (6)\train\silver\dc3ed5826d.jpg,silver,11
c:\Users\hasibul shaikh\Documents\Car_Color_Detection_AI\data\raw\archive (6)\val\black\6a1dffb14f.jpg,black,1
c:\Users\hasibul shaikh\Documents\Car_Color_Detection_AI\data\raw\archive (6)\train\brown\c984349faf.jpg,brown,3
c:\Users\hasibul shaikh\Documents\Car_Color_Detection_AI\data\raw\archive (6)\train\green\698148c0ff.jpg,green,5
c:\Users\hasibul shaikh\Documents\Car_Color_Detection_AI\data\raw\archive (6)\test\orange\8cf70e42c0.jpg,orange,7
c:\Users\hasibul shaikh\Documents\Car_Color_Detection_AI\data\raw\archive (6)\test\tan\d51ba96bc3.jpg,tan,12
c:\Users\hasibul shaikh\Documents\Car_Color_Detection_AI\data\raw\archive (6)\train\silver\5549d16fee.jpg,silver,11
c:\Users\hasibul shaikh\Documents\Car_Color_Detection_AI\data\raw\archive (6)\train\brown\10f0477b41.jpg,brown,3
c:\Users\hasibul shaikh\Documents\Car_Color_Detection_AI\data\raw\archive (6)\train\tan\f10aa4e6d0.jpg,tan,12
c:\Users\hasibul shaikh\Documents\Car_Color_Detection_AI\data\raw\archive (6)\val\brown\f89bf5d955.jpg,brown,3
c:\Users\hasibul shaikh\Documents\Car_Color_Detection_AI\data\raw\archive (6)\val\pink\1816740e9a.jpg,pink,8
c:\Users\hasibul shaikh\Documents\Car_Color_Detection_AI\data\raw\archive (6)\train\black\aa183440c3.jpg,black,1
c:\Users\hasibul shaikh\Documents\Car_Color_Detection_AI\data\raw\archive (6)\train\pink\d14a665397.jpg,pink,8
c:\Users\hasibul shaikh\Documents\Car_Color_Detection_AI\data\raw\archive (6)\train\blue\6dca59d967.jpg,blue,2
c:\Users\hasibul shaikh\Documents\Car_Color_Detection_AI\data\raw\archive (6)\train\red\956d10e030.jpg,red,10
c:\Users\hasibul shaikh\Documents\Car_Color_Detection_AI\data\raw\archive (6)\train\grey\f2fd9ca27f.jpg,grey,6
c:\Users\hasibul shaikh\Documents\Car_Color_Detection_AI\data\raw\archive (6)\train\brown\fa9af873a1.jpg,brown,3
c:\Users\hasibul shaikh\Documents\Car_Color_Detection_AI\data\raw\archive (6)\train\black\efaf9b00a4.jpg,black,1
c:\Users\hasibul shaikh\Documents\Car_Color_Detection_AI\data\raw\archive (6)\train\tan\ccb246f476.jpg,tan,12
c:\Users\hasibul shaikh\Documents\Car_Color_Detection_AI\data\raw\archive (6)\train\purple\86f9dd038c.jpg,purple,9
c:\Users\hasibul shaikh\Documents\Car_Color_Detection_AI\data\raw\archive (6)\train\orange\17de9f920f.jpg,orange,7
c:\Users\hasibul shaikh\Documents\Car_Color_Detection_AI\data\raw\archive (6)\train\green\d42b71cc26.jpg,green,5
c:\Users\hasibul shaikh\Documents\Car_Color_Detection_AI\data\raw\archive (6)\train\gold\84fbfc3ba7.jpg,gold,4
c:\Users\hasibul shaikh\Documents\Car_Color_Detection_AI\data\raw\archive (6)\train\purple\6ed5fdefb5.jpg,purple,9
c:\Users\hasibul shaikh\Documents\Car_Color_Detection_AI\data\raw\archive (6)\val\orange\b54ff11580.jpg,orange,7
c:\Users\hasibul shaikh\Documents\Car_Color_Detection_AI\data\raw\archive (6)\train\silver\bd3396f08b.jpg,silver,11
c:\Users\hasibul shaikh\Documents\Car_Color_Detection_AI\data\raw\archive (6)\test\white\3eb077024b.jpg,white,13
c:\Users\hasibul shaikh\Documents\Car_Color_Detection_AI\data\raw\archive (6)\train\silver\4c324005aa.jpg,silver,11
c:\Users\hasibul shaikh\Documents\Car_Color_Detection_AI\data\raw\archive (6)\train\pink\54d5fbfcea.jpg,pink,8
c:\Users\hasibul shaikh\Documents\Car_Color_Detection_AI\data\raw\archive (6)\val\red\7d75ea4318.jpg,red,10
c:\Users\hasibul shaikh\Documents\Car_Color_Detection_AI\data\raw\archive (6)\val\beige\1042c82e13.jpg,beige,0
c:\Users\hasibul shaikh\Documents\Car_Color_Detection_AI\data\raw\archive (6)\train\orange\613a9444ff.jpg,orange,7
c:\Users\hasibul shaikh\Documents\Car_Color_Detection_AI\data\raw\archive (6)\train\yellow\4a1acd6408.jpg,yellow,14
c:\Users\hasibul shaikh\Documents\Car_Color_Detection_AI\data\raw\archive (6)\train\black\6baac9477c.jpg,black,1
c:\Users\hasibul shaikh\Documents\Car_Color_Detection_AI\data\raw\archive (6)\train\black\d088085edd.jpg,black,1
c:\Users\hasibul shaikh\Documents\Car_Color_Detection_AI\data\raw\archive (6)\train\pink\f0971bc145.jpg,pink,8
c:\Users\hasibul shaikh\Documents\Car_Color_Detection_AI\data\raw\archive (6)\val\green\e7e65d63f6.jpg,green,5
c:\Users\hasibul shaikh\Documents\Car_Color_Detection_AI\data\raw\archive (6)\train\blue\987e5f79c0.jpg,blue,2
c:\Users\hasibul shaikh\Documents\Car_Color_Detection_AI\data\raw\archive (6)\val\white\a688507a63.jpg,white,13
c:\Users\hasibul shaikh\Documents\Car_Color_Detection_AI\data\raw\archive (6)\train\tan\355e01238b.jpg,tan,12
c:\Users\hasibul shaikh\Documents\Car_Color_Detection_AI\data\raw\archive (6)\train\purple\027c191b3e.jpg,purple,9
c:\Users\hasibul shaikh\Documents\Car_Color_Detection_AI\data\raw\archive (6)\val\green\26cb316711.jpg,green,5
c:\Users\hasibul shaikh\Documents\Car_Color_Detection_AI\data\raw\archive (6)\test\orange\25581274d5.jpg,orange,7
c:\Users\hasibul shaikh\Documents\Car_Color_Detection_AI\data\raw\archive (6)\test\green\7b12becb2c.jpg,green,5
c:\Users\hasibul shaikh\Documents\Car_Color_Detection_AI\data\raw\archive (6)\train\beige\6134541815.jpg,beige,0
c:\Users\hasibul shaikh\Documents\Car_Color_Detection_AI\data\raw\archive (6)\val\gold\dd43cb1f0d.jpg,gold,4
c:\Users\hasibul shaikh\Documents\Car_Color_Detection_AI\data\raw\archive (6)\val\black\fcdc2a73c5.jpg,black,1
c:\Users\hasibul shaikh\Documents\Car_Color_Detection_AI\data\raw\archive (6)\train\grey\be74a943df.jpg,grey,6
c:\Users\hasibul shaikh\Documents\Car_Color_Detection_AI\data\raw\archive (6)\train\black\bec2771905.jpg,black,1
c:\Users\hasibul shaikh\Documents\Car_Color_Detection_AI\data\raw\archive (6)\train\blue\8169de8f9b.jpg,blue,2
c:\Users\hasibul shaikh\Documents\Car_Color_Detection_AI\data\raw\archive (6)\train\white\301866d93c.jpg,white,13
c:\Users\hasibul shaikh\Documents\Car_Color_Detection_AI\data\raw\archive (6)\train\pink\522e29f4f0.jpg,pink,8
c:\Users\hasibul shaikh\Documents\Car_Color_Detection_AI\data\raw\archive (6)\val\purple\5f388b797f.jpg,purple,9
c:\Users\hasibul shaikh\Documents\Car_Color_Detection_AI\data\raw\archive (6)\val\green\775cbadfcf.jpg,green,5
c:\Users\hasibul shaikh\Documents\Car_Color_Detection_AI\data\raw\archive (6)\train\white\791c262bf1.jpg,white,13
c:\Users\hasibul shaikh\Documents\Car_Color_Detection_AI\data\raw\archive (6)\test\red\485a638a93.jpg,red,10
c:\Users\hasibul shaikh\Documents\Car_Color_Detection_AI\data\raw\archive (6)\test\brown\378a5f4fd6.jpg,brown,3
c:\Users\hasibul shaikh\Documents\Car_Color_Detection_AI\data\raw\archive (6)\val\black\a23314586c.jpg,black,1
c:\Users\hasibul shaikh\Documents\Car_Color_Detection_AI\data\raw\archive (6)\train\purple\7942e82384.jpg,purple,9
c:\Users\hasibul shaikh\Documents\Car_Color_Detection_AI\data\raw\archive (6)\train\blue\d09225fc3d.jpg,blue,2
c:\Users\hasibul shaikh\Documents\Car_Color_Detection_AI\data\raw\archive (6)\train\green\83aa6d30e4.jpg,green,5
c:\Users\hasibul shaikh\Documents\Car_Color_Detection_AI\data\raw\archive (6)\train\white\13bea5ab0b.jpg,white,13
c:\Users\hasibul shaikh\Documents\Car_Color_Detection_AI\data\raw\archive (6)\train\green\be15168bf8.jpg,green,5
c:\Users\hasibul shaikh\Documents\Car_Color_Detection_AI\data\raw\archive (6)\val\grey\2870dbf1e7.jpg,grey,6
c:\Users\hasibul shaikh\Documents\Car_Color_Detection_AI\data\raw\archive (6)\train\black\bad72577bc.jpg,black,1
c:\Users\hasibul shaikh\Documents\Car_Color_Detection_AI\data\raw\archive (6)\val\purple\ac2fcf0e5e.jpg,purple,9
c:\Users\hasibul shaikh\Documents\Car_Color_Detection_AI\data\raw\archive (6)\train\black\a9af6673f6.jpg,black,1
c:\Users\hasibul shaikh\Documents\Car_Color_Detection_AI\data\raw\archive (6)\train\red\6b721e4500.jpg,red,10
c:\Users\hasibul shaikh\Documents\Car_Color_Detection_AI\data\raw\archive (6)\val\orange\986b3605fa.jpg,orange,7
c:\Users\hasibul shaikh\Documents\Car_Color_Detection_AI\data\raw\archive (6)\train\silver\4578c3e307.jpg,silver,11
c:\Users\hasibul shaikh\Documents\Car_Color_Detection_AI\data\raw\archive (6)\train\yellow\b177db664b.jpg,yellow,14
c:\Users\hasibul shaikh\Documents\Car_Color_Detection_AI\data\raw\archive (6)\train\red\615ed8fd74.jpg,red,10
c:\Users\hasibul shaikh\Documents\Car_Color_Detection_AI\data\raw\archive (6)\train\pink\587355904e.jpg,pink,8
c:\Users\hasibul shaikh\Documents\Car_Color_Detection_AI\data\raw\archive (6)\train\blue\ad4fa6adc7.jpg,blue,2
c:\Users\hasibul shaikh\Documents\Car_Color_Detection_AI\data\raw\archive (6)\train\black\ab739d1b50.jpg,black,1
c:\Users\hasibul shaikh\Documents\Car_Color_Detection_AI\data\raw\archive (6)\train\white\c8599574fc.jpg,white,13
c:\Users\hasibul shaikh\Documents\Car_Color_Detection_AI\data\raw\archive (6)\train\yellow\e1bc27d481.jpg,yellow,14
c:\Users\hasibul shaikh\Documents\Car_Color_Detection_AI\data\raw\archive (6)\train\purple\8ba63fb916.jpg,purple,9
c:\Users\hasibul shaikh\Documents\Car_Color_Detection_AI\data\raw\archive (6)\train\beige\733ab4d83c.jpg,beige,0
c:\Users\hasibul shaikh\Documents\Car_Color_Detection_AI\data\raw\archive (6)\train\black\9eaa79f668.jpg,black,1
c:\Users\hasibul shaikh\Documents\Car_Color_Detection_AI\data\raw\archive (6)\train\gold\a089521cfc.jpg,gold,4
c:\Users\hasibul shaikh\Documents\Car_Color_Detection_AI\data\raw\archive (6)\train\brown\7a6cce7ea6.jpg,brown,3
c:\Users\hasibul shaikh\Documents\Car_Color_Detection_AI\data\raw\archive (6)\train\red\cf43a2ec1f.jpg,red,10
c:\Users\hasibul shaikh\Documents\Car_Color_Detection_AI\data\raw\archive (6)\train\blue\f038861120.jpg,blue,2
c:\Users\hasibul shaikh\Documents\Car_Color_Detection_AI\data\raw\archive (6)\train\silver\fc5cc5d42b.jpg,silver,11
c:\Users\hasibul shaikh\Documents\Car_Color_Detection_AI\data\raw\archive (6)\train\blue\51b3b94883.jpg,blue,2
c:\Users\hasibul shaikh\Documents\Car_Color_Detection_AI\data\raw\archive (6)\train\gold\593d0b2f37.jpg,gold,4
c:\Users\hasibul shaikh\Documents\Car_Color_Detection_AI\data\raw\archive (6)\train\red\6c147805c8.jpg,red,10
c:\Users\hasibul shaikh\Documents\Car_Color_Detection_AI\data\raw\archive (6)\train\brown\0d221f7f96.jpg,brown,3
c:\Users\hasibul shaikh\Documents\Car_Color_Detection_AI\data\raw\archive (6)\train\orange\e8005c8ac5.jpg,orange,7
c:\Users\hasibul shaikh\Documents\Car_Color_Detection_AI\data\raw\archive (6)\train\black\3a95eb6d00.jpg,black,1
c:\Users\hasibul shaikh\Documents\Car_Color_Detection_AI\data\raw\archive (6)\train\pink\4c46f28c6e.jpg,pink,8
c:\Users\hasibul shaikh\Documents\Car_Color_Detection_AI\data\raw\archive (6)\train\blue\25748ed44e.jpg,blue,2
c:\Users\hasibul shaikh\Documents\Car_Color_Detection_AI\data\raw\archive (6)\train\blue\ac3962bc29.jpg,blue,2
c:\Users\hasibul shaikh\Documents\Car_Color_Detection_AI\data\raw\archive (6)\train\purple\f036b95a0b.jpg,purple,9
c:\Users\hasibul shaikh\Documents\Car_Color_Detection_AI\data\raw\archive (6)\train\beige\e5b3baf43c.jpg,beige,0
c:\Users\hasibul shaikh\Documents\Car_Color_Detection_AI\data\raw\archive (6)\train\blue\3a2d40a553.jpg,blue,2
c:\Users\hasibul shaikh\Documents\Car_Color_Detection_AI\data\raw\archive (6)\train\brown\d566463a4e.jpg,brown,3
c:\Users\hasibul shaikh\Documents\Car_Color_Detection_AI\data\raw\archive (6)\train\yellow\ce846e9ebe.jpg,yellow,14
c:\Users\hasibul shaikh\Documents\Car_Color_Detection_AI\data\raw\archive (6)\train\beige\45f6f885ab.jpg,beige,0
c:\Users\hasibul shaikh\Documents\Car_Color_Detection_AI\data\raw\archive (6)\train\black\51792330aa.jpg,black,1
c:\Users\hasibul shaikh\Documents\Car_Color_Detection_AI\data\raw\archive (6)\train\blue\17459c0a8c.jpg,blue,2
c:\Users\hasibul shaikh\Documents\Car_Color_Detection_AI\data\raw\archive (6)\train\red\d5b0dedda0.jpg,red,10
c:\Users\hasibul shaikh\Documents\Car_Color_Detection_AI\data\raw\archive (6)\val\tan\91baab760c.jpg,tan,12
c:\Users\hasibul shaikh\Documents\Car_Color_Detection_AI\data\raw\archive (6)\train\black\b5336e86f1.jpg,black,1
c:\Users\hasibul shaikh\Documents\Car_Color_Detection_AI\data\raw\archive (6)\train\orange\6c8a5a0a84.jpg,orange,7
c:\Users\hasibul shaikh\Documents\Car_Color_Detection_AI\data\raw\archive (6)\train\beige\c5d5ac5290.jpg,beige,0
c:\Users\hasibul shaikh\Documents\Car_Color_Detection_AI\data\raw\archive (6)\val\yellow\eefeaec666.jpg,yellow,14
c:\Users\hasibul shaikh\Documents\Car_Color_Detection_AI\data\raw\archive (6)\val\silver\0aca9bb6fb.jpg,silver,11
c:\Users\hasibul shaikh\Documents\Car_Color_Detection_AI\data\raw\archive (6)\val\tan\eb307c0da8.jpg,tan,12
c:\Users\hasibul shaikh\Documents\Car_Color_Detection_AI\data\raw\archive (6)\train\purple\aa4ba55bc9.jpg,purple,9
c:\Users\hasibul shaikh\Documents\Car_Color_Detection_AI\data\raw\archive (6)\train\blue\3342517ea7.jpg,blue,2
c:\Users\hasibul shaikh\Documents\Car_Color_Detection_AI\data\raw\archive (6)\val\orange\333955b088.jpg,orange,7
c:\Users\hasibul shaikh\Documents\Car_Color_Detection_AI\data\raw\archive (6)\train\grey\704009373a.jpg,grey,6
c:\Users\hasibul shaikh\Documents\Car_Color_Detection_AI\data\raw\archive (6)\train\purple\61020609ac.jpg,purple,9
c:\Users\hasibul shaikh\Documents\Car_Color_Detection_AI\data\raw\archive (6)\train\gold\38b7f8202b.jpg,gold,4
c:\Users\hasibul shaikh\Documents\Car_Color_Detection_AI\data\raw\archive (6)\train\orange\980428d9f3.jpg,orange,7
c:\Users\hasibul shaikh\Documents\Car_Color_Detection_AI\data\raw\archive (6)\train\black\0d18e83c2a.jpg,black,1
c:\Users\hasibul shaikh\Documents\Car_Color_Detection_AI\data\raw\archive (6)\val\white\3783755b89.jpg,white,13
c:\Users\hasibul shaikh\Documents\Car_Color_Detection_AI\data\raw\archive (6)\train\orange\d828962de0.jpg,orange,7
c:\Users\hasibul shaikh\Documents\Car_Color_Detection_AI\data\raw\archive (6)\test\purple\f58ad8d2f9.jpg,purple,9
c:\Users\hasibul shaikh\Documents\Car_Color_Detection_AI\data\raw\archive (6)\train\green\302837666b.jpg,green,5
c:\Users\hasibul shaikh\Documents\Car_Color_Detection_AI\data\raw\archive (6)\train\purple\31da6a0e1f.jpg,purple,9
c:\Users\hasibul shaikh\Documents\Car_Color_Detection_AI\data\raw\archive (6)\test\brown\4c039ed6b0.jpg,brown,3
c:\Users\hasibul shaikh\Documents\Car_Color_Detection_AI\data\raw\archive (6)\train\brown\2c3d0e9147.jpg,brown,3
c:\Users\hasibul shaikh\Documents\Car_Color_Detection_AI\data\raw\archive (6)\train\blue\1caf0e660d.jpg,blue,2
c:\Users\hasibul shaikh\Documents\Car_Color_Detection_AI\data\raw\archive (6)\train\purple\10bcf96bc2.jpg,purple,9
c:\Users\hasibul shaikh\Documents\Car_Color_Detection_AI\data\raw\archive (6)\train\silver\c2d18af036.jpg,silver,11
c:\Users\hasibul shaikh\Documents\Car_Color_Detection_AI\data\raw\archive (6)\train\red\976a01bc0c.jpg,red,10
c:\Users\hasibul shaikh\Documents\Car_Color_Detection_AI\data\raw\archive (6)\train\green\3cdddf2e9e.jpg,green,5
c:\Users\hasibul shaikh\Documents\Car_Color_Detection_AI\data\raw\archive (6)\val\green\33544ac29b.jpg,green,5
c:\Users\hasibul shaikh\Documents\Car_Color_Detection_AI\data\raw\archive (6)\test\tan\a6aa1cb3b8.jpg,tan,12
c:\Users\hasibul shaikh\Documents\Car_Color_Detection_AI\data\raw\archive (6)\test\blue\a904a0e1f0.jpg,blue,2
c:\Users\hasibul shaikh\Documents\Car_Color_Detection_AI\data\raw\archive (6)\train\tan\bb8d7fc30d.jpg,tan,12
c:\Users\hasibul shaikh\Documents\Car_Color_Detection_AI\data\raw\archive (6)\test\pink\d7a0eec990.jpg,pink,8
c:\Users\hasibul shaikh\Documents\Car_Color_Detection_AI\data\raw\archive (6)\train\blue\cab760d1aa.jpg,blue,2
c:\Users\hasibul shaikh\Documents\Car_Color_Detection_AI\data\raw\archive (6)\train\red\220b9ba339.jpg,red,10
c:\Users\hasibul shaikh\Documents\Car_Color_Detection_AI\data\raw\archive (6)\train\orange\4bbc68a40b.jpg,orange,7
c:\Users\hasibul shaikh\Documents\Car_Color_Detection_AI\data\raw\archive (6)\train\red\ed5f6eeebb.jpg,red,10
c:\Users\hasibul shaikh\Documents\Car_Color_Detection_AI\data\raw\archive (6)\train\tan\064c2308d6.jpg,tan,12
c:\Users\hasibul shaikh\Documents\Car_Color_Detection_AI\data\raw\archive (6)\train\tan\6fc5939e74.jpg,tan,12
c:\Users\hasibul shaikh\Documents\Car_Color_Detection_AI\data\raw\archive (6)\train\orange\c85696d04a.jpg,orange,7
c:\Users\hasibul shaikh\Documents\Car_Color_Detection_AI\data\raw\archive (6)\train\pink\96f7d09333.jpg,pink,8
c:\Users\hasibul shaikh\Documents\Car_Color_Detection_AI\data\raw\archive (6)\train\brown\b52b66c120.jpg,brown,3
c:\Users\hasibul shaikh\Documents\Car_Color_Detection_AI\data\raw\archive (6)\val\red\1ecf1f592e.jpg,red,10
c:\Users\hasibul shaikh\Documents\Car_Color_Detection_AI\data\raw\archive (6)\train\beige\92d3d4983a.jpg,beige,0
c:\Users\hasibul shaikh\Documents\Car_Color_Detection_AI\data\raw\archive (6)\val\gold\baa43dd620.jpg,gold,4
c:\Users\hasibul shaikh\Documents\Car_Color_Detection_AI\data\raw\archive (6)\train\tan\7ea3c13bdf.jpg,tan,12
c:\Users\hasibul shaikh\Documents\Car_Color_Detection_AI\data\raw\archive (6)\test\yellow\64f6130b51.jpg,yellow,14
c:\Users\hasibul shaikh\Documents\Car_Color_Detection_AI\data\raw\archive (6)\train\purple\3012d74a5b.jpg,purple,9
c:\Users\hasibul shaikh\Documents\Car_Color_Detection_AI\data\raw\archive (6)\train\orange\b720c5e623.jpg,orange,7
c:\Users\hasibul shaikh\Documents\Car_Color_Detection_AI\data\raw\archive (6)\train\purple\55b667cfc7.jpg,purple,9
c:\Users\hasibul shaikh\Documents\Car_Color_Detection_AI\data\raw\archive (6)\val\red\858ee02283.jpg,red,10
c:\Users\hasibul shaikh\Documents\Car_Color_Detection_AI\data\raw\archive (6)\val\green\8f00dbf86a.jpg,green,5
c:\Users\hasibul shaikh\Documents\Car_Color_Detection_AI\data\raw\archive (6)\train\red\9a7748137f.jpg,red,10
c:\Users\hasibul shaikh\Documents\Car_Color_Detection_AI\data\raw\archive (6)\train\orange\3a704568db.jpg,orange,7
c:\Users\hasibul shaikh\Documents\Car_Color_Detection_AI\data\raw\archive (6)\train\black\6c079b3c8e.jpg,black,1
c:\Users\hasibul shaikh\Documents\Car_Color_Detection_AI\data\raw\archive (6)\train\grey\080253aec1.jpg,grey,6
c:\Users\hasibul shaikh\Documents\Car_Color_Detection_AI\data\raw\archive (6)\train\orange\bf3338124b.jpg,orange,7
c:\Users\hasibul shaikh\Documents\Car_Color_Detection_AI\data\raw\archive (6)\train\red\45481dea70.jpg,red,10
c:\Users\hasibul shaikh\Documents\Car_Color_Detection_AI\data\raw\archive (6)\train\gold\d68ed9e2b5.jpg,gold,4
c:\Users\hasibul shaikh\Documents\Car_Color_Detection_AI\data\raw\archive (6)\train\silver\0e9effa2a0.jpg,silver,11
c:\Users\hasibul shaikh\Documents\Car_Color_Detection_AI\data\raw\archive (6)\val\gold\353630f86d.jpg,gold,4
c:\Users\hasibul shaikh\Documents\Car_Color_Detection_AI\data\raw\archive (6)\train\brown\00677113a3.jpg,brown,3
c:\Users\hasibul shaikh\Documents\Car_Color_Detection_AI\data\raw\archive (6)\train\purple\d6d1519f63.jpg,purple,9
c:\Users\hasibul shaikh\Documents\Car_Color_Detection_AI\data\raw\archive (6)\train\black\5b40c1e1f5.jpg,black,1
c:\Users\hasibul shaikh\Documents\Car_Color_Detection_AI\data\raw\archive (6)\train\green\bd5690a067.jpg,green,5
c:\Users\hasibul shaikh\Documents\Car_Color_Detection_AI\data\raw\archive (6)\train\red\046175f079.jpg,red,10
c:\Users\hasibul shaikh\Documents\Car_Color_Detection_AI\data\raw\archive (6)\test\black\3d12223e07.jpg,black,1
c:\Users\hasibul shaikh\Documents\Car_Color_Detection_AI\data\raw\archive (6)\train\black\921155a8ee.jpg,black,1
c:\Users\hasibul shaikh\Documents\Car_Color_Detection_AI\data\raw\archive (6)\train\red\2b6744e6be.jpg,red,10
c:\Users\hasibul shaikh\Documents\Car_Color_Detection_AI\data\raw\archive (6)\train\brown\89e80f076c.jpg,brown,3
c:\Users\hasibul shaikh\Documents\Car_Color_Detection_AI\data\raw\archive (6)\train\orange\9908391cda.jpg,orange,7
c:\Users\hasibul shaikh\Documents\Car_Color_Detection_AI\data\raw\archive (6)\val\yellow\43f3939f9b.jpg,yellow,14
c:\Users\hasibul shaikh\Documents\Car_Color_Detection_AI\data\raw\archive (6)\test\white\431ab251bd.jpg,white,13
c:\Users\hasibul shaikh\Documents\Car_Color_Detection_AI\data\raw\archive (6)\test\grey\39c608abb4.jpg,grey,6
c:\Users\hasibul shaikh\Documents\Car_Color_Detection_AI\data\raw\archive (6)\test\orange\d1a1776912.jpg,orange,7
c:\Users\hasibul shaikh\Documents\Car_Color_Detection_AI\data\raw\archive (6)\train\green\e312e1c071.jpg,green,5
c:\Users\hasibul shaikh\Documents\Car_Color_Detection_AI\data\raw\archive (6)\test\green\72bc845603.jpg,green,5
c:\Users\hasibul shaikh\Documents\Car_Color_Detection_AI\data\raw\archive (6)\val\orange\e51e420b1f.jpg,orange,7
c:\Users\hasibul shaikh\Documents\Car_Color_Detection_AI\data\raw\archive (6)\val\orange\dd7c2dc546.jpg,orange,7
c:\Users\hasibul shaikh\Documents\Car_Color_Detection_AI\data\raw\archive (6)\val\green\d70e336211.jpg,green,5
c:\Users\hasibul shaikh\Documents\Car_Color_Detection_AI\data\raw\archive (6)\train\brown\59969ae1c8.jpg,brown,3
c:\Users\hasibul shaikh\Documents\Car_Color_Detection_AI\data\raw\archive (6)\train\blue\99672f4370.jpg,blue,2
c:\Users\hasibul shaikh\Documents\Car_Color_Detection_AI\data\raw\archive (6)\train\blue\f00a1afd2f.jpg,blue,2
c:\Users\hasibul shaikh\Documents\Car_Color_Detection_AI\data\raw\archive (6)\train\yellow\3575e1f6bb.jpg,yellow,14
c:\Users\hasibul shaikh\Documents\Car_Color_Detection_AI\data\raw\archive (6)\train\silver\8b23600858.jpg,silver,11
c:\Users\hasibul shaikh\Documents\Car_Color_Detection_AI\data\raw\archive (6)\val\green\06cfb18d30 - Copy.jpg,green,5
c:\Users\hasibul shaikh\Documents\Car_Color_Detection_AI\data\raw\archive (6)\train\black\64b3724df6.jpg,black,1
c:\Users\hasibul shaikh\Documents\Car_Color_Detection_AI\data\raw\archive (6)\train\purple\9493fd264c.jpg,purple,9
c:\Users\hasibul shaikh\Documents\Car_Color_Detection_AI\data\raw\archive (6)\val\gold\b493842be8.jpg,gold,4
c:\Users\hasibul shaikh\Documents\Car_Color_Detection_AI\data\raw\archive (6)\val\black\09631025bd.jpg,black,1
c:\Users\hasibul shaikh\Documents\Car_Color_Detection_AI\data\raw\archive (6)\train\yellow\6e8561063f.jpg,yellow,14
c:\Users\hasibul shaikh\Documents\Car_Color_Detection_AI\data\raw\archive (6)\test\pink\4e1a1b3ece.jpg,pink,8
c:\Users\hasibul shaikh\Documents\Car_Color_Detection_AI\data\raw\archive (6)\test\tan\96c421777a.jpg,tan,12
c:\Users\hasibul shaikh\Documents\Car_Color_Detection_AI\data\raw\archive (6)\train\purple\f8307d72b5.jpg,purple,9
c:\Users\hasibul shaikh\Documents\Car_Color_Detection_AI\data\raw\archive (6)\val\grey\6bcbeec4da.jpg,grey,6
c:\Users\hasibul shaikh\Documents\Car_Color_Detection_AI\data\raw\archive (6)\train\blue\0db160b67b.jpg,blue,2
c:\Users\hasibul shaikh\Documents\Car_Color_Detection_AI\data\raw\archive (6)\test\pink\75a9ea0e1d.jpg,pink,8
c:\Users\hasibul shaikh\Documents\Car_Color_Detection_AI\data\raw\archive (6)\train\brown\84922c9ebd.jpg,brown,3
c:\Users\hasibul shaikh\Documents\Car_Color_Detection_AI\data\raw\archive (6)\train\pink\f14430fcfb.jpg,pink,8
c:\Users\hasibul shaikh\Documents\Car_Color_Detection_AI\data\raw\archive (6)\val\green\b3d182009c.jpg,green,5
c:\Users\hasibul shaikh\Documents\Car_Color_Detection_AI\data\raw\archive (6)\train\orange\3fcc69089a.jpg,orange,7
c:\Users\hasibul shaikh\Documents\Car_Color_Detection_AI\data\raw\archive (6)\val\brown\1691f47707.jpg,brown,3
c:\Users\hasibul shaikh\Documents\Car_Color_Detection_AI\data\raw\archive (6)\train\purple\7cfa77e996.jpg,purple,9
c:\Users\hasibul shaikh\Documents\Car_Color_Detection_AI\data\raw\archive (6)\test\red\776841630b.jpg,red,10
c:\Users\hasibul shaikh\Documents\Car_Color_Detection_AI\data\raw\archive (6)\train\blue\2e284ce369.jpg,blue,2
c:\Users\hasibul shaikh\Documents\Car_Color_Detection_AI\data\raw\archive (6)\train\blue\c81cb7cb81.jpg,blue,2
c:\Users\hasibul shaikh\Documents\Car_Color_Detection_AI\data\raw\archive (6)\train\brown\20efe9407a.jpg,brown,3
c:\Users\hasibul shaikh\Documents\Car_Color_Detection_AI\data\raw\archive (6)\test\pink\cf9c1f132f.jpg,pink,8
c:\Users\hasibul shaikh\Documents\Car_Color_Detection_AI\data\raw\archive (6)\train\silver\6f5ab38235.jpg,silver,11
c:\Users\hasibul shaikh\Documents\Car_Color_Detection_AI\data\raw\archive (6)\train\red\91b054fac2.jpg,red,10
c:\Users\hasibul shaikh\Documents\Car_Color_Detection_AI\data\raw\archive (6)\test\red\63d195a819.jpg,red,10
c:\Users\hasibul shaikh\Documents\Car_Color_Detection_AI\data\raw\archive (6)\test\grey\323d1e3cb3.jpg,grey,6
c:\Users\hasibul shaikh\Documents\Car_Color_Detection_AI\data\raw\archive (6)\test\black\877dcb4c1f.jpg,black,1
c:\Users\hasibul shaikh\Documents\Car_Color_Detection_AI\data\raw\archive (6)\train\brown\c235fad175.jpg,brown,3
c:\Users\hasibul shaikh\Documents\Car_Color_Detection_AI\data\raw\archive (6)\train\green\f3d47b1528.jpg,green,5
c:\Users\hasibul shaikh\Documents\Car_Color_Detection_AI\data\raw\archive (6)\train\tan\d1c5312477.jpg,tan,12
c:\Users\hasibul shaikh\Documents\Car_Color_Detection_AI\data\raw\archive (6)\train\pink\de641b557d.jpg,pink,8
c:\Users\hasibul shaikh\Documents\Car_Color_Detection_AI\data\raw\archive (6)\train\tan\c514191bc9.jpg,tan,12
c:\Users\hasibul shaikh\Documents\Car_Color_Detection_AI\data\raw\archive (6)\train\white\78bd8f1dee.jpg,white,13
c:\Users\hasibul shaikh\Documents\Car_Color_Detection_AI\data\raw\archive (6)\val\green\df72b5981e.jpg,green,5
c:\Users\hasibul shaikh\Documents\Car_Color_Detection_AI\data\raw\archive (6)\val\brown\8edb8ef76e.jpg,brown,3
c:\Users\hasibul shaikh\Documents\Car_Color_Detection_AI\data\raw\archive (6)\train\yellow\c9e35e6001.jpg,yellow,14
c:\Users\hasibul shaikh\Documents\Car_Color_Detection_AI\data\raw\archive (6)\test\beige\0c3bb456ee.jpg,beige,0
c:\Users\hasibul shaikh\Documents\Car_Color_Detection_AI\data\raw\archive (6)\test\silver\179c1b078c.jpg,silver,11
c:\Users\hasibul shaikh\Documents\Car_Color_Detection_AI\data\raw\archive (6)\train\gold\570af7bec0.jpg,gold,4
c:\Users\hasibul shaikh\Documents\Car_Color_Detection_AI\data\raw\archive (6)\test\black\59cff7717f.jpg,black,1
c:\Users\hasibul shaikh\Documents\Car_Color_Detection_AI\data\raw\archive (6)\train\blue\9366f7b351.jpg,blue,2
c:\Users\hasibul shaikh\Documents\Car_Color_Detection_AI\data\raw\archive (6)\train\orange\725888ea81.jpg,orange,7
c:\Users\hasibul shaikh\Documents\Car_Color_Detection_AI\data\raw\archive (6)\train\beige\5a55d9be15.jpg,beige,0
c:\Users\hasibul shaikh\Documents\Car_Color_Detection_AI\data\raw\archive (6)\train\red\ae61ef8fe1.jpg,red,10
c:\Users\hasibul shaikh\Documents\Car_Color_Detection_AI\data\raw\archive (6)\train\blue\de5d3da23c.jpg,blue,2
c:\Users\hasibul shaikh\Documents\Car_Color_Detection_AI\data\raw\archive (6)\train\red\0d98f6d8b4.jpg,red,10
c:\Users\hasibul shaikh\Documents\Car_Color_Detection_AI\data\raw\archive (6)\train\orange\88d31ae5df.jpg,orange,7
c:\Users\hasibul shaikh\Documents\Car_Color_Detection_AI\data\raw\archive (6)\train\brown\8f9e7c0c49.jpg,brown,3
c:\Users\hasibul shaikh\Documents\Car_Color_Detection_AI\data\raw\archive (6)\val\yellow\df2c7eca1e.jpg,yellow,14
c:\Users\hasibul shaikh\Documents\Car_Color_Detection_AI\data\raw\archive (6)\val\blue\e3717ac119.jpg,blue,2
c:\Users\hasibul shaikh\Documents\Car_Color_Detection_AI\data\raw\archive (6)\train\red\ca24f8c554.jpg,red,10
c:\Users\hasibul shaikh\Documents\Car_Color_Detection_AI\data\raw\archive (6)\train\blue\3d0bb3b758.jpg,blue,2
c:\Users\hasibul shaikh\Documents\Car_Color_Detection_AI\data\raw\archive (6)\train\black\c607f4ddcc.jpg,black,1
c:\Users\hasibul shaikh\Documents\Car_Color_Detection_AI\data\raw\archive (6)\train\black\bf5fda74ff.jpg,black,1
c:\Users\hasibul shaikh\Documents\Car_Color_Detection_AI\data\raw\archive (6)\val\black\8c3b8726c3.jpg,black,1
c:\Users\hasibul shaikh\Documents\Car_Color_Detection_AI\data\raw\archive (6)\train\beige\c341bc33a9.jpg,beige,0
c:\Users\hasibul shaikh\Documents\Car_Color_Detection_AI\data\raw\archive (6)\train\orange\a8512139a7.jpg,orange,7
c:\Users\hasibul shaikh\Documents\Car_Color_Detection_AI\data\raw\archive (6)\train\gold\7ff3b42675.jpg,gold,4
c:\Users\hasibul shaikh\Documents\Car_Color_Detection_AI\data\raw\archive (6)\train\white\e96a6366a0.jpg,white,13
c:\Users\hasibul shaikh\Documents\Car_Color_Detection_AI\data\raw\archive (6)\test\tan\e6a0abdbf1.jpg,tan,12
c:\Users\hasibul shaikh\Documents\Car_Color_Detection_AI\data\raw\archive (6)\val\orange\d26830f4ba.jpg,orange,7
c:\Users\hasibul shaikh\Documents\Car_Color_Detection_AI\data\raw\archive (6)\train\red\f6a0ebfae0.jpg,red,10
c:\Users\hasibul shaikh\Documents\Car_Color_Detection_AI\data\raw\archive (6)\train\tan\99d2ed89da.jpg,tan,12
c:\Users\hasibul shaikh\Documents\Car_Color_Detection_AI\data\raw\archive (6)\val\purple\052d6a9b0d.jpg,purple,9
c:\Users\hasibul shaikh\Documents\Car_Color_Detection_AI\data\raw\archive (6)\train\black\03e58e36d0.jpg,black,1
c:\Users\hasibul shaikh\Documents\Car_Color_Detection_AI\data\raw\archive (6)\train\beige\5f7cabd435.jpg,beige,0
c:\Users\hasibul shaikh\Documents\Car_Color_Detection_AI\data\raw\archive (6)\val\brown\a8c5d01aa6.jpg,brown,3
c:\Users\hasibul shaikh\Documents\Car_Color_Detection_AI\data\raw\archive (6)\train\green\683584316b.jpg,green,5
c:\Users\hasibul shaikh\Documents\Car_Color_Detection_AI\data\raw\archive (6)\train\brown\7e8cc2b0f5.jpg,brown,3
c:\Users\hasibul shaikh\Documents\Car_Color_Detection_AI\data\raw\archive (6)\train\gold\b4ace1e191.jpg,gold,4
c:\Users\hasibul shaikh\Documents\Car_Color_Detection_AI\data\raw\archive (6)\train\purple\c726ccb8a1.jpg,purple,9
c:\Users\hasibul shaikh\Documents\Car_Color_Detection_AI\data\raw\archive (6)\train\gold\daba12885b.jpg,gold,4
c:\Users\hasibul shaikh\Documents\Car_Color_Detection_AI\data\raw\archive (6)\train\purple\3d3d76a60f.jpg,purple,9
c:\Users\hasibul shaikh\Documents\Car_Color_Detection_AI\data\raw\archive (6)\train\blue\4cbaf8b8de.jpg,blue,2
c:\Users\hasibul shaikh\Documents\Car_Color_Detection_AI\data\raw\archive (6)\train\yellow\f7e2eaac96.jpg,yellow,14
c:\Users\hasibul shaikh\Documents\Car_Color_Detection_AI\data\raw\archive (6)\train\gold\1ed2f1ff7f.jpg,gold,4
c:\Users\hasibul shaikh\Documents\Car_Color_Detection_AI\data\raw\archive (6)\train\black\9d909935d9.jpg,black,1
c:\Users\hasibul shaikh\Documents\Car_Color_Detection_AI\data\raw\archive (6)\train\purple\2419f3eb02.jpg,purple,9
c:\Users\hasibul shaikh\Documents\Car_Color_Detection_AI\data\raw\archive (6)\train\grey\d1bce2709a.jpg,grey,6
c:\Users\hasibul shaikh\Documents\Car_Color_Detection_AI\data\raw\archive (6)\val\pink\d5b58e76a7.jpg,pink,8
c:\Users\hasibul shaikh\Documents\Car_Color_Detection_AI\data\raw\archive (6)\val\white\47008ddac6.jpg,white,13
c:\Users\hasibul shaikh\Documents\Car_Color_Detection_AI\data\raw\archive (6)\train\yellow\1ea4b68979.jpg,yellow,14
c:\Users\hasibul shaikh\Documents\Car_Color_Detection_AI\data\raw\archive (6)\train\orange\5cb437da13.jpg,orange,7
c:\Users\hasibul shaikh\Documents\Car_Color_Detection_AI\data\raw\archive (6)\train\black\94acd2334a.jpg,black,1
c:\Users\hasibul shaikh\Documents\Car_Color_Detection_AI\data\raw\archive (6)\val\yellow\8f883ebdde.jpg,yellow,14
c:\Users\hasibul shaikh\Documents\Car_Color_Detection_AI\data\raw\archive (6)\test\beige\459c84291d.jpg,beige,0
c:\Users\hasibul shaikh\Documents\Car_Color_Detection_AI\data\raw\archive (6)\train\white\92969c3feb.jpg,white,13
c:\Users\hasibul shaikh\Documents\Car_Color_Detection_AI\data\raw\archive (6)\train\blue\4402977e47.jpg,blue,2
c:\Users\hasibul shaikh\Documents\Car_Color_Detection_AI\data\raw\archive (6)\val\beige\ad1f6f710e.jpg,beige,0
c:\Users\hasibul shaikh\Documents\Car_Color_Detection_AI\data\raw\archive (6)\train\blue\b2942a61dd.jpg,blue,2
c:\Users\hasibul shaikh\Documents\Car_Color_Detection_AI\data\raw\archive (6)\train\purple\ac35fde221.jpg,purple,9
c:\Users\hasibul shaikh\Documents\Car_Color_Detection_AI\data\raw\archive (6)\train\black\d3ea0ce01f.jpg,black,1
c:\Users\hasibul shaikh\Documents\Car_Color_Detection_AI\data\raw\archive (6)\test\pink\abc8c083fb.jpg,pink,8
c:\Users\hasibul shaikh\Documents\Car_Color_Detection_AI\data\raw\archive (6)\train\purple\3001bf8503.jpg,purple,9
c:\Users\hasibul shaikh\Documents\Car_Color_Detection_AI\data\raw\archive (6)\val\red\404574f9d0.jpg,red,10
c:\Users\hasibul shaikh\Documents\Car_Color_Detection_AI\data\raw\archive (6)\train\red\c2a3f9368a.jpg,red,10
c:\Users\hasibul shaikh\Documents\Car_Color_Detection_AI\data\raw\archive (6)\test\red\86249767a2.jpg,red,10
c:\Users\hasibul shaikh\Documents\Car_Color_Detection_AI\data\raw\archive (6)\train\brown\7a974cad49.jpg,brown,3
c:\Users\hasibul shaikh\Documents\Car_Color_Detection_AI\data\raw\archive (6)\train\purple\d9bd483f3d.jpg,purple,9
c:\Users\hasibul shaikh\Documents\Car_Color_Detection_AI\data\raw\archive (6)\train\brown\16d0c8caea.jpg,brown,3
c:\Users\hasibul shaikh\Documents\Car_Color_Detection_AI\data\raw\archive (6)\val\blue\5652b66ec8.jpg,blue,2
c:\Users\hasibul shaikh\Documents\Car_Color_Detection_AI\data\raw\archive (6)\train\orange\e6c8c2eb92.jpg,orange,7
c:\Users\hasibul shaikh\Documents\Car_Color_Detection_AI\data\raw\archive (6)\train\pink\d4f7a4d412.jpg,pink,8
c:\Users\hasibul shaikh\Documents\Car_Color_Detection_AI\data\raw\archive (6)\test\orange\f29a45e118.jpg,orange,7
c:\Users\hasibul shaikh\Documents\Car_Color_Detection_AI\data\raw\archive (6)\test\red\ac2012d1c0.jpg,red,10
c:\Users\hasibul shaikh\Documents\Car_Color_Detection_AI\data\raw\archive (6)\train\brown\58484d9eba.jpg,brown,3
c:\Users\hasibul shaikh\Documents\Car_Color_Detection_AI\data\raw\archive (6)\test\purple\fa5929e8e3.jpg,purple,9
c:\Users\hasibul shaikh\Documents\Car_Color_Detection_AI\data\raw\archive (6)\train\grey\2aa587bdb2.jpg,grey,6
c:\Users\hasibul shaikh\Documents\Car_Color_Detection_AI\data\raw\archive (6)\test\tan\7050807aaa.jpg,tan,12
c:\Users\hasibul shaikh\Documents\Car_Color_Detection_AI\data\raw\archive (6)\train\black\709be08d6a.jpg,black,1
c:\Users\hasibul shaikh\Documents\Car_Color_Detection_AI\data\raw\archive (6)\train\blue\bda4e43d2e.jpg,blue,2
c:\Users\hasibul shaikh\Documents\Car_Color_Detection_AI\data\raw\archive (6)\train\white\40c450591e.jpg,white,13
c:\Users\hasibul shaikh\Documents\Car_Color_Detection_AI\data\raw\archive (6)\train\brown\d995da8885.jpg,brown,3
c:\Users\hasibul shaikh\Documents\Car_Color_Detection_AI\data\raw\archive (6)\train\brown\180f847fa4.jpg,brown,3
c:\Users\hasibul shaikh\Documents\Car_Color_Detection_AI\data\raw\archive (6)\train\green\a3f5776361.jpg,green,5
c:\Users\hasibul shaikh\Documents\Car_Color_Detection_AI\data\raw\archive (6)\train\purple\7eb1f2d877.jpg,purple,9
c:\Users\hasibul shaikh\Documents\Car_Color_Detection_AI\data\raw\archive (6)\train\beige\393b823b37.jpg,beige,0
c:\Users\hasibul shaikh\Documents\Car_Color_Detection_AI\data\raw\archive (6)\train\orange\5f8a7937f8.jpg,orange,7
c:\Users\hasibul shaikh\Documents\Car_Color_Detection_AI\data\raw\archive (6)\train\brown\52926c45c1.jpg,brown,3
c:\Users\hasibul shaikh\Documents\Car_Color_Detection_AI\data\raw\archive (6)\train\beige\159adde4ab.jpg,beige,0
c:\Users\hasibul shaikh\Documents\Car_Color_Detection_AI\data\raw\archive (6)\train\brown\78c4aa7451.jpg,brown,3
c:\Users\hasibul shaikh\Documents\Car_Color_Detection_AI\data\raw\archive (6)\train\beige\36ef97c147.jpg,beige,0
c:\Users\hasibul shaikh\Documents\Car_Color_Detection_AI\data\raw\archive (6)\test\red\440e0f19bf.jpg,red,10
c:\Users\hasibul shaikh\Documents\Car_Color_Detection_AI\data\raw\archive (6)\train\grey\b3540d0591.jpg,grey,6
c:\Users\hasibul shaikh\Documents\Car_Color_Detection_AI\data\raw\archive (6)\train\green\92ef2d7422.jpg,green,5
c:\Users\hasibul shaikh\Documents\Car_Color_Detection_AI\data\raw\archive (6)\train\green\47612b6ea5.jpg,green,5
c:\Users\hasibul shaikh\Documents\Car_Color_Detection_AI\data\raw\archive (6)\val\grey\5218ef7834.jpg,grey,6
c:\Users\hasibul shaikh\Documents\Car_Color_Detection_AI\data\raw\archive (6)\test\pink\00caa0c07c.jpg,pink,8
c:\Users\hasibul shaikh\Documents\Car_Color_Detection_AI\data\raw\archive (6)\val\red\870c8692d1.jpg,red,10
c:\Users\hasibul shaikh\Documents\Car_Color_Detection_AI\data\raw\archive (6)\train\green\23d7fc40a0.jpg,green,5
c:\Users\hasibul shaikh\Documents\Car_Color_Detection_AI\data\raw\archive (6)\train\silver\7d520b9e50.jpg,silver,11
c:\Users\hasibul shaikh\Documents\Car_Color_Detection_AI\data\raw\archive (6)\val\blue\7d155ec4eb.jpg,blue,2
c:\Users\hasibul shaikh\Documents\Car_Color_Detection_AI\data\raw\archive (6)\val\blue\fc5fa61aee.jpg,blue,2
c:\Users\hasibul shaikh\Documents\Car_Color_Detection_AI\data\raw\archive (6)\val\green\ace5dbf7ad.jpg,green,5
c:\Users\hasibul shaikh\Documents\Car_Color_Detection_AI\data\raw\archive (6)\train\blue\a0213ec4f1.jpg,blue,2
c:\Users\hasibul shaikh\Documents\Car_Color_Detection_AI\data\raw\archive (6)\val\green\aa8fa3645b.jpg,green,5
c:\Users\hasibul shaikh\Documents\Car_Color_Detection_AI\data\raw\archive (6)\val\blue\9da1b8257f.jpg,blue,2
c:\Users\hasibul shaikh\Documents\Car_Color_Detection_AI\data\raw\archive (6)\val\grey\c65b93b15b.jpg,grey,6
c:\Users\hasibul shaikh\Documents\Car_Color_Detection_AI\data\raw\archive (6)\test\brown\8f12807e5d.jpg,brown,3
c:\Users\hasibul shaikh\Documents\Car_Color_Detection_AI\data\raw\archive (6)\train\brown\f54fe5009d.jpg,brown,3
c:\Users\hasibul shaikh\Documents\Car_Color_Detection_AI\data\raw\archive (6)\val\white\95b9c7e842.jpg,white,13
c:\Users\hasibul shaikh\Documents\Car_Color_Detection_AI\data\raw\archive (6)\train\pink\99dd814df9.jpg,pink,8
c:\Users\hasibul shaikh\Documents\Car_Color_Detection_AI\data\raw\archive (6)\train\blue\463f14ee5b.jpg,blue,2
c:\Users\hasibul shaikh\Documents\Car_Color_Detection_AI\data\raw\archive (6)\train\yellow\a6682eaaa1.jpg,yellow,14
c:\Users\hasibul shaikh\Documents\Car_Color_Detection_AI\data\raw\archive (6)\train\grey\3808d5492d.jpg,grey,6
c:\Users\hasibul shaikh\Documents\Car_Color_Detection_AI\data\raw\archive (6)\train\grey\449edc482e.jpg,grey,6
c:\Users\hasibul shaikh\Documents\Car_Color_Detection_AI\data\raw\archive (6)\train\orange\9869839d4e.jpg,orange,7
c:\Users\hasibul shaikh\Documents\Car_Color_Detection_AI\data\raw\archive (6)\train\yellow\325d939166.jpg,yellow,14
c:\Users\hasibul shaikh\Documents\Car_Color_Detection_AI\data\raw\archive (6)\train\blue\3b9de748f1.jpg,blue,2
c:\Users\hasibul shaikh\Documents\Car_Color_Detection_AI\data\raw\archive (6)\train\brown\ace7ca09e3.jpg,brown,3
c:\Users\hasibul shaikh\Documents\Car_Color_Detection_AI\data\raw\archive (6)\train\silver\be5b8a2389.jpg,silver,11
c:\Users\hasibul shaikh\Documents\Car_Color_Detection_AI\data\raw\archive (6)\train\silver\56659c8c6b.jpg,silver,11
c:\Users\hasibul shaikh\Documents\Car_Color_Detection_AI\data\raw\archive (6)\train\grey\806af3fe93.jpg,grey,6
c:\Users\hasibul shaikh\Documents\Car_Color_Detection_AI\data\raw\archive (6)\train\white\a72952efe0.jpg,white,13
c:\Users\hasibul shaikh\Documents\Car_Color_Detection_AI\data\raw\archive (6)\train\tan\afc61ecb07.jpg,tan,12
c:\Users\hasibul shaikh\Documents\Car_Color_Detection_AI\data\raw\archive (6)\train\pink\380cb5b317.jpg,pink,8
c:\Users\hasibul shaikh\Documents\Car_Color_Detection_AI\data\raw\archive (6)\val\yellow\5961e0c5be.jpg,yellow,14
c:\Users\hasibul shaikh\Documents\Car_Color_Detection_AI\data\raw\archive (6)\train\gold\43efe7d7a9.jpg,gold,4
c:\Users\hasibul shaikh\Documents\Car_Color_Detection_AI\data\raw\archive (6)\train\brown\65bfd3171a.jpg,brown,3
c:\Users\hasibul shaikh\Documents\Car_Color_Detection_AI\data\raw\archive (6)\train\tan\8656d03734.jpg,tan,12
c:\Users\hasibul shaikh\Documents\Car_Color_Detection_AI\data\raw\archive (6)\test\gold\1d3adfb778.jpg,gold,4
c:\Users\hasibul shaikh\Documents\Car_Color_Detection_AI\data\raw\archive (6)\train\yellow\ae1a23cbd9.jpg,yellow,14
c:\Users\hasibul shaikh\Documents\Car_Color_Detection_AI\data\raw\archive (6)\train\green\7b5d089b20.jpg,green,5
c:\Users\hasibul shaikh\Documents\Car_Color_Detection_AI\data\raw\archive (6)\train\black\1394456e83.jpg,black,1
c:\Users\hasibul shaikh\Documents\Car_Color_Detection_AI\data\raw\archive (6)\val\purple\5b18052d6f.jpg,purple,9
c:\Users\hasibul shaikh\Documents\Car_Color_Detection_AI\data\raw\archive (6)\train\white\0fd1dfa4de.jpg,white,13
c:\Users\hasibul shaikh\Documents\Car_Color_Detection_AI\data\raw\archive (6)\train\orange\e6bbd5bd7c.jpg,orange,7
c:\Users\hasibul shaikh\Documents\Car_Color_Detection_AI\data\raw\archive (6)\val\brown\50845e0dd0.jpg,brown,3
c:\Users\hasibul shaikh\Documents\Car_Color_Detection_AI\data\raw\archive (6)\test\tan\1a12cc36a9.jpg,tan,12
c:\Users\hasibul shaikh\Documents\Car_Color_Detection_AI\data\raw\archive (6)\train\grey\ab05edb3ca.jpg,grey,6
c:\Users\hasibul shaikh\Documents\Car_Color_Detection_AI\data\raw\archive (6)\train\tan\1c508704cc.jpg,tan,12
c:\Users\hasibul shaikh\Documents\Car_Color_Detection_AI\data\raw\archive (6)\train\grey\ed1b54a216.jpg,grey,6
c:\Users\hasibul shaikh\Documents\Car_Color_Detection_AI\data\raw\archive (6)\train\orange\d6ade34921.jpg,orange,7
c:\Users\hasibul shaikh\Documents\Car_Color_Detection_AI\data\raw\archive (6)\train\tan\089b070aaf.jpg,tan,12
c:\Users\hasibul shaikh\Documents\Car_Color_Detection_AI\data\raw\archive (6)\train\pink\8f07079254.jpg,pink,8
c:\Users\hasibul shaikh\Documents\Car_Color_Detection_AI\data\raw\archive (6)\val\blue\2ab341e810.jpg,blue,2
c:\Users\hasibul shaikh\Documents\Car_Color_Detection_AI\data\raw\archive (6)\train\pink\b13d40b32c.jpg,pink,8
c:\Users\hasibul shaikh\Documents\Car_Color_Detection_AI\data\raw\archive (6)\train\silver\4c1e13d54f.jpg,silver,11
c:\Users\hasibul shaikh\Documents\Car_Color_Detection_AI\data\raw\archive (6)\train\gold\d39db22582.jpg,gold,4
c:\Users\hasibul shaikh\Documents\Car_Color_Detection_AI\data\raw\archive (6)\val\blue\1cd929dd79.jpg,blue,2
c:\Users\hasibul shaikh\Documents\Car_Color_Detection_AI\data\raw\archive (6)\val\purple\c7b6583978.jpg,purple,9
c:\Users\hasibul shaikh\Documents\Car_Color_Detection_AI\data\raw\archive (6)\train\beige\afacb3f85c.jpg,beige,0
c:\Users\hasibul shaikh\Documents\Car_Color_Detection_AI\data\raw\archive (6)\train\blue\c648e1186b.jpg,blue,2
c:\Users\hasibul shaikh\Documents\Car_Color_Detection_AI\data\raw\archive (6)\train\orange\6f49c97704.jpg,orange,7
c:\Users\hasibul shaikh\Documents\Car_Color_Detection_AI\data\raw\archive (6)\val\green\0d51178de4.jpg,green,5
c:\Users\hasibul shaikh\Documents\Car_Color_Detection_AI\data\raw\archive (6)\train\pink\2a320ebd46.jpg,pink,8
c:\Users\hasibul shaikh\Documents\Car_Color_Detection_AI\data\raw\archive (6)\train\silver\e069a063b6.jpg,silver,11
c:\Users\hasibul shaikh\Documents\Car_Color_Detection_AI\data\raw\archive (6)\train\green\763c9e5d99.jpg,green,5
c:\Users\hasibul shaikh\Documents\Car_Color_Detection_AI\data\raw\archive (6)\train\brown\d18b601c1f.jpg,brown,3
c:\Users\hasibul shaikh\Documents\Car_Color_Detection_AI\data\raw\archive (6)\train\tan\2735e945f5.jpg,tan,12
c:\Users\hasibul shaikh\Documents\Car_Color_Detection_AI\data\raw\archive (6)\test\blue\d161857ffd.jpg,blue,2
c:\Users\hasibul shaikh\Documents\Car_Color_Detection_AI\data\raw\archive (6)\train\black\0f15e11fd8.jpg,black,1
c:\Users\hasibul shaikh\Documents\Car_Color_Detection_AI\data\raw\archive (6)\train\silver\636a3338b5.jpg,silver,11
c:\Users\hasibul shaikh\Documents\Car_Color_Detection_AI\data\raw\archive (6)\train\silver\33f9780b38.jpg,silver,11
c:\Users\hasibul shaikh\Documents\Car_Color_Detection_AI\data\raw\archive (6)\test\white\b9d60c95fe.jpg,white,13
c:\Users\hasibul shaikh\Documents\Car_Color_Detection_AI\data\raw\archive (6)\train\gold\a52b2e40e0.jpg,gold,4
c:\Users\hasibul shaikh\Documents\Car_Color_Detection_AI\data\raw\archive (6)\train\silver\7124cd0b8e.jpg,silver,11
c:\Users\hasibul shaikh\Documents\Car_Color_Detection_AI\data\raw\archive (6)\test\white\f58990a3f1.jpg,white,13
c:\Users\hasibul shaikh\Documents\Car_Color_Detection_AI\data\raw\archive (6)\train\pink\2351e71e8b.jpg,pink,8
c:\Users\hasibul shaikh\Documents\Car_Color_Detection_AI\data\raw\archive (6)\train\black\e2dc575f2a.jpg,black,1
c:\Users\hasibul shaikh\Documents\Car_Color_Detection_AI\data\raw\archive (6)\train\yellow\0632974cad.jpg,yellow,14
c:\Users\hasibul shaikh\Documents\Car_Color_Detection_AI\data\raw\archive (6)\train\blue\2f451eca2c.jpg,blue,2
c:\Users\hasibul shaikh\Documents\Car_Color_Detection_AI\data\raw\archive (6)\train\green\c9add05ed4.jpg,green,5
c:\Users\hasibul shaikh\Documents\Car_Color_Detection_AI\data\raw\archive (6)\train\purple\6b4d2e7db3.jpg,purple,9
c:\Users\hasibul shaikh\Documents\Car_Color_Detection_AI\data\raw\archive (6)\train\yellow\0987065867.jpg,yellow,14
c:\Users\hasibul shaikh\Documents\Car_Color_Detection_AI\data\raw\archive (6)\test\brown\01d115453d.jpg,brown,3
c:\Users\hasibul shaikh\Documents\Car_Color_Detection_AI\data\raw\archive (6)\train\red\753b0dacf7.jpg,red,10
c:\Users\hasibul shaikh\Documents\Car_Color_Detection_AI\data\raw\archive (6)\val\white\6a2d783842.jpg,white,13
c:\Users\hasibul shaikh\Documents\Car_Color_Detection_AI\data\raw\archive (6)\test\brown\b2c431e214.jpg,brown,3
c:\Users\hasibul shaikh\Documents\Car_Color_Detection_AI\data\raw\archive (6)\val\yellow\4d08e86d11.jpg,yellow,14
c:\Users\hasibul shaikh\Documents\Car_Color_Detection_AI\data\raw\archive (6)\train\purple\7bcde94205.jpg,purple,9
c:\Users\hasibul shaikh\Documents\Car_Color_Detection_AI\data\raw\archive (6)\train\beige\c98aac3a77.jpg,beige,0
c:\Users\hasibul shaikh\Documents\Car_Color_Detection_AI\data\raw\archive (6)\train\blue\55fa4834d5.jpg,blue,2
c:\Users\hasibul shaikh\Documents\Car_Color_Detection_AI\data\raw\archive (6)\train\silver\111a295a55.jpg,silver,11
c:\Users\hasibul shaikh\Documents\Car_Color_Detection_AI\data\raw\archive (6)\train\red\f73ba37214.jpg,red,10
c:\Users\hasibul shaikh\Documents\Car_Color_Detection_AI\data\raw\archive (6)\test\white\e8907b4b77.jpg,white,13
c:\Users\hasibul shaikh\Documents\Car_Color_Detection_AI\data\raw\archive (6)\train\gold\5a91566dfc.jpg,gold,4
c:\Users\hasibul shaikh\Documents\Car_Color_Detection_AI\data\raw\archive (6)\train\blue\ada7629c31.jpg,blue,2
c:\Users\hasibul shaikh\Documents\Car_Color_Detection_AI\data\raw\archive (6)\val\pink\99b5d2db00.jpg,pink,8
c:\Users\hasibul shaikh\Documents\Car_Color_Detection_AI\data\raw\archive (6)\train\purple\85e400a948.jpg,purple,9
c:\Users\hasibul shaikh\Documents\Car_Color_Detection_AI\data\raw\archive (6)\train\blue\28e509be61.jpg,blue,2
c:\Users\hasibul shaikh\Documents\Car_Color_Detection_AI\data\raw\archive (6)\train\green\de0d759f88.jpg,green,5
c:\Users\hasibul shaikh\Documents\Car_Color_Detection_AI\data\raw\archive (6)\train\white\4c1616d6f4.jpg,white,13
c:\Users\hasibul shaikh\Documents\Car_Color_Detection_AI\data\raw\archive (6)\train\black\1cc1fccc39.jpg,black,1
c:\Users\hasibul shaikh\Documents\Car_Color_Detection_AI\data\raw\archive (6)\test\orange\0108fc863a.jpg,orange,7
c:\Users\hasibul shaikh\Documents\Car_Color_Detection_AI\data\raw\archive (6)\val\red\c8586310e5.jpg,red,10
c:\Users\hasibul shaikh\Documents\Car_Color_Detection_AI\data\raw\archive (6)\train\silver\7169f1bd86.jpg,silver,11
c:\Users\hasibul shaikh\Documents\Car_Color_Detection_AI\data\raw\archive (6)\val\gold\3207024d42.jpg,gold,4
c:\Users\hasibul shaikh\Documents\Car_Color_Detection_AI\data\raw\archive (6)\train\pink\4b79e35eb8.jpg,pink,8
c:\Users\hasibul shaikh\Documents\Car_Color_Detection_AI\data\raw\archive (6)\val\grey\34032c105a.jpg,grey,6
c:\Users\hasibul shaikh\Documents\Car_Color_Detection_AI\data\raw\archive (6)\train\green\fcaeb38dcb.jpg,green,5
c:\Users\hasibul shaikh\Documents\Car_Color_Detection_AI\data\raw\archive (6)\train\green\695a51645d.jpg,green,5
c:\Users\hasibul shaikh\Documents\Car_Color_Detection_AI\data\raw\archive (6)\val\yellow\1a4baa25e8.jpg,yellow,14
c:\Users\hasibul shaikh\Documents\Car_Color_Detection_AI\data\raw\archive (6)\train\purple\655a37cec1.jpg,purple,9
c:\Users\hasibul shaikh\Documents\Car_Color_Detection_AI\data\raw\archive (6)\train\red\35407990f3.jpg,red,10
c:\Users\hasibul shaikh\Documents\Car_Color_Detection_AI\data\raw\archive (6)\train\green\4e32ec2237.jpg,green,5
c:\Users\hasibul shaikh\Documents\Car_Color_Detection_AI\data\raw\archive (6)\train\black\2c27164b63.jpg,black,1
c:\Users\hasibul shaikh\Documents\Car_Color_Detection_AI\data\raw\archive (6)\train\blue\a2ecd035b1.jpg,blue,2
c:\Users\hasibul shaikh\Documents\Car_Color_Detection_AI\data\raw\archive (6)\train\brown\dfde6c6249.jpg,brown,3
c:\Users\hasibul shaikh\Documents\Car_Color_Detection_AI\data\raw\archive (6)\test\white\14e13fda21.jpg,white,13
c:\Users\hasibul shaikh\Documents\Car_Color_Detection_AI\data\raw\archive (6)\test\orange\392cc087b7.jpg,orange,7
c:\Users\hasibul shaikh\Documents\Car_Color_Detection_AI\data\raw\archive (6)\train\green\666a85b416.jpg,green,5
c:\Users\hasibul shaikh\Documents\Car_Color_Detection_AI\data\raw\archive (6)\test\tan\dbf3c45a7e.jpg,tan,12
c:\Users\hasibul shaikh\Documents\Car_Color_Detection_AI\data\raw\archive (6)\train\blue\6e84bf6006.jpg,blue,2
c:\Users\hasibul shaikh\Documents\Car_Color_Detection_AI\data\raw\archive (6)\train\black\13ff8983a3.jpg,black,1
c:\Users\hasibul shaikh\Documents\Car_Color_Detection_AI\data\raw\archive (6)\train\blue\872f277b1d.jpg,blue,2
c:\Users\hasibul shaikh\Documents\Car_Color_Detection_AI\data\raw\archive (6)\train\tan\97736af48d.jpg,tan,12
c:\Users\hasibul shaikh\Documents\Car_Color_Detection_AI\data\raw\archive (6)\train\brown\7be87419c9.jpg,brown,3
c:\Users\hasibul shaikh\Documents\Car_Color_Detection_AI\data\raw\archive (6)\train\purple\22577586d4.jpg,purple,9
c:\Users\hasibul shaikh\Documents\Car_Color_Detection_AI\data\raw\archive (6)\train\grey\94454259d3.jpg,grey,6
c:\Users\hasibul shaikh\Documents\Car_Color_Detection_AI\data\raw\archive (6)\train\blue\3f40cd67c5.jpg,blue,2
c:\Users\hasibul shaikh\Documents\Car_Color_Detection_AI\data\raw\archive (6)\train\yellow\eff4a46283.jpg,yellow,14
c:\Users\hasibul shaikh\Documents\Car_Color_Detection_AI\data\raw\archive (6)\train\yellow\e01d8650c1.jpg,yellow,14
c:\Users\hasibul shaikh\Documents\Car_Color_Detection_AI\data\raw\archive (6)\train\purple\6d4768c187.jpg,purple,9
c:\Users\hasibul shaikh\Documents\Car_Color_Detection_AI\data\raw\archive (6)\train\orange\899355771c.jpg,orange,7
c:\Users\hasibul shaikh\Documents\Car_Color_Detection_AI\data\raw\archive (6)\train\brown\21716551a9.jpg,brown,3
c:\Users\hasibul shaikh\Documents\Car_Color_Detection_AI\data\raw\archive (6)\val\yellow\35498ef53c.jpg,yellow,14
c:\Users\hasibul shaikh\Documents\Car_Color_Detection_AI\data\raw\archive (6)\test\pink\c142f81cca.jpg,pink,8
c:\Users\hasibul shaikh\Documents\Car_Color_Detection_AI\data\raw\archive (6)\test\black\36bd3b3e88.jpg,black,1
c:\Users\hasibul shaikh\Documents\Car_Color_Detection_AI\data\raw\archive (6)\train\pink\4166f56ca8.jpg,pink,8
c:\Users\hasibul shaikh\Documents\Car_Color_Detection_AI\data\raw\archive (6)\test\blue\6f138e9672.jpg,blue,2
c:\Users\hasibul shaikh\Documents\Car_Color_Detection_AI\data\raw\archive (6)\train\grey\368e810ec0.jpg,grey,6
c:\Users\hasibul shaikh\Documents\Car_Color_Detection_AI\data\raw\archive (6)\train\silver\dd9c05c70d.jpg,silver,11
c:\Users\hasibul shaikh\Documents\Car_Color_Detection_AI\data\raw\archive (6)\train\orange\a5d9d653d5.jpg,orange,7
c:\Users\hasibul shaikh\Documents\Car_Color_Detection_AI\data\raw\archive (6)\train\red\7604993f1f.jpg,red,10
c:\Users\hasibul shaikh\Documents\Car_Color_Detection_AI\data\raw\archive (6)\train\gold\b8b2bd7536.jpg,gold,4
c:\Users\hasibul shaikh\Documents\Car_Color_Detection_AI\data\raw\archive (6)\val\black\a7f436fa2b.jpg,black,1
c:\Users\hasibul shaikh\Documents\Car_Color_Detection_AI\data\raw\archive (6)\train\grey\75c821f733.jpg,grey,6
c:\Users\hasibul shaikh\Documents\Car_Color_Detection_AI\data\raw\archive (6)\val\gold\c62f5744d8.jpg,gold,4
c:\Users\hasibul shaikh\Documents\Car_Color_Detection_AI\data\raw\archive (6)\train\brown\68e2091194.jpg,brown,3
c:\Users\hasibul shaikh\Documents\Car_Color_Detection_AI\data\raw\archive (6)\train\red\3afedb3a6c.jpg,red,10
c:\Users\hasibul shaikh\Documents\Car_Color_Detection_AI\data\raw\archive (6)\train\yellow\426844dc35.jpg,yellow,14
c:\Users\hasibul shaikh\Documents\Car_Color_Detection_AI\data\raw\archive (6)\train\grey\710a9d2033.jpg,grey,6
c:\Users\hasibul shaikh\Documents\Car_Color_Detection_AI\data\raw\archive (6)\train\yellow\3e0e4b6736.jpg,yellow,14
c:\Users\hasibul shaikh\Documents\Car_Color_Detection_AI\data\raw\archive (6)\train\red\865ddd062c.jpg,red,10
c:\Users\hasibul shaikh\Documents\Car_Color_Detection_AI\data\raw\archive (6)\val\pink\781d1101ed.jpg,pink,8
c:\Users\hasibul shaikh\Documents\Car_Color_Detection_AI\data\raw\archive (6)\train\yellow\8492f6776e.jpg,yellow,14
c:\Users\hasibul shaikh\Documents\Car_Color_Detection_AI\data\raw\archive (6)\train\black\a077726447.jpg,black,1
c:\Users\hasibul shaikh\Documents\Car_Color_Detection_AI\data\raw\archive (6)\train\white\3f272bc543.jpg,white,13
c:\Users\hasibul shaikh\Documents\Car_Color_Detection_AI\data\raw\archive (6)\train\silver\32d762b5e9.jpg,silver,11
c:\Users\hasibul shaikh\Documents\Car_Color_Detection_AI\data\raw\archive (6)\train\red\e0910b4614.jpg,red,10
c:\Users\hasibul shaikh\Documents\Car_Color_Detection_AI\data\raw\archive (6)\val\red\d9a93896e3.jpg,red,10
c:\Users\hasibul shaikh\Documents\Car_Color_Detection_AI\data\raw\archive (6)\train\beige\9374e089b1.jpg,beige,0
c:\Users\hasibul shaikh\Documents\Car_Color_Detection_AI\data\raw\archive (6)\train\yellow\c982494396.jpg,yellow,14
c:\Users\hasibul shaikh\Documents\Car_Color_Detection_AI\data\raw\archive (6)\train\blue\4b3b103f6d.jpg,blue,2
c:\Users\hasibul shaikh\Documents\Car_Color_Detection_AI\data\raw\archive (6)\train\yellow\e3cdac0e22.jpg,yellow,14
c:\Users\hasibul shaikh\Documents\Car_Color_Detection_AI\data\raw\archive (6)\train\brown\25f62062a3.jpg,brown,3
c:\Users\hasibul shaikh\Documents\Car_Color_Detection_AI\data\raw\archive (6)\test\green\474ad00ff9.jpg,green,5
c:\Users\hasibul shaikh\Documents\Car_Color_Detection_AI\data\raw\archive (6)\train\orange\36f03c3510.jpg,orange,7
c:\Users\hasibul shaikh\Documents\Car_Color_Detection_AI\data\raw\archive (6)\train\silver\49b5c2acc8.jpg,silver,11
c:\Users\hasibul shaikh\Documents\Car_Color_Detection_AI\data\raw\archive (6)\train\black\5133837792.jpg,black,1
c:\Users\hasibul shaikh\Documents\Car_Color_Detection_AI\data\raw\archive (6)\train\brown\9d57b77fa4.jpg,brown,3
c:\Users\hasibul shaikh\Documents\Car_Color_Detection_AI\data\raw\archive (6)\train\blue\1b345afc5e.jpg,blue,2
c:\Users\hasibul shaikh\Documents\Car_Color_Detection_AI\data\raw\archive (6)\test\silver\c205be1150.jpg,silver,11
c:\Users\hasibul shaikh\Documents\Car_Color_Detection_AI\data\raw\archive (6)\train\yellow\4eb8b311b5.jpg,yellow,14
c:\Users\hasibul shaikh\Documents\Car_Color_Detection_AI\data\raw\archive (6)\train\red\553eb5173d.jpg,red,10
c:\Users\hasibul shaikh\Documents\Car_Color_Detection_AI\data\raw\archive (6)\train\gold\0babfece7d.jpg,gold,4
c:\Users\hasibul shaikh\Documents\Car_Color_Detection_AI\data\raw\archive (6)\train\blue\1c4d903999.jpg,blue,2
c:\Users\hasibul shaikh\Documents\Car_Color_Detection_AI\data\raw\archive (6)\val\yellow\4b9b00df5e.jpg,yellow,14
c:\Users\hasibul shaikh\Documents\Car_Color_Detection_AI\data\raw\archive (6)\test\purple\047bf072e9.jpg,purple,9
c:\Users\hasibul shaikh\Documents\Car_Color_Detection_AI\data\raw\archive (6)\train\blue\576e0d7652.jpg,blue,2
c:\Users\hasibul shaikh\Documents\Car_Color_Detection_AI\data\raw\archive (6)\train\orange\44d02ad47e.jpg,orange,7
c:\Users\hasibul shaikh\Documents\Car_Color_Detection_AI\data\raw\archive (6)\train\green\49824145cd.jpg,green,5
c:\Users\hasibul shaikh\Documents\Car_Color_Detection_AI\data\raw\archive (6)\train\orange\76fb937486.jpg,orange,7
c:\Users\hasibul shaikh\Documents\Car_Color_Detection_AI\data\raw\archive (6)\train\orange\2b07ed7c08.jpg,orange,7
c:\Users\hasibul shaikh\Documents\Car_Color_Detection_AI\data\raw\archive (6)\train\red\7a9ad6d1c6.jpg,red,10
c:\Users\hasibul shaikh\Documents\Car_Color_Detection_AI\data\raw\archive (6)\train\blue\d92ba64bec.jpg,blue,2
c:\Users\hasibul shaikh\Documents\Car_Color_Detection_AI\data\raw\archive (6)\train\blue\811380b115.jpg,blue,2
c:\Users\hasibul shaikh\Documents\Car_Color_Detection_AI\data\raw\archive (6)\train\grey\94b73c86de.jpg,grey,6
c:\Users\hasibul shaikh\Documents\Car_Color_Detection_AI\data\raw\archive (6)\train\beige\2166421c0a.jpg,beige,0
c:\Users\hasibul shaikh\Documents\Car_Color_Detection_AI\data\raw\archive (6)\train\green\0b8856c0b8.jpg,green,5
c:\Users\hasibul shaikh\Documents\Car_Color_Detection_AI\data\raw\archive (6)\train\orange\3bd8c016b9.jpg,orange,7
c:\Users\hasibul shaikh\Documents\Car_Color_Detection_AI\data\raw\archive (6)\train\green\41e64cbefe.jpg,green,5
c:\Users\hasibul shaikh\Documents\Car_Color_Detection_AI\data\raw\archive (6)\train\purple\9b75b177c5.jpg,purple,9
c:\Users\hasibul shaikh\Documents\Car_Color_Detection_AI\data\raw\archive (6)\train\beige\00ecfeedea.jpg,beige,0
c:\Users\hasibul shaikh\Documents\Car_Color_Detection_AI\data\raw\archive (6)\train\grey\88190999af.jpg,grey,6
c:\Users\hasibul shaikh\Documents\Car_Color_Detection_AI\data\raw\archive (6)\val\red\f906737803.jpg,red,10
c:\Users\hasibul shaikh\Documents\Car_Color_Detection_AI\data\raw\archive (6)\train\white\36bbde0940.jpg,white,13
c:\Users\hasibul shaikh\Documents\Car_Color_Detection_AI\data\raw\archive (6)\train\brown\2f7bf3ddd2.jpg,brown,3
c:\Users\hasibul shaikh\Documents\Car_Color_Detection_AI\data\raw\archive (6)\test\blue\176569b5ec.jpg,blue,2
c:\Users\hasibul shaikh\Documents\Car_Color_Detection_AI\data\raw\archive (6)\val\purple\9a317746eb.jpg,purple,9
c:\Users\hasibul shaikh\Documents\Car_Color_Detection_AI\data\raw\archive (6)\train\blue\f9cc09b0ff.jpg,blue,2
c:\Users\hasibul shaikh\Documents\Car_Color_Detection_AI\data\raw\archive (6)\train\grey\f36218f758.jpg,grey,6
c:\Users\hasibul shaikh\Documents\Car_Color_Detection_AI\data\raw\archive (6)\val\red\d14c86f54e.jpg,red,10
c:\Users\hasibul shaikh\Documents\Car_Color_Detection_AI\data\raw\archive (6)\train\yellow\100a2c9984.jpg,yellow,14
c:\Users\hasibul shaikh\Documents\Car_Color_Detection_AI\data\raw\archive (6)\train\brown\266f7565e6.jpg,brown,3
c:\Users\hasibul shaikh\Documents\Car_Color_Detection_AI\data\raw\archive (6)\train\brown\02c5f59179.jpg,brown,3
c:\Users\hasibul shaikh\Documents\Car_Color_Detection_AI\data\raw\archive (6)\train\grey\471ef4d87b.jpg,grey,6
c:\Users\hasibul shaikh\Documents\Car_Color_Detection_AI\data\raw\archive (6)\train\pink\22c3b9f71d.jpg,pink,8
c:\Users\hasibul shaikh\Documents\Car_Color_Detection_AI\data\raw\archive (6)\train\white\7d27bc2da6.jpg,white,13
c:\Users\hasibul shaikh\Documents\Car_Color_Detection_AI\data\raw\archive (6)\val\red\dbbab10f65.jpg,red,10
c:\Users\hasibul shaikh\Documents\Car_Color_Detection_AI\data\raw\archive (6)\train\beige\ba4786d750.jpg,beige,0
c:\Users\hasibul shaikh\Documents\Car_Color_Detection_AI\data\raw\archive (6)\train\blue\214418d050.jpg,blue,2
c:\Users\hasibul shaikh\Documents\Car_Color_Detection_AI\data\raw\archive (6)\train\beige\28a9d7536f.jpg,beige,0
c:\Users\hasibul shaikh\Documents\Car_Color_Detection_AI\data\raw\archive (6)\train\tan\dda92f4680.jpg,tan,12
c:\Users\hasibul shaikh\Documents\Car_Color_Detection_AI\data\raw\archive (6)\train\blue\45524518a6.jpg,blue,2
c:\Users\hasibul shaikh\Documents\Car_Color_Detection_AI\data\raw\archive (6)\train\red\765bed480e.jpg,red,10
c:\Users\hasibul shaikh\Documents\Car_Color_Detection_AI\data\raw\archive (6)\train\brown\dd50f8f94c.jpg,brown,3
c:\Users\hasibul shaikh\Documents\Car_Color_Detection_AI\data\raw\archive (6)\val\yellow\79a619d53c.jpg,yellow,14
c:\Users\hasibul shaikh\Documents\Car_Color_Detection_AI\data\raw\archive (6)\test\purple\7e7d47baa7.jpg,purple,9
c:\Users\hasibul shaikh\Documents\Car_Color_Detection_AI\data\raw\archive (6)\train\purple\ee15d5874b.jpg,purple,9
c:\Users\hasibul shaikh\Documents\Car_Color_Detection_AI\data\raw\archive (6)\train\purple\f90f97228f.jpg,purple,9
c:\Users\hasibul shaikh\Documents\Car_Color_Detection_AI\data\raw\archive (6)\train\purple\51f98a696e.jpg,purple,9
c:\Users\hasibul shaikh\Documents\Car_Color_Detection_AI\data\raw\archive (6)\train\silver\907fd93f6d.jpg,silver,11
c:\Users\hasibul shaikh\Documents\Car_Color_Detection_AI\data\raw\archive (6)\train\blue\6bf421af30.jpg,blue,2
c:\Users\hasibul shaikh\Documents\Car_Color_Detection_AI\data\raw\archive (6)\test\silver\d07bc0c183.jpg,silver,11
c:\Users\hasibul shaikh\Documents\Car_Color_Detection_AI\data\raw\archive (6)\train\gold\aac98e8180.jpg,gold,4
c:\Users\hasibul shaikh\Documents\Car_Color_Detection_AI\data\raw\archive (6)\train\orange\6c89efd8a0.jpg,orange,7
c:\Users\hasibul shaikh\Documents\Car_Color_Detection_AI\data\raw\archive (6)\val\blue\9ec3aff857.jpg,blue,2
c:\Users\hasibul shaikh\Documents\Car_Color_Detection_AI\data\raw\archive (6)\train\red\0c61ee1ce3.jpg,red,10
c:\Users\hasibul shaikh\Documents\Car_Color_Detection_AI\data\raw\archive (6)\train\orange\382e7fdad4.jpg,orange,7
c:\Users\hasibul shaikh\Documents\Car_Color_Detection_AI\data\raw\archive (6)\train\green\95122f3331.jpg,green,5
c:\Users\hasibul shaikh\Documents\Car_Color_Detection_AI\data\raw\archive (6)\train\brown\4a13cfecd4.jpg,brown,3
c:\Users\hasibul shaikh\Documents\Car_Color_Detection_AI\data\raw\archive (6)\train\brown\aac70d1697.jpg,brown,3
c:\Users\hasibul shaikh\Documents\Car_Color_Detection_AI\data\raw\archive (6)\test\orange\389615abff.jpg,orange,7
c:\Users\hasibul shaikh\Documents\Car_Color_Detection_AI\data\raw\archive (6)\train\yellow\42922eaaff.jpg,yellow,14
c:\Users\hasibul shaikh\Documents\Car_Color_Detection_AI\data\raw\archive (6)\train\beige\2ca505dafa.jpg,beige,0
c:\Users\hasibul shaikh\Documents\Car_Color_Detection_AI\data\raw\archive (6)\train\brown\67bb04e7d3.jpg,brown,3
c:\Users\hasibul shaikh\Documents\Car_Color_Detection_AI\data\raw\archive (6)\val\red\afc11ceaac.jpg,red,10
c:\Users\hasibul shaikh\Documents\Car_Color_Detection_AI\data\raw\archive (6)\val\orange\9a8985bb8d.jpg,orange,7
c:\Users\hasibul shaikh\Documents\Car_Color_Detection_AI\data\raw\archive (6)\train\brown\01be352784.jpg,brown,3
c:\Users\hasibul shaikh\Documents\Car_Color_Detection_AI\data\raw\archive (6)\train\silver\de1c63b78a.jpg,silver,11
c:\Users\hasibul shaikh\Documents\Car_Color_Detection_AI\data\raw\archive (6)\val\white\0f81acd6a1.jpg,white,13
c:\Users\hasibul shaikh\Documents\Car_Color_Detection_AI\data\raw\archive (6)\val\silver\7074c9d191.jpg,silver,11
c:\Users\hasibul shaikh\Documents\Car_Color_Detection_AI\data\raw\archive (6)\train\tan\b026914608.jpg,tan,12
c:\Users\hasibul shaikh\Documents\Car_Color_Detection_AI\data\raw\archive (6)\train\green\c9fd9fd9d6.jpg,green,5
c:\Users\hasibul shaikh\Documents\Car_Color_Detection_AI\data\raw\archive (6)\train\red\522cc258b0.jpg,red,10
c:\Users\hasibul shaikh\Documents\Car_Color_Detection_AI\data\raw\archive (6)\train\brown\525de4d9bf.jpg,brown,3
c:\Users\hasibul shaikh\Documents\Car_Color_Detection_AI\data\raw\archive (6)\train\brown\d6c67caee6.jpg,brown,3
c:\Users\hasibul shaikh\Documents\Car_Color_Detection_AI\data\raw\archive (6)\train\red\ae2f75733d.jpg,red,10
c:\Users\hasibul shaikh\Documents\Car_Color_Detection_AI\data\raw\archive (6)\test\red\b4b87e8e93.jpg,red,10
c:\Users\hasibul shaikh\Documents\Car_Color_Detection_AI\data\raw\archive (6)\test\beige\29f250e3f5.jpg,beige,0
c:\Users\hasibul shaikh\Documents\Car_Color_Detection_AI\data\raw\archive (6)\test\blue\5aa5148f39.jpg,blue,2
c:\Users\hasibul shaikh\Documents\Car_Color_Detection_AI\data\raw\archive (6)\train\green\3b37175339.jpg,green,5
c:\Users\hasibul shaikh\Documents\Car_Color_Detection_AI\data\raw\archive (6)\test\red\2fbb1d46b3.jpg,red,10
c:\Users\hasibul shaikh\Documents\Car_Color_Detection_AI\data\raw\archive (6)\test\tan\a0b12fdab4.jpg,tan,12
c:\Users\hasibul shaikh\Documents\Car_Color_Detection_AI\data\raw\archive (6)\test\grey\08f533775d.jpg,grey,6
c:\Users\hasibul shaikh\Documents\Car_Color_Detection_AI\data\raw\archive (6)\test\black\64590b8167.jpg,black,1
c:\Users\hasibul shaikh\Documents\Car_Color_Detection_AI\data\raw\archive (6)\train\beige\4665a57f83.jpg,beige,0
c:\Users\hasibul shaikh\Documents\Car_Color_Detection_AI\data\raw\archive (6)\train\beige\3dcf24b1c1.jpg,beige,0
c:\Users\hasibul shaikh\Documents\Car_Color_Detection_AI\data\raw\archive (6)\train\green\6a5da28062.jpg,green,5
c:\Users\hasibul shaikh\Documents\Car_Color_Detection_AI\data\raw\archive (6)\val\red\55f4cab5d9.jpg,red,10
c:\Users\hasibul shaikh\Documents\Car_Color_Detection_AI\data\raw\archive (6)\test\tan\68e8ae045f.jpg,tan,12
c:\Users\hasibul shaikh\Documents\Car_Color_Detection_AI\data\raw\archive (6)\train\green\15a61c0b45.jpg,green,5
c:\Users\hasibul shaikh\Documents\Car_Color_Detection_AI\data\raw\archive (6)\train\grey\3cf196dac4.jpg,grey,6
c:\Users\hasibul shaikh\Documents\Car_Color_Detection_AI\data\raw\archive (6)\train\silver\b793714d61.jpg,silver,11
c:\Users\hasibul shaikh\Documents\Car_Color_Detection_AI\data\raw\archive (6)\train\red\46f7d54d49.jpg,red,10
c:\Users\hasibul shaikh\Documents\Car_Color_Detection_AI\data\raw\archive (6)\train\pink\99c670bdeb.jpg,pink,8
c:\Users\hasibul shaikh\Documents\Car_Color_Detection_AI\data\raw\archive (6)\test\red\a57ea3e646.jpg,red,10
c:\Users\hasibul shaikh\Documents\Car_Color_Detection_AI\data\raw\archive (6)\train\red\4475d79bf4.jpg,red,10
c:\Users\hasibul shaikh\Documents\Car_Color_Detection_AI\data\raw\archive (6)\train\green\2cc616f2d0.jpg,green,5
c:\Users\hasibul shaikh\Documents\Car_Color_Detection_AI\data\raw\archive (6)\test\orange\0b538b22be.jpg,orange,7
c:\Users\hasibul shaikh\Documents\Car_Color_Detection_AI\data\raw\archive (6)\train\red\e111113af7.jpg,red,10
c:\Users\hasibul shaikh\Documents\Car_Color_Detection_AI\data\raw\archive (6)\train\gold\6ec1fb83eb.jpg,gold,4
c:\Users\hasibul shaikh\Documents\Car_Color_Detection_AI\data\raw\archive (6)\train\beige\7d02f91930.jpg,beige,0
c:\Users\hasibul shaikh\Documents\Car_Color_Detection_AI\data\raw\archive (6)\test\red\a2159b2471.jpg,red,10
c:\Users\hasibul shaikh\Documents\Car_Color_Detection_AI\data\raw\archive (6)\train\gold\069c1e77fe.jpg,gold,4
c:\Users\hasibul shaikh\Documents\Car_Color_Detection_AI\data\raw\archive (6)\train\tan\c7486a6ced.jpg,tan,12
c:\Users\hasibul shaikh\Documents\Car_Color_Detection_AI\data\raw\archive (6)\train\yellow\43f75b41fd.jpg,yellow,14
c:\Users\hasibul shaikh\Documents\Car_Color_Detection_AI\data\raw\archive (6)\train\beige\715a8939c4.jpg,beige,0
c:\Users\hasibul shaikh\Documents\Car_Color_Detection_AI\data\raw\archive (6)\train\red\b6f3dd6b3d.jpg,red,10
c:\Users\hasibul shaikh\Documents\Car_Color_Detection_AI\data\raw\archive (6)\test\green\9f7a45c8b8.jpg,green,5
c:\Users\hasibul shaikh\Documents\Car_Color_Detection_AI\data\raw\archive (6)\train\brown\aec19280fd.jpg,brown,3
c:\Users\hasibul shaikh\Documents\Car_Color_Detection_AI\data\raw\archive (6)\test\green\1385d23c97.jpg,green,5
c:\Users\hasibul shaikh\Documents\Car_Color_Detection_AI\data\raw\archive (6)\test\beige\429b8a9ea7.jpg,beige,0
c:\Users\hasibul shaikh\Documents\Car_Color_Detection_AI\data\raw\archive (6)\train\white\a3d334f96c.jpg,white,13
c:\Users\hasibul shaikh\Documents\Car_Color_Detection_AI\data\raw\archive (6)\val\pink\144c7c36fc.jpg,pink,8
c:\Users\hasibul shaikh\Documents\Car_Color_Detection_AI\data\raw\archive (6)\train\purple\971e9d8d29.jpg,purple,9
c:\Users\hasibul shaikh\Documents\Car_Color_Detection_AI\data\raw\archive (6)\train\green\e39fa32302.jpg,green,5
c:\Users\hasibul shaikh\Documents\Car_Color_Detection_AI\data\raw\archive (6)\train\purple\106306c2f5.jpg,purple,9
c:\Users\hasibul shaikh\Documents\Car_Color_Detection_AI\data\raw\archive (6)\train\yellow\ae971b8645.jpg,yellow,14
c:\Users\hasibul shaikh\Documents\Car_Color_Detection_AI\data\raw\archive (6)\val\green\da8372b759.jpg,green,5
c:\Users\hasibul shaikh\Documents\Car_Color_Detection_AI\data\raw\archive (6)\train\green\38da1bebb0.jpg,green,5
c:\Users\hasibul shaikh\Documents\Car_Color_Detection_AI\data\raw\archive (6)\val\purple\4f406e94c2.jpg,purple,9
c:\Users\hasibul shaikh\Documents\Car_Color_Detection_AI\data\raw\archive (6)\test\yellow\2313b68014.jpg,yellow,14
c:\Users\hasibul shaikh\Documents\Car_Color_Detection_AI\data\raw\archive (6)\train\white\cba7eb8cee.jpg,white,13
c:\Users\hasibul shaikh\Documents\Car_Color_Detection_AI\data\raw\archive (6)\train\brown\7ef3148605.jpg,brown,3
c:\Users\hasibul shaikh\Documents\Car_Color_Detection_AI\data\raw\archive (6)\test\silver\83a2c404ed.jpg,silver,11
c:\Users\hasibul shaikh\Documents\Car_Color_Detection_AI\data\raw\archive (6)\train\grey\cb55c9112e.jpg,grey,6
c:\Users\hasibul shaikh\Documents\Car_Color_Detection_AI\data\raw\archive (6)\train\silver\c223bc6db0.jpg,silver,11
c:\Users\hasibul shaikh\Documents\Car_Color_Detection_AI\data\raw\archive (6)\train\black\cfefb71aee.jpg,black,1
c:\Users\hasibul shaikh\Documents\Car_Color_Detection_AI\data\raw\archive (6)\train\silver\fad4687fc9.jpg,silver,11
c:\Users\hasibul shaikh\Documents\Car_Color_Detection_AI\data\raw\archive (6)\train\purple\3ef2303aa4.jpg,purple,9
c:\Users\hasibul shaikh\Documents\Car_Color_Detection_AI\data\raw\archive (6)\train\pink\33d1c80325.jpg,pink,8
c:\Users\hasibul shaikh\Documents\Car_Color_Detection_AI\data\raw\archive (6)\train\yellow\32a30e3e23.jpg,yellow,14
c:\Users\hasibul shaikh\Documents\Car_Color_Detection_AI\data\raw\archive (6)\train\purple\7386b74b1c.jpg,purple,9
c:\Users\hasibul shaikh\Documents\Car_Color_Detection_AI\data\raw\archive (6)\val\beige\ccca52b1da.jpg,beige,0
c:\Users\hasibul shaikh\Documents\Car_Color_Detection_AI\data\raw\archive (6)\train\blue\efec834743.jpg,blue,2
c:\Users\hasibul shaikh\Documents\Car_Color_Detection_AI\data\raw\archive (6)\val\green\1b36465369.jpg,green,5
c:\Users\hasibul shaikh\Documents\Car_Color_Detection_AI\data\raw\archive (6)\train\orange\297c071e0e.jpg,orange,7
c:\Users\hasibul shaikh\Documents\Car_Color_Detection_AI\data\raw\archive (6)\train\silver\bddf7f8e6d.jpg,silver,11
c:\Users\hasibul shaikh\Documents\Car_Color_Detection_AI\data\raw\archive (6)\train\blue\7228ff93a6.jpg,blue,2
c:\Users\hasibul shaikh\Documents\Car_Color_Detection_AI\data\raw\archive (6)\train\gold\158dda4f38.jpg,gold,4
c:\Users\hasibul shaikh\Documents\Car_Color_Detection_AI\data\raw\archive (6)\train\beige\a93871b514.jpg,beige,0
c:\Users\hasibul shaikh\Documents\Car_Color_Detection_AI\data\raw\archive (6)\train\brown\894b9ba6b7.jpg,brown,3
c:\Users\hasibul shaikh\Documents\Car_Color_Detection_AI\data\raw\archive (6)\train\black\b4c8c1159c.jpg,black,1
c:\Users\hasibul shaikh\Documents\Car_Color_Detection_AI\data\raw\archive (6)\train\brown\ce006881fb.jpg,brown,3
c:\Users\hasibul shaikh\Documents\Car_Color_Detection_AI\data\raw\archive (6)\train\grey\ebde986383.jpg,grey,6
c:\Users\hasibul shaikh\Documents\Car_Color_Detection_AI\data\raw\archive (6)\train\grey\4788f8f6b6.jpg,grey,6
c:\Users\hasibul shaikh\Documents\Car_Color_Detection_AI\data\raw\archive (6)\train\black\f2410de17e.jpg,black,1
c:\Users\hasibul shaikh\Documents\Car_Color_Detection_AI\data\raw\archive (6)\train\blue\8b7058a1ab.jpg,blue,2
c:\Users\hasibul shaikh\Documents\Car_Color_Detection_AI\data\raw\archive (6)\train\black\d992606869.jpg,black,1
c:\Users\hasibul shaikh\Documents\Car_Color_Detection_AI\data\raw\archive (6)\train\white\4bfd07e24a.jpg,white,13
c:\Users\hasibul shaikh\Documents\Car_Color_Detection_AI\data\raw\archive (6)\test\yellow\c4399b6f7c.jpg,yellow,14
c:\Users\hasibul shaikh\Documents\Car_Color_Detection_AI\data\raw\archive (6)\train\white\77a9ec80dd.jpg,white,13
c:\Users\hasibul shaikh\Documents\Car_Color_Detection_AI\data\raw\archive (6)\val\green\30a5295a03.jpg,green,5
c:\Users\hasibul shaikh\Documents\Car_Color_Detection_AI\data\raw\archive (6)\train\beige\da37f4f709.jpg,beige,0
c:\Users\hasibul shaikh\Documents\Car_Color_Detection_AI\data\raw\archive (6)\val\white\377d1d4942.jpg,white,13
c:\Users\hasibul shaikh\Documents\Car_Color_Detection_AI\data\raw\archive (6)\train\brown\866b0d8935.jpg,brown,3
c:\Users\hasibul shaikh\Documents\Car_Color_Detection_AI\data\raw\archive (6)\train\white\2764940bbf.jpg,white,13
c:\Users\hasibul shaikh\Documents\Car_Color_Detection_AI\data\raw\archive (6)\train\yellow\5897c7be35.jpg,yellow,14
c:\Users\hasibul shaikh\Documents\Car_Color_Detection_AI\data\raw\archive (6)\val\silver\fdc780aee8.jpg,silver,11
c:\Users\hasibul shaikh\Documents\Car_Color_Detection_AI\data\raw\archive (6)\val\green\4e3a952bc0.jpg,green,5
c:\Users\hasibul shaikh\Documents\Car_Color_Detection_AI\data\raw\archive (6)\train\purple\91c3d6cbeb.jpg,purple,9
c:\Users\hasibul shaikh\Documents\Car_Color_Detection_AI\data\raw\archive (6)\val\purple\60e9498274.jpg,purple,9
c:\Users\hasibul shaikh\Documents\Car_Color_Detection_AI\data\raw\archive (6)\train\gold\586ddb09c9.jpg,gold,4
c:\Users\hasibul shaikh\Documents\Car_Color_Detection_AI\data\raw\archive (6)\train\orange\8152c26ba8.jpg,orange,7
c:\Users\hasibul shaikh\Documents\Car_Color_Detection_AI\data\raw\archive (6)\train\green\86f1bc63c1.jpg,green,5
c:\Users\hasibul shaikh\Documents\Car_Color_Detection_AI\data\raw\archive (6)\train\pink\86a876a883.jpg,pink,8
c:\Users\hasibul shaikh\Documents\Car_Color_Detection_AI\data\raw\archive (6)\train\orange\5152409698.jpg,orange,7
c:\Users\hasibul shaikh\Documents\Car_Color_Detection_AI\data\raw\archive (6)\train\brown\13310695bf.jpg,brown,3
c:\Users\hasibul shaikh\Documents\Car_Color_Detection_AI\data\raw\archive (6)\val\pink\17bc209192.jpg,pink,8
c:\Users\hasibul shaikh\Documents\Car_Color_Detection_AI\data\raw\archive (6)\train\black\a0d2c7bdba.jpg,black,1
c:\Users\hasibul shaikh\Documents\Car_Color_Detection_AI\data\raw\archive (6)\val\white\d624f304e6.jpg,white,13
c:\Users\hasibul shaikh\Documents\Car_Color_Detection_AI\data\raw\archive (6)\train\red\4b8b170ecc.jpg,red,10
c:\Users\hasibul shaikh\Documents\Car_Color_Detection_AI\data\raw\archive (6)\val\tan\ba8462c827.jpg,tan,12
c:\Users\hasibul shaikh\Documents\Car_Color_Detection_AI\data\raw\archive (6)\train\purple\a3df80bc45.jpg,purple,9
c:\Users\hasibul shaikh\Documents\Car_Color_Detection_AI\data\raw\archive (6)\train\brown\3f791bed52.jpg,brown,3
c:\Users\hasibul shaikh\Documents\Car_Color_Detection_AI\data\raw\archive (6)\train\grey\62a1c0c843.jpg,grey,6
c:\Users\hasibul shaikh\Documents\Car_Color_Detection_AI\data\raw\archive (6)\train\green\371016a140.jpg,green,5
c:\Users\hasibul shaikh\Documents\Car_Color_Detection_AI\data\raw\archive (6)\train\red\028cd339fc.jpg,red,10
c:\Users\hasibul shaikh\Documents\Car_Color_Detection_AI\data\raw\archive (6)\val\pink\6db5a51f89.jpg,pink,8
c:\Users\hasibul shaikh\Documents\Car_Color_Detection_AI\data\raw\archive (6)\test\purple\ec6ad22751.jpg,purple,9
c:\Users\hasibul shaikh\Documents\Car_Color_Detection_AI\data\raw\archive (6)\val\white\f294619b78.jpg,white,13
c:\Users\hasibul shaikh\Documents\Car_Color_Detection_AI\data\raw\archive (6)\train\white\e001dfac19.jpg,white,13
c:\Users\hasibul shaikh\Documents\Car_Color_Detection_AI\data\raw\archive (6)\val\brown\0f8392b249.jpg,brown,3
c:\Users\hasibul shaikh\Documents\Car_Color_Detection_AI\data\raw\archive (6)\train\yellow\c6740c23e8.jpg,yellow,14
c:\Users\hasibul shaikh\Documents\Car_Color_Detection_AI\data\raw\archive (6)\train\yellow\6b38fc9593.jpg,yellow,14
c:\Users\hasibul shaikh\Documents\Car_Color_Detection_AI\data\raw\archive (6)\train\beige\271d8793dc.jpg,beige,0
c:\Users\hasibul shaikh\Documents\Car_Color_Detection_AI\data\raw\archive (6)\test\green\2792577c0a.jpg,green,5
c:\Users\hasibul shaikh\Documents\Car_Color_Detection_AI\data\raw\archive (6)\test\beige\aa174f6e89.jpg,beige,0
c:\Users\hasibul shaikh\Documents\Car_Color_Detection_AI\data\raw\archive (6)\test\beige\d2f052df6b.jpg,beige,0
c:\Users\hasibul shaikh\Documents\Car_Color_Detection_AI\data\raw\archive (6)\train\brown\6915f8a504.jpg,brown,3
c:\Users\hasibul shaikh\Documents\Car_Color_Detection_AI\data\raw\archive (6)\train\pink\bab0f05c49.jpg,pink,8
c:\Users\hasibul shaikh\Documents\Car_Color_Detection_AI\data\raw\archive (6)\val\silver\8a7c5edc1c.jpg,silver,11
c:\Users\hasibul shaikh\Documents\Car_Color_Detection_AI\data\raw\archive (6)\val\green\bc891ca2b3.jpg,green,5
c:\Users\hasibul shaikh\Documents\Car_Color_Detection_AI\data\raw\archive (6)\train\grey\f4ebb2a2f5.jpg,grey,6
c:\Users\hasibul shaikh\Documents\Car_Color_Detection_AI\data\raw\archive (6)\val\gold\01d276d0cc.jpg,gold,4
c:\Users\hasibul shaikh\Documents\Car_Color_Detection_AI\data\raw\archive (6)\val\orange\86be06e0ae.jpg,orange,7
c:\Users\hasibul shaikh\Documents\Car_Color_Detection_AI\data\raw\archive (6)\train\green\d02119955b.jpg,green,5
c:\Users\hasibul shaikh\Documents\Car_Color_Detection_AI\data\raw\archive (6)\train\beige\05c8a236ac.jpg,beige,0
c:\Users\hasibul shaikh\Documents\Car_Color_Detection_AI\data\raw\archive (6)\train\brown\7aaea4a595.jpg,brown,3
c:\Users\hasibul shaikh\Documents\Car_Color_Detection_AI\data\raw\archive (6)\train\white\82549b3181.jpg,white,13
c:\Users\hasibul shaikh\Documents\Car_Color_Detection_AI\data\raw\archive (6)\train\red\eb01df58b1.jpg,red,10
c:\Users\hasibul shaikh\Documents\Car_Color_Detection_AI\data\raw\archive (6)\test\orange\4d39f5adeb.jpg,orange,7
c:\Users\hasibul shaikh\Documents\Car_Color_Detection_AI\data\raw\archive (6)\train\blue\a654628d0a.jpg,blue,2
c:\Users\hasibul shaikh\Documents\Car_Color_Detection_AI\data\raw\archive (6)\train\red\e7f09e72bc.jpg,red,10
c:\Users\hasibul shaikh\Documents\Car_Color_Detection_AI\data\raw\archive (6)\val\orange\e3288abf91.jpg,orange,7
c:\Users\hasibul shaikh\Documents\Car_Color_Detection_AI\data\raw\archive (6)\train\grey\44afa56008.jpg,grey,6
c:\Users\hasibul shaikh\Documents\Car_Color_Detection_AI\data\raw\archive (6)\train\blue\1aee01a7b0.jpg,blue,2
c:\Users\hasibul shaikh\Documents\Car_Color_Detection_AI\data\raw\archive (6)\train\blue\43cd3d4d5c.jpg,blue,2
c:\Users\hasibul shaikh\Documents\Car_Color_Detection_AI\data\raw\archive (6)\test\grey\1affd6960b.jpg,grey,6
c:\Users\hasibul shaikh\Documents\Car_Color_Detection_AI\data\raw\archive (6)\train\red\5969978b07.jpg,red,10
c:\Users\hasibul shaikh\Documents\Car_Color_Detection_AI\data\raw\archive (6)\test\green\9c6544c3cd.jpg,green,5
c:\Users\hasibul shaikh\Documents\Car_Color_Detection_AI\data\raw\archive (6)\train\pink\eb6db7c377.jpg,pink,8
c:\Users\hasibul shaikh\Documents\Car_Color_Detection_AI\data\raw\archive (6)\train\white\df979ea51f.jpg,white,13
c:\Users\hasibul shaikh\Documents\Car_Color_Detection_AI\data\raw\archive (6)\train\brown\0b73dee5f4.jpg,brown,3
c:\Users\hasibul shaikh\Documents\Car_Color_Detection_AI\data\raw\archive (6)\train\white\a99ee2b7c4.jpg,white,13
c:\Users\hasibul shaikh\Documents\Car_Color_Detection_AI\data\raw\archive (6)\train\green\a7b33493ca.jpg,green,5
c:\Users\hasibul shaikh\Documents\Car_Color_Detection_AI\data\raw\archive (6)\train\black\1e7d59e3b1.jpg,black,1
c:\Users\hasibul shaikh\Documents\Car_Color_Detection_AI\data\raw\archive (6)\train\brown\4195343536.jpg,brown,3
c:\Users\hasibul shaikh\Documents\Car_Color_Detection_AI\data\raw\archive (6)\train\red\bc65cd3191.jpg,red,10
c:\Users\hasibul shaikh\Documents\Car_Color_Detection_AI\data\raw\archive (6)\val\silver\4a78277164.jpg,silver,11
c:\Users\hasibul shaikh\Documents\Car_Color_Detection_AI\data\raw\archive (6)\train\white\719861f657.jpg,white,13
c:\Users\hasibul shaikh\Documents\Car_Color_Detection_AI\data\raw\archive (6)\train\purple\afea99ac85.jpg,purple,9
c:\Users\hasibul shaikh\Documents\Car_Color_Detection_AI\data\raw\archive (6)\train\green\413aeef07d.jpg,green,5
c:\Users\hasibul shaikh\Documents\Car_Color_Detection_AI\data\raw\archive (6)\train\red\ef2ad98e3d.jpg,red,10
c:\Users\hasibul shaikh\Documents\Car_Color_Detection_AI\data\raw\archive (6)\train\beige\5463999060.jpg,beige,0
c:\Users\hasibul shaikh\Documents\Car_Color_Detection_AI\data\raw\archive (6)\val\purple\9640c36b7e.jpg,purple,9
c:\Users\hasibul shaikh\Documents\Car_Color_Detection_AI\data\raw\archive (6)\val\purple\7315fcd6ab.jpg,purple,9
c:\Users\hasibul shaikh\Documents\Car_Color_Detection_AI\data\raw\archive (6)\train\grey\5aca79d368.jpg,grey,6
c:\Users\hasibul shaikh\Documents\Car_Color_Detection_AI\data\raw\archive (6)\train\black\77628bef1f.jpg,black,1
c:\Users\hasibul shaikh\Documents\Car_Color_Detection_AI\data\raw\archive (6)\train\red\f97a9f8235.jpg,red,10
c:\Users\hasibul shaikh\Documents\Car_Color_Detection_AI\data\raw\archive (6)\train\blue\720bfacff2.jpg,blue,2
c:\Users\hasibul shaikh\Documents\Car_Color_Detection_AI\data\raw\archive (6)\test\gold\9a832ee42d.jpg,gold,4
c:\Users\hasibul shaikh\Documents\Car_Color_Detection_AI\data\raw\archive (6)\train\blue\8367aa76c2.jpg,blue,2
c:\Users\hasibul shaikh\Documents\Car_Color_Detection_AI\data\raw\archive (6)\val\red\6d3cbed6e2.jpg,red,10
c:\Users\hasibul shaikh\Documents\Car_Color_Detection_AI\data\raw\archive (6)\train\blue\0034dec06b.jpg,blue,2
c:\Users\hasibul shaikh\Documents\Car_Color_Detection_AI\data\raw\archive (6)\train\brown\4c41bc71b9.jpg,brown,3
c:\Users\hasibul shaikh\Documents\Car_Color_Detection_AI\data\raw\archive (6)\train\blue\292dab9e3e.jpg,blue,2
c:\Users\hasibul shaikh\Documents\Car_Color_Detection_AI\data\raw\archive (6)\train\tan\d6ce0ae3f3.jpg,tan,12
c:\Users\hasibul shaikh\Documents\Car_Color_Detection_AI\data\raw\archive (6)\train\green\3707d5656d.jpg,green,5
c:\Users\hasibul shaikh\Documents\Car_Color_Detection_AI\data\raw\archive (6)\train\pink\21201361d0.jpg,pink,8
c:\Users\hasibul shaikh\Documents\Car_Color_Detection_AI\data\raw\archive (6)\val\black\0726587fbb.jpg,black,1
c:\Users\hasibul shaikh\Documents\Car_Color_Detection_AI\data\raw\archive (6)\train\blue\c1f02f134e.jpg,blue,2
c:\Users\hasibul shaikh\Documents\Car_Color_Detection_AI\data\raw\archive (6)\train\purple\167eb17a76.jpg,purple,9
c:\Users\hasibul shaikh\Documents\Car_Color_Detection_AI\data\raw\archive (6)\val\white\b6d1e920f0.jpg,white,13
c:\Users\hasibul shaikh\Documents\Car_Color_Detection_AI\data\raw\archive (6)\train\silver\9786053484.jpg,silver,11
c:\Users\hasibul shaikh\Documents\Car_Color_Detection_AI\data\raw\archive (6)\train\red\945afee38b.jpg,red,10
c:\Users\hasibul shaikh\Documents\Car_Color_Detection_AI\data\raw\archive (6)\train\red\f6648d3537.jpg,red,10
c:\Users\hasibul shaikh\Documents\Car_Color_Detection_AI\data\raw\archive (6)\val\red\91f6ed903e.jpg,red,10
c:\Users\hasibul shaikh\Documents\Car_Color_Detection_AI\data\raw\archive (6)\train\silver\6fabeb7bda.jpg,silver,11
c:\Users\hasibul shaikh\Documents\Car_Color_Detection_AI\data\raw\archive (6)\test\beige\eb0c8bd2b0.jpg,beige,0
c:\Users\hasibul shaikh\Documents\Car_Color_Detection_AI\data\raw\archive (6)\train\grey\cedba3e52d.jpg,grey,6
c:\Users\hasibul shaikh\Documents\Car_Color_Detection_AI\data\raw\archive (6)\val\blue\59bdd5fea2.jpg,blue,2
c:\Users\hasibul shaikh\Documents\Car_Color_Detection_AI\data\raw\archive (6)\train\grey\6b4a5dcf13.jpg,grey,6
c:\Users\hasibul shaikh\Documents\Car_Color_Detection_AI\data\raw\archive (6)\train\silver\fca5f6b425.jpg,silver,11
c:\Users\hasibul shaikh\Documents\Car_Color_Detection_AI\data\raw\archive (6)\train\tan\737a02e546.jpg,tan,12
c:\Users\hasibul shaikh\Documents\Car_Color_Detection_AI\data\raw\archive (6)\val\tan\f37ad8afb4.jpg,tan,12
c:\Users\hasibul shaikh\Documents\Car_Color_Detection_AI\data\raw\archive (6)\train\blue\648bd0b699.jpg,blue,2
c:\Users\hasibul shaikh\Documents\Car_Color_Detection_AI\data\raw\archive (6)\train\grey\14d9ba654f.jpg,grey,6
c:\Users\hasibul shaikh\Documents\Car_Color_Detection_AI\data\raw\archive (6)\train\tan\8cb29dbf11.jpg,tan,12
c:\Users\hasibul shaikh\Documents\Car_Color_Detection_AI\data\raw\archive (6)\val\silver\a5f390ed95.jpg,silver,11
c:\Users\hasibul shaikh\Documents\Car_Color_Detection_AI\data\raw\archive (6)\test\blue\66484bd07d.jpg,blue,2
c:\Users\hasibul shaikh\Documents\Car_Color_Detection_AI\data\raw\archive (6)\val\brown\0f8070be98.jpg,brown,3
c:\Users\hasibul shaikh\Documents\Car_Color_Detection_AI\data\raw\archive (6)\train\beige\ad03011fa0.jpg,beige,0
c:\Users\hasibul shaikh\Documents\Car_Color_Detection_AI\data\raw\archive (6)\train\brown\8f2afe02cc.jpg,brown,3
c:\Users\hasibul shaikh\Documents\Car_Color_Detection_AI\data\raw\archive (6)\val\green\b553b2d300.jpg,green,5
c:\Users\hasibul shaikh\Documents\Car_Color_Detection_AI\data\raw\archive (6)\train\pink\9931251a10.jpg,pink,8
c:\Users\hasibul shaikh\Documents\Car_Color_Detection_AI\data\raw\archive (6)\test\grey\7fec500f6b.jpg,grey,6
c:\Users\hasibul shaikh\Documents\Car_Color_Detection_AI\data\raw\archive (6)\test\white\e2ab369699.jpg,white,13
c:\Users\hasibul shaikh\Documents\Car_Color_Detection_AI\data\raw\archive (6)\train\white\2052e8269e.jpg,white,13
c:\Users\hasibul shaikh\Documents\Car_Color_Detection_AI\data\raw\archive (6)\train\pink\e47f85af95.jpg,pink,8
c:\Users\hasibul shaikh\Documents\Car_Color_Detection_AI\data\raw\archive (6)\test\beige\408174870e.jpg,beige,0
c:\Users\hasibul shaikh\Documents\Car_Color_Detection_AI\data\raw\archive (6)\val\yellow\0bd9025d5e.jpg,yellow,14
c:\Users\hasibul shaikh\Documents\Car_Color_Detection_AI\data\raw\archive (6)\test\purple\85783a68b3.jpg,purple,9
c:\Users\hasibul shaikh\Documents\Car_Color_Detection_AI\data\raw\archive (6)\train\orange\5497f72188.jpg,orange,7
c:\Users\hasibul shaikh\Documents\Car_Color_Detection_AI\data\raw\archive (6)\train\brown\16f97722a8.jpg,brown,3
c:\Users\hasibul shaikh\Documents\Car_Color_Detection_AI\data\raw\archive (6)\train\purple\da75dd1f42.jpg,purple,9
c:\Users\hasibul shaikh\Documents\Car_Color_Detection_AI\data\raw\archive (6)\val\yellow\13d9148b8b.jpg,yellow,14
c:\Users\hasibul shaikh\Documents\Car_Color_Detection_AI\data\raw\archive (6)\train\beige\89bbf68430.jpg,beige,0
c:\Users\hasibul shaikh\Documents\Car_Color_Detection_AI\data\raw\archive (6)\train\white\09c3a47010.jpg,white,13
c:\Users\hasibul shaikh\Documents\Car_Color_Detection_AI\data\raw\archive (6)\train\green\e1f87bd064.jpg,green,5
c:\Users\hasibul shaikh\Documents\Car_Color_Detection_AI\data\raw\archive (6)\train\white\5fa8384fb5.jpg,white,13
c:\Users\hasibul shaikh\Documents\Car_Color_Detection_AI\data\raw\archive (6)\val\tan\8d4bf23880.jpg,tan,12
c:\Users\hasibul shaikh\Documents\Car_Color_Detection_AI\data\raw\archive (6)\train\green\766fd04777.jpg,green,5
c:\Users\hasibul shaikh\Documents\Car_Color_Detection_AI\data\raw\archive (6)\train\yellow\e13cc95105.jpg,yellow,14
c:\Users\hasibul shaikh\Documents\Car_Color_Detection_AI\data\raw\archive (6)\test\tan\1d49cfdeb4.jpg,tan,12
c:\Users\hasibul shaikh\Documents\Car_Color_Detection_AI\data\raw\archive (6)\train\blue\8e31a2663c.jpg,blue,2
c:\Users\hasibul shaikh\Documents\Car_Color_Detection_AI\data\raw\archive (6)\train\black\fd29364980.jpg,black,1
c:\Users\hasibul shaikh\Documents\Car_Color_Detection_AI\data\raw\archive (6)\val\tan\a57111d5c8.jpg,tan,12
c:\Users\hasibul shaikh\Documents\Car_Color_Detection_AI\data\raw\archive (6)\train\yellow\e5193042d7.jpg,yellow,14
c:\Users\hasibul shaikh\Documents\Car_Color_Detection_AI\data\raw\archive (6)\train\white\8b2a677b96.jpg,white,13
c:\Users\hasibul shaikh\Documents\Car_Color_Detection_AI\data\raw\archive (6)\train\green\0d54624e8e.jpg,green,5
c:\Users\hasibul shaikh\Documents\Car_Color_Detection_AI\data\raw\archive (6)\train\silver\374d42a1a8.jpg,silver,11
c:\Users\hasibul shaikh\Documents\Car_Color_Detection_AI\data\raw\archive (6)\train\red\dcbfd3623a.jpg,red,10
c:\Users\hasibul shaikh\Documents\Car_Color_Detection_AI\data\raw\archive (6)\train\yellow\69e07de07a.jpg,yellow,14
c:\Users\hasibul shaikh\Documents\Car_Color_Detection_AI\data\raw\archive (6)\train\grey\7681b7258b.jpg,grey,6
c:\Users\hasibul shaikh\Documents\Car_Color_Detection_AI\data\raw\archive (6)\train\beige\7f397c84ba.jpg,beige,0
c:\Users\hasibul shaikh\Documents\Car_Color_Detection_AI\data\raw\archive (6)\test\green\2638c942da.jpg,green,5
c:\Users\hasibul shaikh\Documents\Car_Color_Detection_AI\data\raw\archive (6)\train\black\61a66bea99.jpg,black,1
c:\Users\hasibul shaikh\Documents\Car_Color_Detection_AI\data\raw\archive (6)\val\green\087fd3d62c.jpg,green,5
c:\Users\hasibul shaikh\Documents\Car_Color_Detection_AI\data\raw\archive (6)\train\grey\227727a4f3.jpg,grey,6
c:\Users\hasibul shaikh\Documents\Car_Color_Detection_AI\data\raw\archive (6)\train\brown\bbbf2fa388.jpg,brown,3
c:\Users\hasibul shaikh\Documents\Car_Color_Detection_AI\data\raw\archive (6)\train\grey\3a33fd4145.jpg,grey,6
c:\Users\hasibul shaikh\Documents\Car_Color_Detection_AI\data\raw\archive (6)\train\red\0f19b6c70b.jpg,red,10
c:\Users\hasibul shaikh\Documents\Car_Color_Detection_AI\data\raw\archive (6)\test\yellow\408563c538.jpg,yellow,14
c:\Users\hasibul shaikh\Documents\Car_Color_Detection_AI\data\raw\archive (6)\test\silver\a70fd3f8f0.jpg,silver,11
c:\Users\hasibul shaikh\Documents\Car_Color_Detection_AI\data\raw\archive (6)\train\orange\0e6d7cbbe4.jpg,orange,7
c:\Users\hasibul shaikh\Documents\Car_Color_Detection_AI\data\raw\archive (6)\train\silver\70aa0d8bda.jpg,silver,11
c:\Users\hasibul shaikh\Documents\Car_Color_Detection_AI\data\raw\archive (6)\train\tan\288c14afa8.jpg,tan,12
c:\Users\hasibul shaikh\Documents\Car_Color_Detection_AI\data\raw\archive (6)\val\blue\f75e51f391.jpg,blue,2
c:\Users\hasibul shaikh\Documents\Car_Color_Detection_AI\data\raw\archive (6)\test\silver\9559f18c9e.jpg,silver,11
c:\Users\hasibul shaikh\Documents\Car_Color_Detection_AI\data\raw\archive (6)\train\yellow\d1237def63.jpg,yellow,14
c:\Users\hasibul shaikh\Documents\Car_Color_Detection_AI\data\raw\archive (6)\train\yellow\819479e9aa.jpg,yellow,14
c:\Users\hasibul shaikh\Documents\Car_Color_Detection_AI\data\raw\archive (6)\val\blue\40c29cae19.jpg,blue,2
c:\Users\hasibul shaikh\Documents\Car_Color_Detection_AI\data\raw\archive (6)\train\beige\a6c6de3aea.jpg,beige,0
c:\Users\hasibul shaikh\Documents\Car_Color_Detection_AI\data\raw\archive (6)\train\white\64a52cdc6f.jpg,white,13
c:\Users\hasibul shaikh\Documents\Car_Color_Detection_AI\data\raw\archive (6)\val\pink\d0ece7086c.jpg,pink,8
c:\Users\hasibul shaikh\Documents\Car_Color_Detection_AI\data\raw\archive (6)\test\beige\5241d8edce.jpg,beige,0
c:\Users\hasibul shaikh\Documents\Car_Color_Detection_AI\data\raw\archive (6)\train\purple\68502cde80.jpg,purple,9
c:\Users\hasibul shaikh\Documents\Car_Color_Detection_AI\data\raw\archive (6)\train\yellow\a3461a3547.jpg,yellow,14
c:\Users\hasibul shaikh\Documents\Car_Color_Detection_AI\data\raw\archive (6)\train\gold\7115019ee2.jpg,gold,4
c:\Users\hasibul shaikh\Documents\Car_Color_Detection_AI\data\raw\archive (6)\val\green\9b62ca32d1.jpg,green,5
c:\Users\hasibul shaikh\Documents\Car_Color_Detection_AI\data\raw\archive (6)\train\yellow\8810b4c09a.jpg,yellow,14
c:\Users\hasibul shaikh\Documents\Car_Color_Detection_AI\data\raw\archive (6)\val\tan\68375dc523.jpg,tan,12
c:\Users\hasibul shaikh\Documents\Car_Color_Detection_AI\data\raw\archive (6)\test\green\252fe9fbe8 - Copy.jpg,green,5
c:\Users\hasibul shaikh\Documents\Car_Color_Detection_AI\data\raw\archive (6)\train\yellow\b5e60fc1fe.jpg,yellow,14
c:\Users\hasibul shaikh\Documents\Car_Color_Detection_AI\data\raw\archive (6)\train\orange\70b1326fed.jpg,orange,7
c:\Users\hasibul shaikh\Documents\Car_Color_Detection_AI\data\raw\archive (6)\train\pink\e2be472b56.jpg,pink,8
c:\Users\hasibul shaikh\Documents\Car_Color_Detection_AI\data\raw\archive (6)\train\green\3c956c82a6.jpg,green,5
c:\Users\hasibul shaikh\Documents\Car_Color_Detection_AI\data\raw\archive (6)\train\orange\ad53c46a59.jpg,orange,7
c:\Users\hasibul shaikh\Documents\Car_Color_Detection_AI\data\raw\archive (6)\test\pink\1643d1f9bd.jpg,pink,8
c:\Users\hasibul shaikh\Documents\Car_Color_Detection_AI\data\raw\archive (6)\train\purple\19b2e27c41.jpg,purple,9
c:\Users\hasibul shaikh\Documents\Car_Color_Detection_AI\data\raw\archive (6)\val\orange\87cbde942a.jpg,orange,7
c:\Users\hasibul shaikh\Documents\Car_Color_Detection_AI\data\raw\archive (6)\train\yellow\195b62970e.jpg,yellow,14
c:\Users\hasibul shaikh\Documents\Car_Color_Detection_AI\data\raw\archive (6)\train\blue\37dbb9738e.jpg,blue,2
c:\Users\hasibul shaikh\Documents\Car_Color_Detection_AI\data\raw\archive (6)\val\yellow\3626f0444e.jpg,yellow,14
c:\Users\hasibul shaikh\Documents\Car_Color_Detection_AI\data\raw\archive (6)\train\tan\2d2ec00d13.jpg,tan,12
c:\Users\hasibul shaikh\Documents\Car_Color_Detection_AI\data\raw\archive (6)\train\white\8f3e784e01.jpg,white,13
c:\Users\hasibul shaikh\Documents\Car_Color_Detection_AI\data\raw\archive (6)\train\black\b06328e1ef.jpg,black,1
c:\Users\hasibul shaikh\Documents\Car_Color_Detection_AI\data\raw\archive (6)\val\yellow\fd2ef6ffb3.jpg,yellow,14
c:\Users\hasibul shaikh\Documents\Car_Color_Detection_AI\data\raw\archive (6)\train\orange\c3b72e49e2.jpg,orange,7
c:\Users\hasibul shaikh\Documents\Car_Color_Detection_AI\data\raw\archive (6)\train\white\6da7270a06.jpg,white,13
c:\Users\hasibul shaikh\Documents\Car_Color_Detection_AI\data\raw\archive (6)\test\red\b49c8abda9.jpg,red,10
c:\Users\hasibul shaikh\Documents\Car_Color_Detection_AI\data\raw\archive (6)\train\yellow\359f0265be.jpg,yellow,14
c:\Users\hasibul shaikh\Documents\Car_Color_Detection_AI\data\raw\archive (6)\train\red\f78977c3a4.jpg,red,10
c:\Users\hasibul shaikh\Documents\Car_Color_Detection_AI\data\raw\archive (6)\train\yellow\cd594727b4.jpg,yellow,14
c:\Users\hasibul shaikh\Documents\Car_Color_Detection_AI\data\raw\archive (6)\train\white\a09d3e498a.jpg,white,13
c:\Users\hasibul shaikh\Documents\Car_Color_Detection_AI\data\raw\archive (6)\train\white\bedc372055.jpg,white,13
c:\Users\hasibul shaikh\Documents\Car_Color_Detection_AI\data\raw\archive (6)\train\green\722beb7518.jpg,green,5
c:\Users\hasibul shaikh\Documents\Car_Color_Detection_AI\data\raw\archive (6)\test\brown\4b1697109f.jpg,brown,3
c:\Users\hasibul shaikh\Documents\Car_Color_Detection_AI\data\raw\archive (6)\train\orange\e48ad0bc1d.jpg,orange,7
c:\Users\hasibul shaikh\Documents\Car_Color_Detection_AI\data\raw\archive (6)\train\pink\4f1c2cfa3f.jpg,pink,8
c:\Users\hasibul shaikh\Documents\Car_Color_Detection_AI\data\raw\archive (6)\val\orange\151c1e3e9f.jpg,orange,7
c:\Users\hasibul shaikh\Documents\Car_Color_Detection_AI\data\raw\archive (6)\train\orange\0aa4352315.jpg,orange,7
c:\Users\hasibul shaikh\Documents\Car_Color_Detection_AI\data\raw\archive (6)\train\silver\3b2ad112c9.jpg,silver,11
c:\Users\hasibul shaikh\Documents\Car_Color_Detection_AI\data\raw\archive (6)\val\blue\46c3657b56.jpg,blue,2
c:\Users\hasibul shaikh\Documents\Car_Color_Detection_AI\data\raw\archive (6)\test\yellow\67a03aa74b.jpg,yellow,14
c:\Users\hasibul shaikh\Documents\Car_Color_Detection_AI\data\raw\archive (6)\val\grey\ef1d0ae920.jpg,grey,6
c:\Users\hasibul shaikh\Documents\Car_Color_Detection_AI\data\raw\archive (6)\val\brown\e7cbb70acf.jpg,brown,3
c:\Users\hasibul shaikh\Documents\Car_Color_Detection_AI\data\raw\archive (6)\train\orange\e1d5c893ff.jpg,orange,7
c:\Users\hasibul shaikh\Documents\Car_Color_Detection_AI\data\raw\archive (6)\val\brown\4b0d7708e0.jpg,brown,3
c:\Users\hasibul shaikh\Documents\Car_Color_Detection_AI\data\raw\archive (6)\train\red\9c8eb8e83a.jpg,red,10
c:\Users\hasibul shaikh\Documents\Car_Color_Detection_AI\data\raw\archive (6)\train\tan\8a5d27d4ff.jpg,tan,12
c:\Users\hasibul shaikh\Documents\Car_Color_Detection_AI\data\raw\archive (6)\train\orange\6cb4e3fbb3.jpg,orange,7
c:\Users\hasibul shaikh\Documents\Car_Color_Detection_AI\data\raw\archive (6)\train\red\8215ea35d5.jpg,red,10
c:\Users\hasibul shaikh\Documents\Car_Color_Detection_AI\data\raw\archive (6)\train\yellow\684f39c6df.jpg,yellow,14
c:\Users\hasibul shaikh\Documents\Car_Color_Detection_AI\data\raw\archive (6)\train\yellow\0655d56ec1.jpg,yellow,14
c:\Users\hasibul shaikh\Documents\Car_Color_Detection_AI\data\raw\archive (6)\test\black\da31cf3e2b.jpg,black,1
c:\Users\hasibul shaikh\Documents\Car_Color_Detection_AI\data\raw\archive (6)\test\brown\37fab97677.jpg,brown,3
c:\Users\hasibul shaikh\Documents\Car_Color_Detection_AI\data\raw\archive (6)\train\yellow\cb75f9438a.jpg,yellow,14
c:\Users\hasibul shaikh\Documents\Car_Color_Detection_AI\data\raw\archive (6)\train\silver\35e76b598c.jpg,silver,11
c:\Users\hasibul shaikh\Documents\Car_Color_Detection_AI\data\raw\archive (6)\train\purple\7d9a3d7b4c.jpg,purple,9
c:\Users\hasibul shaikh\Documents\Car_Color_Detection_AI\data\raw\archive (6)\train\red\161b18c86c.jpg,red,10
c:\Users\hasibul shaikh\Documents\Car_Color_Detection_AI\data\raw\archive (6)\test\tan\6f5ac960d1.jpg,tan,12
c:\Users\hasibul shaikh\Documents\Car_Color_Detection_AI\data\raw\archive (6)\train\white\6e1f5e80f1.jpg,white,13
c:\Users\hasibul shaikh\Documents\Car_Color_Detection_AI\data\raw\archive (6)\train\black\f9bb4d6445.jpg,black,1
c:\Users\hasibul shaikh\Documents\Car_Color_Detection_AI\data\raw\archive (6)\train\orange\84c5a2cef8.jpg,orange,7
c:\Users\hasibul shaikh\Documents\Car_Color_Detection_AI\data\raw\archive (6)\val\gold\05484bb7a2.jpg,gold,4
c:\Users\hasibul shaikh\Documents\Car_Color_Detection_AI\data\raw\archive (6)\train\grey\c9fdd603bc.jpg,grey,6
c:\Users\hasibul shaikh\Documents\Car_Color_Detection_AI\data\raw\archive (6)\train\yellow\b981b10083.jpg,yellow,14
c:\Users\hasibul shaikh\Documents\Car_Color_Detection_AI\data\raw\archive (6)\test\blue\e774c95f50.jpg,blue,2
c:\Users\hasibul shaikh\Documents\Car_Color_Detection_AI\data\raw\archive (6)\train\green\8fbb070025.jpg,green,5
c:\Users\hasibul shaikh\Documents\Car_Color_Detection_AI\data\raw\archive (6)\train\brown\79174a6c76.jpg,brown,3
c:\Users\hasibul shaikh\Documents\Car_Color_Detection_AI\data\raw\archive (6)\test\red\488e84554b.jpg,red,10
c:\Users\hasibul shaikh\Documents\Car_Color_Detection_AI\data\raw\archive (6)\train\green\1adf453ae5.jpg,green,5
c:\Users\hasibul shaikh\Documents\Car_Color_Detection_AI\data\raw\archive (6)\train\red\b1df95801c.jpg,red,10
c:\Users\hasibul shaikh\Documents\Car_Color_Detection_AI\data\raw\archive (6)\train\purple\731ca927ed.jpg,purple,9
c:\Users\hasibul shaikh\Documents\Car_Color_Detection_AI\data\raw\archive (6)\val\black\d735df49ae.jpg,black,1
c:\Users\hasibul shaikh\Documents\Car_Color_Detection_AI\data\raw\archive (6)\train\red\a5732d0e99.jpg,red,10
c:\Users\hasibul shaikh\Documents\Car_Color_Detection_AI\data\raw\archive (6)\val\green\7a06b31c1f.jpg,green,5
c:\Users\hasibul shaikh\Documents\Car_Color_Detection_AI\data\raw\archive (6)\val\black\fc58f4841f.jpg,black,1
c:\Users\hasibul shaikh\Documents\Car_Color_Detection_AI\data\raw\archive (6)\train\red\59222ccf18.jpg,red,10
c:\Users\hasibul shaikh\Documents\Car_Color_Detection_AI\data\raw\archive (6)\val\orange\cd6a1235bb.jpg,orange,7
c:\Users\hasibul shaikh\Documents\Car_Color_Detection_AI\data\raw\archive (6)\train\orange\24a21a37c2.jpg,orange,7
c:\Users\hasibul shaikh\Documents\Car_Color_Detection_AI\data\raw\archive (6)\train\black\4b53dbcd83.jpg,black,1
c:\Users\hasibul shaikh\Documents\Car_Color_Detection_AI\data\raw\archive (6)\val\silver\bba41e5e1c.jpg,silver,11
c:\Users\hasibul shaikh\Documents\Car_Color_Detection_AI\data\raw\archive (6)\test\blue\35f17302eb.jpg,blue,2
c:\Users\hasibul shaikh\Documents\Car_Color_Detection_AI\data\raw\archive (6)\val\black\d7b1a2e03b.jpg,black,1
c:\Users\hasibul shaikh\Documents\Car_Color_Detection_AI\data\raw\archive (6)\train\black\b9c3bc585e.jpg,black,1
c:\Users\hasibul shaikh\Documents\Car_Color_Detection_AI\data\raw\archive (6)\val\grey\4c1277dbee.jpg,grey,6
c:\Users\hasibul shaikh\Documents\Car_Color_Detection_AI\data\raw\archive (6)\test\green\bb09c84231.jpg,green,5
c:\Users\hasibul shaikh\Documents\Car_Color_Detection_AI\data\raw\archive (6)\train\orange\5d59575f8e.jpg,orange,7
c:\Users\hasibul shaikh\Documents\Car_Color_Detection_AI\data\raw\archive (6)\train\green\fdc9b595c9.jpg,green,5
c:\Users\hasibul shaikh\Documents\Car_Color_Detection_AI\data\raw\archive (6)\train\red\a8e8e2159e.jpg,red,10
c:\Users\hasibul shaikh\Documents\Car_Color_Detection_AI\data\raw\archive (6)\train\silver\2867a839b8.jpg,silver,11
c:\Users\hasibul shaikh\Documents\Car_Color_Detection_AI\data\raw\archive (6)\train\blue\f68119a5ce.jpg,blue,2
c:\Users\hasibul shaikh\Documents\Car_Color_Detection_AI\data\raw\archive (6)\train\orange\9ac27c99fa.jpg,orange,7
c:\Users\hasibul shaikh\Documents\Car_Color_Detection_AI\data\raw\archive (6)\val\beige\0a8da39864.jpg,beige,0
c:\Users\hasibul shaikh\Documents\Car_Color_Detection_AI\data\raw\archive (6)\train\yellow\85df6f85df.jpg,yellow,14
c:\Users\hasibul shaikh\Documents\Car_Color_Detection_AI\data\raw\archive (6)\test\brown\a65691fa0f.jpg,brown,3
c:\Users\hasibul shaikh\Documents\Car_Color_Detection_AI\data\raw\archive (6)\train\orange\110b4713e1.jpg,orange,7
c:\Users\hasibul shaikh\Documents\Car_Color_Detection_AI\data\raw\archive (6)\train\grey\3bf51ad1a1.jpg,grey,6
c:\Users\hasibul shaikh\Documents\Car_Color_Detection_AI\data\raw\archive (6)\train\beige\ee2506262f.jpg,beige,0
c:\Users\hasibul shaikh\Documents\Car_Color_Detection_AI\data\raw\archive (6)\train\tan\7030631684.jpg,tan,12
c:\Users\hasibul shaikh\Documents\Car_Color_Detection_AI\data\raw\archive (6)\train\brown\d0d95b1705.jpg,brown,3
c:\Users\hasibul shaikh\Documents\Car_Color_Detection_AI\data\raw\archive (6)\train\yellow\5d9434be8b.jpg,yellow,14
c:\Users\hasibul shaikh\Documents\Car_Color_Detection_AI\data\raw\archive (6)\val\beige\d1dee7bebe.jpg,beige,0
c:\Users\hasibul shaikh\Documents\Car_Color_Detection_AI\data\raw\archive (6)\train\grey\c5cf68b79b.jpg,grey,6
c:\Users\hasibul shaikh\Documents\Car_Color_Detection_AI\data\raw\archive (6)\train\grey\0c5274d51e.jpg,grey,6
c:\Users\hasibul shaikh\Documents\Car_Color_Detection_AI\data\raw\archive (6)\train\gold\c1463cc93b.jpg,gold,4
c:\Users\hasibul shaikh\Documents\Car_Color_Detection_AI\data\raw\archive (6)\train\pink\a8b237d8d0.jpg,pink,8
c:\Users\hasibul shaikh\Documents\Car_Color_Detection_AI\data\raw\archive (6)\train\blue\89a6204657.jpg,blue,2
c:\Users\hasibul shaikh\Documents\Car_Color_Detection_AI\data\raw\archive (6)\val\red\d10d4c2e2d.jpg,red,10
c:\Users\hasibul shaikh\Documents\Car_Color_Detection_AI\data\raw\archive (6)\train\red\8e63169296.jpg,red,10
c:\Users\hasibul shaikh\Documents\Car_Color_Detection_AI\data\raw\archive (6)\train\red\4a9940ba2f.jpg,red,10
c:\Users\hasibul shaikh\Documents\Car_Color_Detection_AI\data\raw\archive (6)\train\gold\ba1d31424f.jpg,gold,4
c:\Users\hasibul shaikh\Documents\Car_Color_Detection_AI\data\raw\archive (6)\train\grey\f96979b75c.jpg,grey,6
c:\Users\hasibul shaikh\Documents\Car_Color_Detection_AI\data\raw\archive (6)\val\beige\6ec375ebd2.jpg,beige,0
c:\Users\hasibul shaikh\Documents\Car_Color_Detection_AI\data\raw\archive (6)\train\brown\86d63c81fe.jpg,brown,3
c:\Users\hasibul shaikh\Documents\Car_Color_Detection_AI\data\raw\archive (6)\val\white\b7f9e280a9.jpg,white,13
c:\Users\hasibul shaikh\Documents\Car_Color_Detection_AI\data\raw\archive (6)\train\green\49d561af1e.jpg,green,5
c:\Users\hasibul shaikh\Documents\Car_Color_Detection_AI\data\raw\archive (6)\train\yellow\d653afb75d.jpg,yellow,14
c:\Users\hasibul shaikh\Documents\Car_Color_Detection_AI\data\raw\archive (6)\train\blue\65baae33b0.jpg,blue,2
c:\Users\hasibul shaikh\Documents\Car_Color_Detection_AI\data\raw\archive (6)\train\orange\8b295758c6.jpg,orange,7
c:\Users\hasibul shaikh\Documents\Car_Color_Detection_AI\data\raw\archive (6)\val\green\1fbd10babc.jpg,green,5
c:\Users\hasibul shaikh\Documents\Car_Color_Detection_AI\data\raw\archive (6)\train\tan\f0b7910901.jpg,tan,12
c:\Users\hasibul shaikh\Documents\Car_Color_Detection_AI\data\raw\archive (6)\train\green\28c749ec32.jpg,green,5
c:\Users\hasibul shaikh\Documents\Car_Color_Detection_AI\data\raw\archive (6)\train\gold\acbd05bd72.jpg,gold,4
c:\Users\hasibul shaikh\Documents\Car_Color_Detection_AI\data\raw\archive (6)\test\grey\17bd34b615.jpg,grey,6
c:\Users\hasibul shaikh\Documents\Car_Color_Detection_AI\data\raw\archive (6)\train\purple\f0a328175c.jpg,purple,9
c:\Users\hasibul shaikh\Documents\Car_Color_Detection_AI\data\raw\archive (6)\test\purple\56aac68383.jpg,purple,9
c:\Users\hasibul shaikh\Documents\Car_Color_Detection_AI\data\raw\archive (6)\train\white\d2ca57544e.jpg,white,13
c:\Users\hasibul shaikh\Documents\Car_Color_Detection_AI\data\raw\archive (6)\train\blue\35e63a9dc7.jpg,blue,2
c:\Users\hasibul shaikh\Documents\Car_Color_Detection_AI\data\raw\archive (6)\test\pink\a35b7f1bfd.jpg,pink,8
c:\Users\hasibul shaikh\Documents\Car_Color_Detection_AI\data\raw\archive (6)\test\green\e34bfa3329.jpg,green,5
c:\Users\hasibul shaikh\Documents\Car_Color_Detection_AI\data\raw\archive (6)\test\green\2f6b3badf8.jpg,green,5
c:\Users\hasibul shaikh\Documents\Car_Color_Detection_AI\data\raw\archive (6)\val\grey\491371c0c7.jpg,grey,6
c:\Users\hasibul shaikh\Documents\Car_Color_Detection_AI\data\raw\archive (6)\train\tan\b7ae15432f.jpg,tan,12
c:\Users\hasibul shaikh\Documents\Car_Color_Detection_AI\data\raw\archive (6)\val\silver\bdcf358d22.jpg,silver,11
c:\Users\hasibul shaikh\Documents\Car_Color_Detection_AI\data\raw\archive (6)\test\orange\6e8c8eba57.jpg,orange,7
c:\Users\hasibul shaikh\Documents\Car_Color_Detection_AI\data\raw\archive (6)\train\black\c2e56c44bd.jpg,black,1
c:\Users\hasibul shaikh\Documents\Car_Color_Detection_AI\data\raw\archive (6)\test\purple\3bcde85b39.jpg,purple,9
c:\Users\hasibul shaikh\Documents\Car_Color_Detection_AI\data\raw\archive (6)\train\green\39d67c5531.jpg,green,5
c:\Users\hasibul shaikh\Documents\Car_Color_Detection_AI\data\raw\archive (6)\test\purple\5a28d3e239.jpg,purple,9
c:\Users\hasibul shaikh\Documents\Car_Color_Detection_AI\data\raw\archive (6)\val\red\e0cd25385f.jpg,red,10
c:\Users\hasibul shaikh\Documents\Car_Color_Detection_AI\data\raw\archive (6)\train\beige\20cfeb42b9.jpg,beige,0
c:\Users\hasibul shaikh\Documents\Car_Color_Detection_AI\data\raw\archive (6)\test\beige\68faf1d292.jpg,beige,0
c:\Users\hasibul shaikh\Documents\Car_Color_Detection_AI\data\raw\archive (6)\train\grey\53d5c14a91.jpg,grey,6
c:\Users\hasibul shaikh\Documents\Car_Color_Detection_AI\data\raw\archive (6)\test\gold\8f4466caea.jpg,gold,4
c:\Users\hasibul shaikh\Documents\Car_Color_Detection_AI\data\raw\archive (6)\val\purple\ff33b6b324.jpg,purple,9
c:\Users\hasibul shaikh\Documents\Car_Color_Detection_AI\data\raw\archive (6)\val\white\0833634fef.jpg,white,13
c:\Users\hasibul shaikh\Documents\Car_Color_Detection_AI\data\raw\archive (6)\train\red\b546865b0e.jpg,red,10
c:\Users\hasibul shaikh\Documents\Car_Color_Detection_AI\data\raw\archive (6)\train\silver\5fc7878f13.jpg,silver,11
c:\Users\hasibul shaikh\Documents\Car_Color_Detection_AI\data\raw\archive (6)\train\red\296980b008.jpg,red,10
c:\Users\hasibul shaikh\Documents\Car_Color_Detection_AI\data\raw\archive (6)\train\brown\afc40faace.jpg,brown,3
c:\Users\hasibul shaikh\Documents\Car_Color_Detection_AI\data\raw\archive (6)\test\red\1c05fa87ff.jpg,red,10
c:\Users\hasibul shaikh\Documents\Car_Color_Detection_AI\data\raw\archive (6)\val\black\2881c0b4fa.jpg,black,1
c:\Users\hasibul shaikh\Documents\Car_Color_Detection_AI\data\raw\archive (6)\train\blue\5e75aa8a69.jpg,blue,2
c:\Users\hasibul shaikh\Documents\Car_Color_Detection_AI\data\raw\archive (6)\train\pink\40f08576cc.jpg,pink,8
c:\Users\hasibul shaikh\Documents\Car_Color_Detection_AI\data\raw\archive (6)\train\beige\0c444d6c2c.jpg,beige,0
c:\Users\hasibul shaikh\Documents\Car_Color_Detection_AI\data\raw\archive (6)\train\white\c50e37fa3a.jpg,white,13
c:\Users\hasibul shaikh\Documents\Car_Color_Detection_AI\data\raw\archive (6)\test\gold\485fea6915.jpg,gold,4
c:\Users\hasibul shaikh\Documents\Car_Color_Detection_AI\data\raw\archive (6)\train\grey\a1e6d41c36.jpg,grey,6
c:\Users\hasibul shaikh\Documents\Car_Color_Detection_AI\data\raw\archive (6)\test\blue\2aed16d3c4.jpg,blue,2
c:\Users\hasibul shaikh\Documents\Car_Color_Detection_AI\data\raw\archive (6)\train\green\c657e0db79.jpg,green,5
c:\Users\hasibul shaikh\Documents\Car_Color_Detection_AI\data\raw\archive (6)\test\beige\a5c8a37beb.jpg,beige,0
c:\Users\hasibul shaikh\Documents\Car_Color_Detection_AI\data\raw\archive (6)\train\pink\808ae09ae9.jpg,pink,8
c:\Users\hasibul shaikh\Documents\Car_Color_Detection_AI\data\raw\archive (6)\train\purple\8291092626.jpg,purple,9
c:\Users\hasibul shaikh\Documents\Car_Color_Detection_AI\data\raw\archive (6)\val\tan\e8a05a7ea8.jpg,tan,12
c:\Users\hasibul shaikh\Documents\Car_Color_Detection_AI\data\raw\archive (6)\train\red\09d5983265.jpg,red,10
c:\Users\hasibul shaikh\Documents\Car_Color_Detection_AI\data\raw\archive (6)\val\silver\e3f9d437c4.jpg,silver,11
c:\Users\hasibul shaikh\Documents\Car_Color_Detection_AI\data\raw\archive (6)\train\purple\8abdf9006e.jpg,purple,9
c:\Users\hasibul shaikh\Documents\Car_Color_Detection_AI\data\raw\archive (6)\val\blue\5b513fa49e.jpg,blue,2
c:\Users\hasibul shaikh\Documents\Car_Color_Detection_AI\data\raw\archive (6)\val\green\5dee777641.jpg,green,5
c:\Users\hasibul shaikh\Documents\Car_Color_Detection_AI\data\raw\archive (6)\train\beige\719d48e2fb.jpg,beige,0
c:\Users\hasibul shaikh\Documents\Car_Color_Detection_AI\data\raw\archive (6)\train\orange\ff6a3c6292.jpg,orange,7
c:\Users\hasibul shaikh\Documents\Car_Color_Detection_AI\data\raw\archive (6)\train\purple\3787f9abe4.jpg,purple,9
c:\Users\hasibul shaikh\Documents\Car_Color_Detection_AI\data\raw\archive (6)\train\red\3947d6fce8.jpg,red,10
c:\Users\hasibul shaikh\Documents\Car_Color_Detection_AI\data\raw\archive (6)\train\beige\1c6527f424.jpg,beige,0
c:\Users\hasibul shaikh\Documents\Car_Color_Detection_AI\data\raw\archive (6)\val\purple\f4b5de1084.jpg,purple,9
c:\Users\hasibul shaikh\Documents\Car_Color_Detection_AI\data\raw\archive (6)\val\beige\3710effc69.jpg,beige,0
c:\Users\hasibul shaikh\Documents\Car_Color_Detection_AI\data\raw\archive (6)\train\green\41586687de.jpg,green,5
c:\Users\hasibul shaikh\Documents\Car_Color_Detection_AI\data\raw\archive (6)\test\tan\3f4d62d03a.jpg,tan,12
c:\Users\hasibul shaikh\Documents\Car_Color_Detection_AI\data\raw\archive (6)\train\white\53ac403eab.jpg,white,13
c:\Users\hasibul shaikh\Documents\Car_Color_Detection_AI\data\raw\archive (6)\test\gold\5d4086e908.jpg,gold,4
c:\Users\hasibul shaikh\Documents\Car_Color_Detection_AI\data\raw\archive (6)\train\black\520e4b1cb7.jpg,black,1
c:\Users\hasibul shaikh\Documents\Car_Color_Detection_AI\data\raw\archive (6)\train\red\42a219fa0e.jpg,red,10
c:\Users\hasibul shaikh\Documents\Car_Color_Detection_AI\data\raw\archive (6)\train\black\956561798d.jpg,black,1
c:\Users\hasibul shaikh\Documents\Car_Color_Detection_AI\data\raw\archive (6)\train\yellow\8c24156103.jpg,yellow,14
c:\Users\hasibul shaikh\Documents\Car_Color_Detection_AI\data\raw\archive (6)\train\purple\0d0ad1afe0.jpg,purple,9
c:\Users\hasibul shaikh\Documents\Car_Color_Detection_AI\data\raw\archive (6)\train\purple\86e3d7e463.jpg,purple,9
c:\Users\hasibul shaikh\Documents\Car_Color_Detection_AI\data\raw\archive (6)\train\gold\edaececa21.jpg,gold,4
c:\Users\hasibul shaikh\Documents\Car_Color_Detection_AI\data\raw\archive (6)\train\brown\a176f3f5cf.jpg,brown,3
c:\Users\hasibul shaikh\Documents\Car_Color_Detection_AI\data\raw\archive (6)\test\red\cd7d0a0137.jpg,red,10
c:\Users\hasibul shaikh\Documents\Car_Color_Detection_AI\data\raw\archive (6)\test\red\ac4d91f629.jpg,red,10
c:\Users\hasibul shaikh\Documents\Car_Color_Detection_AI\data\raw\archive (6)\train\green\65415d3f0d.jpg,green,5
c:\Users\hasibul shaikh\Documents\Car_Color_Detection_AI\data\raw\archive (6)\train\brown\e1f6444721.jpg,brown,3
c:\Users\hasibul shaikh\Documents\Car_Color_Detection_AI\data\raw\archive (6)\train\blue\5b3be15ee9.jpg,blue,2
c:\Users\hasibul shaikh\Documents\Car_Color_Detection_AI\data\raw\archive (6)\train\beige\6df59f5c5f.jpg,beige,0
c:\Users\hasibul shaikh\Documents\Car_Color_Detection_AI\data\raw\archive (6)\test\silver\88d999cbcc.jpg,silver,11
c:\Users\hasibul shaikh\Documents\Car_Color_Detection_AI\data\raw\archive (6)\train\purple\505987272f.jpg,purple,9
c:\Users\hasibul shaikh\Documents\Car_Color_Detection_AI\data\raw\archive (6)\train\tan\5f3eb0d4dc.jpg,tan,12
c:\Users\hasibul shaikh\Documents\Car_Color_Detection_AI\data\raw\archive (6)\train\orange\47d831472c.jpg,orange,7
c:\Users\hasibul shaikh\Documents\Car_Color_Detection_AI\data\raw\archive (6)\test\yellow\629e9de03e.jpg,yellow,14
c:\Users\hasibul shaikh\Documents\Car_Color_Detection_AI\data\raw\archive (6)\train\tan\57c79857b8.jpg,tan,12
c:\Users\hasibul shaikh\Documents\Car_Color_Detection_AI\data\raw\archive (6)\train\blue\0cfb53bcf0.jpg,blue,2
c:\Users\hasibul shaikh\Documents\Car_Color_Detection_AI\data\raw\archive (6)\train\grey\0834a2ad0d.jpg,grey,6
c:\Users\hasibul shaikh\Documents\Car_Color_Detection_AI\data\raw\archive (6)\train\orange\5dbef6b853.jpg,orange,7
c:\Users\hasibul shaikh\Documents\Car_Color_Detection_AI\data\raw\archive (6)\test\green\07f848564a.jpg,green,5
c:\Users\hasibul shaikh\Documents\Car_Color_Detection_AI\data\raw\archive (6)\test\beige\1a1296c730.jpg,beige,0
c:\Users\hasibul shaikh\Documents\Car_Color_Detection_AI\data\raw\archive (6)\val\red\71f5142bfa.jpg,red,10
c:\Users\hasibul shaikh\Documents\Car_Color_Detection_AI\data\raw\archive (6)\train\white\fee150a10b.jpg,white,13
c:\Users\hasibul shaikh\Documents\Car_Color_Detection_AI\data\raw\archive (6)\train\orange\1265e4019c.jpg,orange,7
c:\Users\hasibul shaikh\Documents\Car_Color_Detection_AI\data\raw\archive (6)\train\silver\ba389b6e76.jpg,silver,11
c:\Users\hasibul shaikh\Documents\Car_Color_Detection_AI\data\raw\archive (6)\train\green\df2aa5fffe.jpg,green,5
c:\Users\hasibul shaikh\Documents\Car_Color_Detection_AI\data\raw\archive (6)\test\purple\ae2fdb08de.jpg,purple,9
c:\Users\hasibul shaikh\Documents\Car_Color_Detection_AI\data\raw\archive (6)\train\black\be22da5f01.jpg,black,1
c:\Users\hasibul shaikh\Documents\Car_Color_Detection_AI\data\raw\archive (6)\val\blue\46ce7a976e.jpg,blue,2
c:\Users\hasibul shaikh\Documents\Car_Color_Detection_AI\data\raw\archive (6)\train\green\2c74f2cea1.jpg,green,5
c:\Users\hasibul shaikh\Documents\Car_Color_Detection_AI\data\raw\archive (6)\train\purple\99218775f5.jpg,purple,9
c:\Users\hasibul shaikh\Documents\Car_Color_Detection_AI\data\raw\archive (6)\train\purple\98dc41a596.jpg,purple,9
c:\Users\hasibul shaikh\Documents\Car_Color_Detection_AI\data\raw\archive (6)\test\white\98ce8cefd0.jpg,white,13
c:\Users\hasibul shaikh\Documents\Car_Color_Detection_AI\data\raw\archive (6)\train\brown\37a6741e24.jpg,brown,3
c:\Users\hasibul shaikh\Documents\Car_Color_Detection_AI\data\raw\archive (6)\train\red\c0bcb5c1d8.jpg,red,10
c:\Users\hasibul shaikh\Documents\Car_Color_Detection_AI\data\raw\archive (6)\test\gold\c339c6b328.jpg,gold,4
c:\Users\hasibul shaikh\Documents\Car_Color_Detection_AI\data\raw\archive (6)\test\purple\53141a4b89.jpg,purple,9
c:\Users\hasibul shaikh\Documents\Car_Color_Detection_AI\data\raw\archive (6)\train\pink\8e2e28ce76.jpg,pink,8
c:\Users\hasibul shaikh\Documents\Car_Color_Detection_AI\data\raw\archive (6)\val\pink\2c5022be9a.jpg,pink,8
c:\Users\hasibul shaikh\Documents\Car_Color_Detection_AI\data\raw\archive (6)\train\orange\fa5871d12e.jpg,orange,7
c:\Users\hasibul shaikh\Documents\Car_Color_Detection_AI\data\raw\archive (6)\train\orange\0e460048b8.jpg,orange,7
c:\Users\hasibul shaikh\Documents\Car_Color_Detection_AI\data\raw\archive (6)\train\orange\e33b8f767c.jpg,orange,7
c:\Users\hasibul shaikh\Documents\Car_Color_Detection_AI\data\raw\archive (6)\train\green\b4ebd1dce9.jpg,green,5
c:\Users\hasibul shaikh\Documents\Car_Color_Detection_AI\data\raw\archive (6)\train\beige\7747ba1f8c.jpg,beige,0
c:\Users\hasibul shaikh\Documents\Car_Color_Detection_AI\data\raw\archive (6)\train\yellow\9e980160c3.jpg,yellow,14
c:\Users\hasibul shaikh\Documents\Car_Color_Detection_AI\data\raw\archive (6)\train\brown\a2bc3c8de3.jpg,brown,3
c:\Users\hasibul shaikh\Documents\Car_Color_Detection_AI\data\raw\archive (6)\train\black\342232f4db.jpg,black,1
c:\Users\hasibul shaikh\Documents\Car_Color_Detection_AI\data\raw\archive (6)\val\white\7624ba2736.jpg,white,13
c:\Users\hasibul shaikh\Documents\Car_Color_Detection_AI\data\raw\archive (6)\train\red\2b4c9a6871.jpg,red,10
c:\Users\hasibul shaikh\Documents\Car_Color_Detection_AI\data\raw\archive (6)\train\grey\8ca6fc5197.jpg,grey,6
c:\Users\hasibul shaikh\Documents\Car_Color_Detection_AI\data\raw\archive (6)\train\silver\3214a04c74.jpg,silver,11
c:\Users\hasibul shaikh\Documents\Car_Color_Detection_AI\data\raw\archive (6)\train\silver\6f506f1663.jpg,silver,11
c:\Users\hasibul shaikh\Documents\Car_Color_Detection_AI\data\raw\archive (6)\test\beige\da5a78d35c.jpg,beige,0
c:\Users\hasibul shaikh\Documents\Car_Color_Detection_AI\data\raw\archive (6)\val\yellow\c63c11208a.jpg,yellow,14
c:\Users\hasibul shaikh\Documents\Car_Color_Detection_AI\data\raw\archive (6)\train\pink\a099df2348.jpg,pink,8
c:\Users\hasibul shaikh\Documents\Car_Color_Detection_AI\data\raw\archive (6)\val\red\29fc3c8871.jpg,red,10
c:\Users\hasibul shaikh\Documents\Car_Color_Detection_AI\data\raw\archive (6)\train\green\0a6d45c47e.jpg,green,5
c:\Users\hasibul shaikh\Documents\Car_Color_Detection_AI\data\raw\archive (6)\train\brown\398bc3d075.jpg,brown,3
c:\Users\hasibul shaikh\Documents\Car_Color_Detection_AI\data\raw\archive (6)\train\orange\82bbeb2af0.jpg,orange,7
c:\Users\hasibul shaikh\Documents\Car_Color_Detection_AI\data\raw\archive (6)\train\beige\16cb4d114c.jpg,beige,0
c:\Users\hasibul shaikh\Documents\Car_Color_Detection_AI\data\raw\archive (6)\train\red\bbdff8d5b7.jpg,red,10
c:\Users\hasibul shaikh\Documents\Car_Color_Detection_AI\data\raw\archive (6)\train\pink\39507a140f.jpg,pink,8
c:\Users\hasibul shaikh\Documents\Car_Color_Detection_AI\data\raw\archive (6)\train\black\095bfe97cb.jpg,black,1
c:\Users\hasibul shaikh\Documents\Car_Color_Detection_AI\data\raw\archive (6)\train\orange\91283d9349.jpg,orange,7
c:\Users\hasibul shaikh\Documents\Car_Color_Detection_AI\data\raw\archive (6)\train\blue\8cce95b33e.jpg,blue,2
c:\Users\hasibul shaikh\Documents\Car_Color_Detection_AI\data\raw\archive (6)\test\orange\4753b6fb1b.jpg,orange,7
c:\Users\hasibul shaikh\Documents\Car_Color_Detection_AI\data\raw\archive (6)\val\pink\7d7125bdd5 - Copy.jpg,pink,8
c:\Users\hasibul shaikh\Documents\Car_Color_Detection_AI\data\raw\archive (6)\train\tan\969bfe9c02.jpg,tan,12
c:\Users\hasibul shaikh\Documents\Car_Color_Detection_AI\data\raw\archive (6)\val\orange\e72d4effe2.jpg,orange,7
c:\Users\hasibul shaikh\Documents\Car_Color_Detection_AI\data\raw\archive (6)\test\pink\6dc58d0c4e.jpg,pink,8
c:\Users\hasibul shaikh\Documents\Car_Color_Detection_AI\data\raw\archive (6)\train\black\74ff6180ee.jpg,black,1
c:\Users\hasibul shaikh\Documents\Car_Color_Detection_AI\data\raw\archive (6)\train\green\73bf944fce.jpg,green,5
c:\Users\hasibul shaikh\Documents\Car_Color_Detection_AI\data\raw\archive (6)\train\silver\96d36929e9.jpg,silver,11
c:\Users\hasibul shaikh\Documents\Car_Color_Detection_AI\data\raw\archive (6)\val\white\a1b772ccff.jpg,white,13
c:\Users\hasibul shaikh\Documents\Car_Color_Detection_AI\data\raw\archive (6)\train\red\7d69aef90d.jpg,red,10
c:\Users\hasibul shaikh\Documents\Car_Color_Detection_AI\data\raw\archive (6)\test\red\af54df042d.jpg,red,10
c:\Users\hasibul shaikh\Documents\Car_Color_Detection_AI\data\raw\archive (6)\train\orange\69284e40de.jpg,orange,7
c:\Users\hasibul shaikh\Documents\Car_Color_Detection_AI\data\raw\archive (6)\val\green\c6fd4faa24.jpg,green,5
c:\Users\hasibul shaikh\Documents\Car_Color_Detection_AI\data\raw\archive (6)\train\black\665c267316.jpg,black,1
c:\Users\hasibul shaikh\Documents\Car_Color_Detection_AI\data\raw\archive (6)\train\yellow\d4f141640a.jpg,yellow,14
c:\Users\hasibul shaikh\Documents\Car_Color_Detection_AI\data\raw\archive (6)\train\yellow\38c143c8c6.jpg,yellow,14
c:\Users\hasibul shaikh\Documents\Car_Color_Detection_AI\data\raw\archive (6)\train\brown\454475e064.jpg,brown,3
c:\Users\hasibul shaikh\Documents\Car_Color_Detection_AI\data\raw\archive (6)\train\yellow\e4d947c6da.jpg,yellow,14
c:\Users\hasibul shaikh\Documents\Car_Color_Detection_AI\data\raw\archive (6)\train\black\c12dd4aaa7.jpg,black,1
c:\Users\hasibul shaikh\Documents\Car_Color_Detection_AI\data\raw\archive (6)\train\yellow\454ca00335.jpg,yellow,14
c:\Users\hasibul shaikh\Documents\Car_Color_Detection_AI\data\raw\archive (6)\train\black\0cd40021dd.jpg,black,1
c:\Users\hasibul shaikh\Documents\Car_Color_Detection_AI\data\raw\archive (6)\val\blue\999e666446.jpg,blue,2
c:\Users\hasibul shaikh\Documents\Car_Color_Detection_AI\data\raw\archive (6)\train\pink\d13165244d.jpg,pink,8
c:\Users\hasibul shaikh\Documents\Car_Color_Detection_AI\data\raw\archive (6)\train\silver\707497cca0.jpg,silver,11
c:\Users\hasibul shaikh\Documents\Car_Color_Detection_AI\data\raw\archive (6)\test\orange\75d7cbf5db.jpg,orange,7
c:\Users\hasibul shaikh\Documents\Car_Color_Detection_AI\data\raw\archive (6)\train\orange\eacc03787d.jpg,orange,7
c:\Users\hasibul shaikh\Documents\Car_Color_Detection_AI\data\raw\archive (6)\train\red\36cdac129d.jpg,red,10
c:\Users\hasibul shaikh\Documents\Car_Color_Detection_AI\data\raw\archive (6)\test\pink\6865aaa5c6.jpg,pink,8
c:\Users\hasibul shaikh\Documents\Car_Color_Detection_AI\data\raw\archive (6)\val\red\aa9486af65.jpg,red,10
c:\Users\hasibul shaikh\Documents\Car_Color_Detection_AI\data\raw\archive (6)\train\orange\d199d9fd1b.jpg,orange,7
c:\Users\hasibul shaikh\Documents\Car_Color_Detection_AI\data\raw\archive (6)\train\orange\f7ea5dbe85.jpg,orange,7
c:\Users\hasibul shaikh\Documents\Car_Color_Detection_AI\data\raw\archive (6)\train\grey\130ab6e87f.jpg,grey,6
c:\Users\hasibul shaikh\Documents\Car_Color_Detection_AI\data\raw\archive (6)\train\green\995cda520b.jpg,green,5
c:\Users\hasibul shaikh\Documents\Car_Color_Detection_AI\data\raw\archive (6)\train\tan\4f82eaf3c7.jpg,tan,12
c:\Users\hasibul shaikh\Documents\Car_Color_Detection_AI\data\raw\archive (6)\train\purple\7bc904fad2.jpg,purple,9
c:\Users\hasibul shaikh\Documents\Car_Color_Detection_AI\data\raw\archive (6)\train\green\3155165a5a.jpg,green,5
c:\Users\hasibul shaikh\Documents\Car_Color_Detection_AI\data\raw\archive (6)\val\beige\85767a403b.jpg,beige,0
c:\Users\hasibul shaikh\Documents\Car_Color_Detection_AI\data\raw\archive (6)\val\green\d0080d5af9.jpg,green,5
c:\Users\hasibul shaikh\Documents\Car_Color_Detection_AI\data\raw\archive (6)\train\yellow\e4118b0b9c.jpg,yellow,14
c:\Users\hasibul shaikh\Documents\Car_Color_Detection_AI\data\raw\archive (6)\train\purple\d38df1500f.jpg,purple,9
c:\Users\hasibul shaikh\Documents\Car_Color_Detection_AI\data\raw\archive (6)\train\red\cde4793768.jpg,red,10
c:\Users\hasibul shaikh\Documents\Car_Color_Detection_AI\data\raw\archive (6)\train\blue\5f3a1cd73a.jpg,blue,2
c:\Users\hasibul shaikh\Documents\Car_Color_Detection_AI\data\raw\archive (6)\train\purple\bb5f6e54fb.jpg,purple,9
c:\Users\hasibul shaikh\Documents\Car_Color_Detection_AI\data\raw\archive (6)\train\brown\d3cce8866b.jpg,brown,3
c:\Users\hasibul shaikh\Documents\Car_Color_Detection_AI\data\raw\archive (6)\train\gold\20ae2590ae.jpg,gold,4
c:\Users\hasibul shaikh\Documents\Car_Color_Detection_AI\data\raw\archive (6)\test\orange\bb53cf3d66.jpg,orange,7
c:\Users\hasibul shaikh\Documents\Car_Color_Detection_AI\data\raw\archive (6)\train\grey\cb99d2a036.jpg,grey,6
c:\Users\hasibul shaikh\Documents\Car_Color_Detection_AI\data\raw\archive (6)\test\grey\269f46637d.jpg,grey,6
c:\Users\hasibul shaikh\Documents\Car_Color_Detection_AI\data\raw\archive (6)\train\yellow\ffcaad9490.jpg,yellow,14
c:\Users\hasibul shaikh\Documents\Car_Color_Detection_AI\data\raw\archive (6)\train\brown\35d88e11df.jpg,brown,3
c:\Users\hasibul shaikh\Documents\Car_Color_Detection_AI\data\raw\archive (6)\train\brown\db41bb4022.jpg,brown,3
c:\Users\hasibul shaikh\Documents\Car_Color_Detection_AI\data\raw\archive (6)\train\yellow\46da0036be.jpg,yellow,14
c:\Users\hasibul shaikh\Documents\Car_Color_Detection_AI\data\raw\archive (6)\test\brown\2e7515d2b8.jpg,brown,3
c:\Users\hasibul shaikh\Documents\Car_Color_Detection_AI\data\raw\archive (6)\train\brown\ebb2a0526d.jpg,brown,3
c:\Users\hasibul shaikh\Documents\Car_Color_Detection_AI\data\raw\archive (6)\train\black\e4d9cd9042.jpg,black,1
c:\Users\hasibul shaikh\Documents\Car_Color_Detection_AI\data\raw\archive (6)\train\black\4ab10ae89a.jpg,black,1
c:\Users\hasibul shaikh\Documents\Car_Color_Detection_AI\data\raw\archive (6)\val\orange\cfb44a09d0.jpg,orange,7
c:\Users\hasibul shaikh\Documents\Car_Color_Detection_AI\data\raw\archive (6)\train\red\e0c3bb6ee3.jpg,red,10
c:\Users\hasibul shaikh\Documents\Car_Color_Detection_AI\data\raw\archive (6)\train\silver\12b71dc262.jpg,silver,11
c:\Users\hasibul shaikh\Documents\Car_Color_Detection_AI\data\raw\archive (6)\train\green\37f4b8c7a6.jpg,green,5
c:\Users\hasibul shaikh\Documents\Car_Color_Detection_AI\data\raw\archive (6)\val\red\5db1899af9.jpg,red,10
c:\Users\hasibul shaikh\Documents\Car_Color_Detection_AI\data\raw\archive (6)\train\grey\cc4a2022da.jpg,grey,6
c:\Users\hasibul shaikh\Documents\Car_Color_Detection_AI\data\raw\archive (6)\train\blue\176e1fbb70.jpg,blue,2
c:\Users\hasibul shaikh\Documents\Car_Color_Detection_AI\data\raw\archive (6)\train\tan\b1186ad5ab.jpg,tan,12
c:\Users\hasibul shaikh\Documents\Car_Color_Detection_AI\data\raw\archive (6)\val\brown\ecfafa5280.jpg,brown,3
c:\Users\hasibul shaikh\Documents\Car_Color_Detection_AI\data\raw\archive (6)\test\green\5e9c57e3f7.jpg,green,5
c:\Users\hasibul shaikh\Documents\Car_Color_Detection_AI\data\raw\archive (6)\train\blue\71fa4c9309.jpg,blue,2
c:\Users\hasibul shaikh\Documents\Car_Color_Detection_AI\data\raw\archive (6)\train\blue\637b1ebbe4.jpg,blue,2
c:\Users\hasibul shaikh\Documents\Car_Color_Detection_AI\data\raw\archive (6)\train\silver\f743bcf6e1.jpg,silver,11
c:\Users\hasibul shaikh\Documents\Car_Color_Detection_AI\data\raw\archive (6)\test\red\52b2996102.jpg,red,10
c:\Users\hasibul shaikh\Documents\Car_Color_Detection_AI\data\raw\archive (6)\val\brown\b78a9dfb9b.jpg,brown,3
c:\Users\hasibul shaikh\Documents\Car_Color_Detection_AI\data\raw\archive (6)\train\orange\1f5dbe03bc.jpg,orange,7
c:\Users\hasibul shaikh\Documents\Car_Color_Detection_AI\data\raw\archive (6)\train\white\4726bf9d2c.jpg,white,13
c:\Users\hasibul shaikh\Documents\Car_Color_Detection_AI\data\raw\archive (6)\val\grey\a30e0615cf.jpg,grey,6
c:\Users\hasibul shaikh\Documents\Car_Color_Detection_AI\data\raw\archive (6)\train\purple\43e6db209b.jpg,purple,9
c:\Users\hasibul shaikh\Documents\Car_Color_Detection_AI\data\raw\archive (6)\val\gold\432531685c.jpg,gold,4
c:\Users\hasibul shaikh\Documents\Car_Color_Detection_AI\data\raw\archive (6)\train\green\464674755d.jpg,green,5
c:\Users\hasibul shaikh\Documents\Car_Color_Detection_AI\data\raw\archive (6)\train\beige\21279ba5ff.jpg,beige,0
c:\Users\hasibul shaikh\Documents\Car_Color_Detection_AI\data\raw\archive (6)\val\purple\506af4e63b.jpg,purple,9
c:\Users\hasibul shaikh\Documents\Car_Color_Detection_AI\data\raw\archive (6)\test\pink\95133c9284.jpg,pink,8
c:\Users\hasibul shaikh\Documents\Car_Color_Detection_AI\data\raw\archive (6)\train\black\98568c2483.jpg,black,1
c:\Users\hasibul shaikh\Documents\Car_Color_Detection_AI\data\raw\archive (6)\test\tan\029fcc83af.jpg,tan,12
c:\Users\hasibul shaikh\Documents\Car_Color_Detection_AI\data\raw\archive (6)\val\beige\5f79d270d7.jpg,beige,0
c:\Users\hasibul shaikh\Documents\Car_Color_Detection_AI\data\raw\archive (6)\train\purple\9e5d9aab43.jpg,purple,9
c:\Users\hasibul shaikh\Documents\Car_Color_Detection_AI\data\raw\archive (6)\train\tan\aa91eb454b.jpg,tan,12
c:\Users\hasibul shaikh\Documents\Car_Color_Detection_AI\data\raw\archive (6)\test\red\5661898df1.jpg,red,10
c:\Users\hasibul shaikh\Documents\Car_Color_Detection_AI\data\raw\archive (6)\train\beige\1c880ff70f.jpg,beige,0
c:\Users\hasibul shaikh\Documents\Car_Color_Detection_AI\data\raw\archive (6)\test\blue\6ba7408554.jpg,blue,2
c:\Users\hasibul shaikh\Documents\Car_Color_Detection_AI\data\raw\archive (6)\test\black\40c75b2df4.jpg,black,1
c:\Users\hasibul shaikh\Documents\Car_Color_Detection_AI\data\raw\archive (6)\train\beige\8d5feed42b.jpg,beige,0
c:\Users\hasibul shaikh\Documents\Car_Color_Detection_AI\data\raw\archive (6)\val\white\fcaeead7b7.jpg,white,13
c:\Users\hasibul shaikh\Documents\Car_Color_Detection_AI\data\raw\archive (6)\train\purple\7f216ec9c1.jpg,purple,9
c:\Users\hasibul shaikh\Documents\Car_Color_Detection_AI\data\raw\archive (6)\val\tan\462e6c128f.jpg,tan,12
c:\Users\hasibul shaikh\Documents\Car_Color_Detection_AI\data\raw\archive (6)\val\black\8fd3f27f29.jpg,black,1
c:\Users\hasibul shaikh\Documents\Car_Color_Detection_AI\data\raw\archive (6)\train\brown\446ffb8684.jpg,brown,3
c:\Users\hasibul shaikh\Documents\Car_Color_Detection_AI\data\raw\archive (6)\val\green\3d9d7c4fb7.jpg,green,5
c:\Users\hasibul shaikh\Documents\Car_Color_Detection_AI\data\raw\archive (6)\train\black\405ecfcb65.jpg,black,1
c:\Users\hasibul shaikh\Documents\Car_Color_Detection_AI\data\raw\archive (6)\test\red\56783be736.jpg,red,10
c:\Users\hasibul shaikh\Documents\Car_Color_Detection_AI\data\raw\archive (6)\train\beige\047c3235ad.jpg,beige,0
c:\Users\hasibul shaikh\Documents\Car_Color_Detection_AI\data\raw\archive (6)\test\purple\949ca843ac.jpg,purple,9
c:\Users\hasibul shaikh\Documents\Car_Color_Detection_AI\data\raw\archive (6)\train\green\e0e3a49ec2.jpg,green,5
c:\Users\hasibul shaikh\Documents\Car_Color_Detection_AI\data\raw\archive (6)\train\blue\ddb81aa1a0.jpg,blue,2
c:\Users\hasibul shaikh\Documents\Car_Color_Detection_AI\data\raw\archive (6)\train\gold\3f97f764a3.jpg,gold,4
c:\Users\hasibul shaikh\Documents\Car_Color_Detection_AI\data\raw\archive (6)\train\black\4e00096af0.jpg,black,1
c:\Users\hasibul shaikh\Documents\Car_Color_Detection_AI\data\raw\archive (6)\train\tan\ebebbd3a2e.jpg,tan,12
c:\Users\hasibul shaikh\Documents\Car_Color_Detection_AI\data\raw\archive (6)\train\beige\e2809eb6a5.jpg,beige,0
c:\Users\hasibul shaikh\Documents\Car_Color_Detection_AI\data\raw\archive (6)\train\yellow\a981556a9b.jpg,yellow,14
c:\Users\hasibul shaikh\Documents\Car_Color_Detection_AI\data\raw\archive (6)\train\blue\8d940433f0.jpg,blue,2
c:\Users\hasibul shaikh\Documents\Car_Color_Detection_AI\data\raw\archive (6)\test\white\14ea8b1ca6.jpg,white,13
c:\Users\hasibul shaikh\Documents\Car_Color_Detection_AI\data\raw\archive (6)\train\silver\534d34e432.jpg,silver,11
c:\Users\hasibul shaikh\Documents\Car_Color_Detection_AI\data\raw\archive (6)\train\green\fbf08d1657.jpg,green,5
c:\Users\hasibul shaikh\Documents\Car_Color_Detection_AI\data\raw\archive (6)\test\purple\4711007503.jpg,purple,9
c:\Users\hasibul shaikh\Documents\Car_Color_Detection_AI\data\raw\archive (6)\train\orange\563e4380a9.jpg,orange,7
c:\Users\hasibul shaikh\Documents\Car_Color_Detection_AI\data\raw\archive (6)\train\brown\ca9edc3ef4.jpg,brown,3
c:\Users\hasibul shaikh\Documents\Car_Color_Detection_AI\data\raw\archive (6)\train\tan\05c007ec93.jpg,tan,12
c:\Users\hasibul shaikh\Documents\Car_Color_Detection_AI\data\raw\archive (6)\train\gold\a982e2d905.jpg,gold,4
c:\Users\hasibul shaikh\Documents\Car_Color_Detection_AI\data\raw\archive (6)\train\beige\c9d2cd02c4.jpg,beige,0
c:\Users\hasibul shaikh\Documents\Car_Color_Detection_AI\data\raw\archive (6)\train\blue\1029f00eea.jpg,blue,2
c:\Users\hasibul shaikh\Documents\Car_Color_Detection_AI\data\raw\archive (6)\test\yellow\feeded3e6e.jpg,yellow,14
c:\Users\hasibul shaikh\Documents\Car_Color_Detection_AI\data\raw\archive (6)\train\brown\b942f05a7c.jpg,brown,3
c:\Users\hasibul shaikh\Documents\Car_Color_Detection_AI\data\raw\archive (6)\train\tan\122f485ac4.jpg,tan,12
c:\Users\hasibul shaikh\Documents\Car_Color_Detection_AI\data\raw\archive (6)\train\blue\2a2f3ea452.jpg,blue,2
c:\Users\hasibul shaikh\Documents\Car_Color_Detection_AI\data\raw\archive (6)\val\black\ef08b8316c.jpg,black,1
c:\Users\hasibul shaikh\Documents\Car_Color_Detection_AI\data\raw\archive (6)\train\white\8903f3a50e.jpg,white,13
c:\Users\hasibul shaikh\Documents\Car_Color_Detection_AI\data\raw\archive (6)\train\white\f660c39018.jpg,white,13
c:\Users\hasibul shaikh\Documents\Car_Color_Detection_AI\data\raw\archive (6)\val\blue\ed0c795149.jpg,blue,2
c:\Users\hasibul shaikh\Documents\Car_Color_Detection_AI\data\raw\archive (6)\train\brown\8b01042608.jpg,brown,3
c:\Users\hasibul shaikh\Documents\Car_Color_Detection_AI\data\raw\archive (6)\train\tan\ced51f2799.jpg,tan,12
c:\Users\hasibul shaikh\Documents\Car_Color_Detection_AI\data\raw\archive (6)\train\silver\bcc7ba131e.jpg,silver,11
c:\Users\hasibul shaikh\Documents\Car_Color_Detection_AI\data\raw\archive (6)\train\blue\3da7923ba3.jpg,blue,2
c:\Users\hasibul shaikh\Documents\Car_Color_Detection_AI\data\raw\archive (6)\train\red\c67cedfbe3.jpg,red,10
c:\Users\hasibul shaikh\Documents\Car_Color_Detection_AI\data\raw\archive (6)\val\green\2d79fb4590.jpg,green,5
c:\Users\hasibul shaikh\Documents\Car_Color_Detection_AI\data\raw\archive (6)\train\orange\eb25a96e49.jpg,orange,7
c:\Users\hasibul shaikh\Documents\Car_Color_Detection_AI\data\raw\archive (6)\train\orange\bbbd1c862e.jpg,orange,7
c:\Users\hasibul shaikh\Documents\Car_Color_Detection_AI\data\raw\archive (6)\train\yellow\a5707969cd.jpg,yellow,14
c:\Users\hasibul shaikh\Documents\Car_Color_Detection_AI\data\raw\archive (6)\train\green\77707ed210.jpg,green,5
c:\Users\hasibul shaikh\Documents\Car_Color_Detection_AI\data\raw\archive (6)\train\grey\edde12ba15.jpg,grey,6
c:\Users\hasibul shaikh\Documents\Car_Color_Detection_AI\data\raw\archive (6)\train\green\4263f15dea.jpg,green,5
c:\Users\hasibul shaikh\Documents\Car_Color_Detection_AI\data\raw\archive (6)\train\brown\43b04d59e3.jpg,brown,3
c:\Users\hasibul shaikh\Documents\Car_Color_Detection_AI\data\raw\archive (6)\train\blue\0ce8a60c73.jpg,blue,2
c:\Users\hasibul shaikh\Documents\Car_Color_Detection_AI\data\raw\archive (6)\train\yellow\17e0ad5645.jpg,yellow,14
c:\Users\hasibul shaikh\Documents\Car_Color_Detection_AI\data\raw\archive (6)\train\red\336693e681.jpg,red,10
c:\Users\hasibul shaikh\Documents\Car_Color_Detection_AI\data\raw\archive (6)\train\red\6dc075a3b4.jpg,red,10
c:\Users\hasibul shaikh\Documents\Car_Color_Detection_AI\data\raw\archive (6)\train\tan\936009119d.jpg,tan,12
c:\Users\hasibul shaikh\Documents\Car_Color_Detection_AI\data\raw\archive (6)\val\brown\6c7fcbc884.jpg,brown,3
c:\Users\hasibul shaikh\Documents\Car_Color_Detection_AI\data\raw\archive (6)\train\grey\4a36d7178d.jpg,grey,6
c:\Users\hasibul shaikh\Documents\Car_Color_Detection_AI\data\raw\archive (6)\train\white\491f30fff2.jpg,white,13
c:\Users\hasibul shaikh\Documents\Car_Color_Detection_AI\data\raw\archive (6)\train\orange\3c86289041.jpg,orange,7
c:\Users\hasibul shaikh\Documents\Car_Color_Detection_AI\data\raw\archive (6)\train\purple\3701be83d6.jpg,purple,9
c:\Users\hasibul shaikh\Documents\Car_Color_Detection_AI\data\raw\archive (6)\train\orange\0efa962781.jpg,orange,7
c:\Users\hasibul shaikh\Documents\Car_Color_Detection_AI\data\raw\archive (6)\val\blue\aac7f5ade6.jpg,blue,2
c:\Users\hasibul shaikh\Documents\Car_Color_Detection_AI\data\raw\archive (6)\val\red\6e77e03b96.jpg,red,10
c:\Users\hasibul shaikh\Documents\Car_Color_Detection_AI\data\raw\archive (6)\test\white\6e7b33a43f.jpg,white,13
c:\Users\hasibul shaikh\Documents\Car_Color_Detection_AI\data\raw\archive (6)\train\brown\2d1a7d1f14.jpg,brown,3
c:\Users\hasibul shaikh\Documents\Car_Color_Detection_AI\data\raw\archive (6)\train\tan\c9998d51b0.jpg,tan,12
c:\Users\hasibul shaikh\Documents\Car_Color_Detection_AI\data\raw\archive (6)\test\red\044ed301f3.jpg,red,10
c:\Users\hasibul shaikh\Documents\Car_Color_Detection_AI\data\raw\archive (6)\train\white\eb1c4d0566.jpg,white,13
c:\Users\hasibul shaikh\Documents\Car_Color_Detection_AI\data\raw\archive (6)\train\gold\2a99f657fd.jpg,gold,4
c:\Users\hasibul shaikh\Documents\Car_Color_Detection_AI\data\raw\archive (6)\val\orange\2fc26f0483.jpg,orange,7
c:\Users\hasibul shaikh\Documents\Car_Color_Detection_AI\data\raw\archive (6)\val\silver\6d927da637.jpg,silver,11
c:\Users\hasibul shaikh\Documents\Car_Color_Detection_AI\data\raw\archive (6)\train\purple\29c7b5e071.jpg,purple,9
c:\Users\hasibul shaikh\Documents\Car_Color_Detection_AI\data\raw\archive (6)\train\beige\663e3b7a82.jpg,beige,0
c:\Users\hasibul shaikh\Documents\Car_Color_Detection_AI\data\raw\archive (6)\val\white\46ee202f2d.jpg,white,13
c:\Users\hasibul shaikh\Documents\Car_Color_Detection_AI\data\raw\archive (6)\val\black\717e35b689.jpg,black,1
c:\Users\hasibul shaikh\Documents\Car_Color_Detection_AI\data\raw\archive (6)\test\brown\dd5f521829.jpg,brown,3
c:\Users\hasibul shaikh\Documents\Car_Color_Detection_AI\data\raw\archive (6)\train\yellow\9018e5c48b.jpg,yellow,14
c:\Users\hasibul shaikh\Documents\Car_Color_Detection_AI\data\raw\archive (6)\train\purple\3d04d46bbe.jpg,purple,9
c:\Users\hasibul shaikh\Documents\Car_Color_Detection_AI\data\raw\archive (6)\train\silver\c466ed749b.jpg,silver,11
c:\Users\hasibul shaikh\Documents\Car_Color_Detection_AI\data\raw\archive (6)\train\grey\16344b2659.jpg,grey,6
c:\Users\hasibul shaikh\Documents\Car_Color_Detection_AI\data\raw\archive (6)\train\orange\1e647d4d6e.jpg,orange,7
c:\Users\hasibul shaikh\Documents\Car_Color_Detection_AI\data\raw\archive (6)\test\black\5b04bb0dab.jpg,black,1
c:\Users\hasibul shaikh\Documents\Car_Color_Detection_AI\data\raw\archive (6)\train\green\eb60f69641.jpg,green,5
c:\Users\hasibul shaikh\Documents\Car_Color_Detection_AI\data\raw\archive (6)\train\purple\b79bbdf811.jpg,purple,9
c:\Users\hasibul shaikh\Documents\Car_Color_Detection_AI\data\raw\archive (6)\train\orange\915cf4851f.jpg,orange,7
c:\Users\hasibul shaikh\Documents\Car_Color_Detection_AI\data\raw\archive (6)\test\purple\9c34a61915.jpg,purple,9
c:\Users\hasibul shaikh\Documents\Car_Color_Detection_AI\data\raw\archive (6)\train\yellow\4ee6c609ce.jpg,yellow,14
c:\Users\hasibul shaikh\Documents\Car_Color_Detection_AI\data\raw\archive (6)\train\white\2491c92cf7.jpg,white,13
c:\Users\hasibul shaikh\Documents\Car_Color_Detection_AI\data\raw\archive (6)\val\silver\7fda62fbff.jpg,silver,11
c:\Users\hasibul shaikh\Documents\Car_Color_Detection_AI\data\raw\archive (6)\train\grey\693f2976dc.jpg,grey,6
c:\Users\hasibul shaikh\Documents\Car_Color_Detection_AI\data\raw\archive (6)\val\beige\8e95a95686.jpg,beige,0
c:\Users\hasibul shaikh\Documents\Car_Color_Detection_AI\data\raw\archive (6)\val\silver\fb122eba5e.jpg,silver,11
c:\Users\hasibul shaikh\Documents\Car_Color_Detection_AI\data\raw\archive (6)\train\blue\87f6aed2df.jpg,blue,2
c:\Users\hasibul shaikh\Documents\Car_Color_Detection_AI\data\raw\archive (6)\train\silver\d3f240a7c5.jpg,silver,11
c:\Users\hasibul shaikh\Documents\Car_Color_Detection_AI\data\raw\archive (6)\train\grey\cdc8daad0e.jpg,grey,6
c:\Users\hasibul shaikh\Documents\Car_Color_Detection_AI\data\raw\archive (6)\test\yellow\f99b92b424.jpg,yellow,14
c:\Users\hasibul shaikh\Documents\Car_Color_Detection_AI\data\raw\archive (6)\train\yellow\2b7d9f8db2.jpg,yellow,14
c:\Users\hasibul shaikh\Documents\Car_Color_Detection_AI\data\raw\archive (6)\val\pink\f6a1900abd.jpg,pink,8
c:\Users\hasibul shaikh\Documents\Car_Color_Detection_AI\data\raw\archive (6)\train\yellow\e2e6006fec.jpg,yellow,14
c:\Users\hasibul shaikh\Documents\Car_Color_Detection_AI\data\raw\archive (6)\train\yellow\a5b650d0fb.jpg,yellow,14
c:\Users\hasibul shaikh\Documents\Car_Color_Detection_AI\data\raw\archive (6)\train\blue\3e73ac141b.jpg,blue,2
c:\Users\hasibul shaikh\Documents\Car_Color_Detection_AI\data\raw\archive (6)\train\gold\80db9a51fd.jpg,gold,4
c:\Users\hasibul shaikh\Documents\Car_Color_Detection_AI\data\raw\archive (6)\train\purple\8ac1297d5c.jpg,purple,9
c:\Users\hasibul shaikh\Documents\Car_Color_Detection_AI\data\raw\archive (6)\val\brown\0be4f72e5e.jpg,brown,3
c:\Users\hasibul shaikh\Documents\Car_Color_Detection_AI\data\raw\archive (6)\val\red\9b0590f6bb.jpg,red,10
c:\Users\hasibul shaikh\Documents\Car_Color_Detection_AI\data\raw\archive (6)\val\brown\d349c29b3d.jpg,brown,3
c:\Users\hasibul shaikh\Documents\Car_Color_Detection_AI\data\raw\archive (6)\train\grey\13e149518b.jpg,grey,6
c:\Users\hasibul shaikh\Documents\Car_Color_Detection_AI\data\raw\archive (6)\train\green\621e0896a8.jpg,green,5
c:\Users\hasibul shaikh\Documents\Car_Color_Detection_AI\data\raw\archive (6)\train\purple\5f8ba90847.jpg,purple,9
c:\Users\hasibul shaikh\Documents\Car_Color_Detection_AI\data\raw\archive (6)\train\blue\8bd762efb5.jpg,blue,2
c:\Users\hasibul shaikh\Documents\Car_Color_Detection_AI\data\raw\archive (6)\train\tan\803e172112.jpg,tan,12
c:\Users\hasibul shaikh\Documents\Car_Color_Detection_AI\data\raw\archive (6)\train\black\adc0a48425.jpg,black,1
c:\Users\hasibul shaikh\Documents\Car_Color_Detection_AI\data\raw\archive (6)\test\red\450deda378.jpg,red,10
c:\Users\hasibul shaikh\Documents\Car_Color_Detection_AI\data\raw\archive (6)\train\gold\76e2d5fb35.jpg,gold,4
c:\Users\hasibul shaikh\Documents\Car_Color_Detection_AI\data\raw\archive (6)\test\grey\b84bd355f9.jpg,grey,6
c:\Users\hasibul shaikh\Documents\Car_Color_Detection_AI\data\raw\archive (6)\train\green\ecaed02422.jpg,green,5
c:\Users\hasibul shaikh\Documents\Car_Color_Detection_AI\data\raw\archive (6)\val\gold\006e9733de.jpg,gold,4
c:\Users\hasibul shaikh\Documents\Car_Color_Detection_AI\data\raw\archive (6)\train\blue\0fa44a4a43.jpg,blue,2
c:\Users\hasibul shaikh\Documents\Car_Color_Detection_AI\data\raw\archive (6)\test\blue\8d4fa9f085.jpg,blue,2
c:\Users\hasibul shaikh\Documents\Car_Color_Detection_AI\data\raw\archive (6)\train\red\d1dc86ad9f.jpg,red,10
c:\Users\hasibul shaikh\Documents\Car_Color_Detection_AI\data\raw\archive (6)\test\red\dd6d3e3e40.jpg,red,10
c:\Users\hasibul shaikh\Documents\Car_Color_Detection_AI\data\raw\archive (6)\test\yellow\5ca0e4456f.jpg,yellow,14
c:\Users\hasibul shaikh\Documents\Car_Color_Detection_AI\data\raw\archive (6)\val\yellow\cce722de14.jpg,yellow,14
c:\Users\hasibul shaikh\Documents\Car_Color_Detection_AI\data\raw\archive (6)\train\purple\4d4f2f8765.jpg,purple,9
c:\Users\hasibul shaikh\Documents\Car_Color_Detection_AI\data\raw\archive (6)\train\red\37f0e73aab.jpg,red,10
c:\Users\hasibul shaikh\Documents\Car_Color_Detection_AI\data\raw\archive (6)\train\blue\bc41083aae.jpg,blue,2
c:\Users\hasibul shaikh\Documents\Car_Color_Detection_AI\data\raw\archive (6)\train\purple\ebce551db1.jpg,purple,9
c:\Users\hasibul shaikh\Documents\Car_Color_Detection_AI\data\raw\archive (6)\train\yellow\a5e4e9e727.jpg,yellow,14
c:\Users\hasibul shaikh\Documents\Car_Color_Detection_AI\data\raw\archive (6)\train\yellow\6a1e5e4f26.jpg,yellow,14
c:\Users\hasibul shaikh\Documents\Car_Color_Detection_AI\data\raw\archive (6)\train\silver\f564f8df55.jpg,silver,11
c:\Users\hasibul shaikh\Documents\Car_Color_Detection_AI\data\raw\archive (6)\val\orange\16baa2e702.jpg,orange,7
c:\Users\hasibul shaikh\Documents\Car_Color_Detection_AI\data\raw\archive (6)\train\tan\2c93ba1a42.jpg,tan,12
c:\Users\hasibul shaikh\Documents\Car_Color_Detection_AI\data\raw\archive (6)\val\red\67bb23f303.jpg,red,10
c:\Users\hasibul shaikh\Documents\Car_Color_Detection_AI\data\raw\archive (6)\train\red\451ba50b70.jpg,red,10
c:\Users\hasibul shaikh\Documents\Car_Color_Detection_AI\data\raw\archive (6)\train\blue\0009a2f7b0.jpg,blue,2
c:\Users\hasibul shaikh\Documents\Car_Color_Detection_AI\data\raw\archive (6)\train\brown\bdbe405778.jpg,brown,3
c:\Users\hasibul shaikh\Documents\Car_Color_Detection_AI\data\raw\archive (6)\train\pink\5801dbcb1e.jpg,pink,8
c:\Users\hasibul shaikh\Documents\Car_Color_Detection_AI\data\raw\archive (6)\train\beige\88f0939620.jpg,beige,0
c:\Users\hasibul shaikh\Documents\Car_Color_Detection_AI\data\raw\archive (6)\train\yellow\d36ea4455b.jpg,yellow,14
c:\Users\hasibul shaikh\Documents\Car_Color_Detection_AI\data\raw\archive (6)\train\beige\2ffb7df8bc.jpg,beige,0
c:\Users\hasibul shaikh\Documents\Car_Color_Detection_AI\data\raw\archive (6)\train\beige\f5d472892e.jpg,beige,0
c:\Users\hasibul shaikh\Documents\Car_Color_Detection_AI\data\raw\archive (6)\train\red\f4f88d5435.jpg,red,10
c:\Users\hasibul shaikh\Documents\Car_Color_Detection_AI\data\raw\archive (6)\test\red\1fc0badd4a.jpg,red,10
c:\Users\hasibul shaikh\Documents\Car_Color_Detection_AI\data\raw\archive (6)\train\purple\1b6b018254.jpg,purple,9
c:\Users\hasibul shaikh\Documents\Car_Color_Detection_AI\data\raw\archive (6)\train\silver\a8dc145df5.jpg,silver,11
c:\Users\hasibul shaikh\Documents\Car_Color_Detection_AI\data\raw\archive (6)\val\beige\61a9658f8e.jpg,beige,0
c:\Users\hasibul shaikh\Documents\Car_Color_Detection_AI\data\raw\archive (6)\train\red\eaf66d6403.jpg,red,10
c:\Users\hasibul shaikh\Documents\Car_Color_Detection_AI\data\raw\archive (6)\train\orange\7c5961d44c.jpg,orange,7
c:\Users\hasibul shaikh\Documents\Car_Color_Detection_AI\data\raw\archive (6)\train\yellow\72a5891d27.jpg,yellow,14
c:\Users\hasibul shaikh\Documents\Car_Color_Detection_AI\data\raw\archive (6)\train\red\a953454392.jpg,red,10
c:\Users\hasibul shaikh\Documents\Car_Color_Detection_AI\data\raw\archive (6)\train\green\76a5adec61.jpg,green,5
c:\Users\hasibul shaikh\Documents\Car_Color_Detection_AI\data\raw\archive (6)\test\green\4bfdd697c2.jpg,green,5
c:\Users\hasibul shaikh\Documents\Car_Color_Detection_AI\data\raw\archive (6)\val\black\b3ad9e5d45.jpg,black,1
c:\Users\hasibul shaikh\Documents\Car_Color_Detection_AI\data\raw\archive (6)\test\blue\f3db5b71ac.jpg,blue,2
c:\Users\hasibul shaikh\Documents\Car_Color_Detection_AI\data\raw\archive (6)\train\grey\cea84db8ec.jpg,grey,6
c:\Users\hasibul shaikh\Documents\Car_Color_Detection_AI\data\raw\archive (6)\train\tan\b59c7505d7.jpg,tan,12
c:\Users\hasibul shaikh\Documents\Car_Color_Detection_AI\data\raw\archive (6)\train\purple\26cdf38757.jpg,purple,9
c:\Users\hasibul shaikh\Documents\Car_Color_Detection_AI\data\raw\archive (6)\val\yellow\d96aa1e5e4.jpg,yellow,14
c:\Users\hasibul shaikh\Documents\Car_Color_Detection_AI\data\raw\archive (6)\train\purple\98b7c60889.jpg,purple,9
c:\Users\hasibul shaikh\Documents\Car_Color_Detection_AI\data\raw\archive (6)\train\orange\1a332abd7d.jpg,orange,7
c:\Users\hasibul shaikh\Documents\Car_Color_Detection_AI\data\raw\archive (6)\val\orange\893694ff6b.jpg,orange,7
c:\Users\hasibul shaikh\Documents\Car_Color_Detection_AI\data\raw\archive (6)\train\purple\017f25d856.jpg,purple,9
c:\Users\hasibul shaikh\Documents\Car_Color_Detection_AI\data\raw\archive (6)\train\yellow\317f32880b.jpg,yellow,14
c:\Users\hasibul shaikh\Documents\Car_Color_Detection_AI\data\raw\archive (6)\train\beige\0e31a852e9.jpg,beige,0
c:\Users\hasibul shaikh\Documents\Car_Color_Detection_AI\data\raw\archive (6)\train\silver\0b38f810b5.jpg,silver,11
c:\Users\hasibul shaikh\Documents\Car_Color_Detection_AI\data\raw\archive (6)\train\yellow\a5bccc08bf.jpg,yellow,14
c:\Users\hasibul shaikh\Documents\Car_Color_Detection_AI\data\raw\archive (6)\test\beige\c9189e73a8.jpg,beige,0
c:\Users\hasibul shaikh\Documents\Car_Color_Detection_AI\data\raw\archive (6)\test\yellow\2b04dfa66f.jpg,yellow,14
c:\Users\hasibul shaikh\Documents\Car_Color_Detection_AI\data\raw\archive (6)\test\beige\3451392eb0.jpg,beige,0
c:\Users\hasibul shaikh\Documents\Car_Color_Detection_AI\data\raw\archive (6)\val\silver\b296661328.jpg,silver,11
c:\Users\hasibul shaikh\Documents\Car_Color_Detection_AI\data\raw\archive (6)\train\black\68073d59b4.jpg,black,1
c:\Users\hasibul shaikh\Documents\Car_Color_Detection_AI\data\raw\archive (6)\val\yellow\be0db4260e.jpg,yellow,14
c:\Users\hasibul shaikh\Documents\Car_Color_Detection_AI\data\raw\archive (6)\train\red\35496f03db.jpg,red,10
c:\Users\hasibul shaikh\Documents\Car_Color_Detection_AI\data\raw\archive (6)\train\tan\385dd9adb6.jpg,tan,12
c:\Users\hasibul shaikh\Documents\Car_Color_Detection_AI\data\raw\archive (6)\val\white\3cb2692b22.jpg,white,13
c:\Users\hasibul shaikh\Documents\Car_Color_Detection_AI\data\raw\archive (6)\train\green\a563c90981.jpg,green,5
c:\Users\hasibul shaikh\Documents\Car_Color_Detection_AI\data\raw\archive (6)\test\red\abb642d30d.jpg,red,10
c:\Users\hasibul shaikh\Documents\Car_Color_Detection_AI\data\raw\archive (6)\test\red\8022dd2e64.jpg,red,10
c:\Users\hasibul shaikh\Documents\Car_Color_Detection_AI\data\raw\archive (6)\train\yellow\5a403ec1e3.jpg,yellow,14
c:\Users\hasibul shaikh\Documents\Car_Color_Detection_AI\data\raw\archive (6)\train\white\ea5d8f2c96.jpg,white,13
c:\Users\hasibul shaikh\Documents\Car_Color_Detection_AI\data\raw\archive (6)\val\red\455bf7f46a.jpg,red,10
c:\Users\hasibul shaikh\Documents\Car_Color_Detection_AI\data\raw\archive (6)\train\purple\b155ec4270.jpg,purple,9
c:\Users\hasibul shaikh\Documents\Car_Color_Detection_AI\data\raw\archive (6)\val\red\52bf8fd35e.jpg,red,10
c:\Users\hasibul shaikh\Documents\Car_Color_Detection_AI\data\raw\archive (6)\train\tan\af2c4d0a91.jpg,tan,12
c:\Users\hasibul shaikh\Documents\Car_Color_Detection_AI\data\raw\archive (6)\train\purple\6ee87ddf40.jpg,purple,9
c:\Users\hasibul shaikh\Documents\Car_Color_Detection_AI\data\raw\archive (6)\train\brown\f45a4e8190.jpg,brown,3
c:\Users\hasibul shaikh\Documents\Car_Color_Detection_AI\data\raw\archive (6)\train\white\cb74e61910.jpg,white,13
c:\Users\hasibul shaikh\Documents\Car_Color_Detection_AI\data\raw\archive (6)\train\orange\96b4c744ef.jpg,orange,7
c:\Users\hasibul shaikh\Documents\Car_Color_Detection_AI\data\raw\archive (6)\train\blue\6ad9f446d3.jpg,blue,2
c:\Users\hasibul shaikh\Documents\Car_Color_Detection_AI\data\raw\archive (6)\test\beige\683e7815cf.jpg,beige,0
c:\Users\hasibul shaikh\Documents\Car_Color_Detection_AI\data\raw\archive (6)\train\yellow\ba7b0c4b8e.jpg,yellow,14
c:\Users\hasibul shaikh\Documents\Car_Color_Detection_AI\data\raw\archive (6)\train\orange\38cf12eed6.jpg,orange,7
c:\Users\hasibul shaikh\Documents\Car_Color_Detection_AI\data\raw\archive (6)\test\black\c9f5548ce8.jpg,black,1
c:\Users\hasibul shaikh\Documents\Car_Color_Detection_AI\data\raw\archive (6)\train\purple\0b138e4bca.jpg,purple,9
c:\Users\hasibul shaikh\Documents\Car_Color_Detection_AI\data\raw\archive (6)\train\brown\d0ec89e1b0.jpg,brown,3
c:\Users\hasibul shaikh\Documents\Car_Color_Detection_AI\data\raw\archive (6)\test\tan\f648687fce.jpg,tan,12
c:\Users\hasibul shaikh\Documents\Car_Color_Detection_AI\data\raw\archive (6)\train\brown\e4d26b43b6.jpg,brown,3
c:\Users\hasibul shaikh\Documents\Car_Color_Detection_AI\data\raw\archive (6)\train\black\9ed85d7068.jpg,black,1
c:\Users\hasibul shaikh\Documents\Car_Color_Detection_AI\data\raw\archive (6)\train\grey\19acfeb09c.jpg,grey,6
c:\Users\hasibul shaikh\Documents\Car_Color_Detection_AI\data\raw\archive (6)\train\purple\4b6a6ecdc4.jpg,purple,9
c:\Users\hasibul shaikh\Documents\Car_Color_Detection_AI\data\raw\archive (6)\train\blue\489ca35394.jpg,blue,2
c:\Users\hasibul shaikh\Documents\Car_Color_Detection_AI\data\raw\archive (6)\train\blue\b1feebdcb5.jpg,blue,2
c:\Users\hasibul shaikh\Documents\Car_Color_Detection_AI\data\raw\archive (6)\train\pink\0002452fba.jpg,pink,8
c:\Users\hasibul shaikh\Documents\Car_Color_Detection_AI\data\raw\archive (6)\train\yellow\92970a6852.jpg,yellow,14
c:\Users\hasibul shaikh\Documents\Car_Color_Detection_AI\data\raw\archive (6)\train\brown\2a021dd0a4.jpg,brown,3
c:\Users\hasibul shaikh\Documents\Car_Color_Detection_AI\data\raw\archive (6)\test\purple\63ca343acb.jpg,purple,9
c:\Users\hasibul shaikh\Documents\Car_Color_Detection_AI\data\raw\archive (6)\train\blue\67169f2cf2.jpg,blue,2
c:\Users\hasibul shaikh\Documents\Car_Color_Detection_AI\data\raw\archive (6)\train\blue\d97905245a.jpg,blue,2
c:\Users\hasibul shaikh\Documents\Car_Color_Detection_AI\data\raw\archive (6)\train\beige\a90a5cdc02.jpg,beige,0
c:\Users\hasibul shaikh\Documents\Car_Color_Detection_AI\data\raw\archive (6)\test\orange\22bb32aa4a.jpg,orange,7
c:\Users\hasibul shaikh\Documents\Car_Color_Detection_AI\data\raw\archive (6)\train\red\fdd20ef070.jpg,red,10
c:\Users\hasibul shaikh\Documents\Car_Color_Detection_AI\data\raw\archive (6)\val\white\4b415a642e.jpg,white,13
c:\Users\hasibul shaikh\Documents\Car_Color_Detection_AI\data\raw\archive (6)\train\pink\8b76631b78.jpg,pink,8
c:\Users\hasibul shaikh\Documents\Car_Color_Detection_AI\data\raw\archive (6)\train\tan\3f895f1aa7.jpg,tan,12
c:\Users\hasibul shaikh\Documents\Car_Color_Detection_AI\data\raw\archive (6)\train\orange\19f72c70d8.jpg,orange,7
c:\Users\hasibul shaikh\Documents\Car_Color_Detection_AI\data\raw\archive (6)\val\pink\32e4977080.jpg,pink,8
c:\Users\hasibul shaikh\Documents\Car_Color_Detection_AI\data\raw\archive (6)\train\blue\3b9ba8e93e.jpg,blue,2
c:\Users\hasibul shaikh\Documents\Car_Color_Detection_AI\data\raw\archive (6)\train\red\a973947f6f.jpg,red,10
c:\Users\hasibul shaikh\Documents\Car_Color_Detection_AI\data\raw\archive (6)\test\purple\eb86f36934.jpg,purple,9
c:\Users\hasibul shaikh\Documents\Car_Color_Detection_AI\data\raw\archive (6)\train\silver\d41b611e53.jpg,silver,11
c:\Users\hasibul shaikh\Documents\Car_Color_Detection_AI\data\raw\archive (6)\val\yellow\3b6005d101.jpg,yellow,14
c:\Users\hasibul shaikh\Documents\Car_Color_Detection_AI\data\raw\archive (6)\train\pink\c598754aed.jpg,pink,8
c:\Users\hasibul shaikh\Documents\Car_Color_Detection_AI\data\raw\archive (6)\train\yellow\18facbe679.jpg,yellow,14
c:\Users\hasibul shaikh\Documents\Car_Color_Detection_AI\data\raw\archive (6)\test\brown\4652d3b9aa.jpg,brown,3
c:\Users\hasibul shaikh\Documents\Car_Color_Detection_AI\data\raw\archive (6)\train\blue\0e4a335005.jpg,blue,2
c:\Users\hasibul shaikh\Documents\Car_Color_Detection_AI\data\raw\archive (6)\train\black\afad730e28.jpg,black,1
c:\Users\hasibul shaikh\Documents\Car_Color_Detection_AI\data\raw\archive (6)\train\tan\06fddbec5e.jpg,tan,12
c:\Users\hasibul shaikh\Documents\Car_Color_Detection_AI\data\raw\archive (6)\train\red\ca3a527458.jpg,red,10
c:\Users\hasibul shaikh\Documents\Car_Color_Detection_AI\data\raw\archive (6)\test\pink\498c133eee.jpg,pink,8
c:\Users\hasibul shaikh\Documents\Car_Color_Detection_AI\data\raw\archive (6)\train\pink\234060ad40.jpg,pink,8
c:\Users\hasibul shaikh\Documents\Car_Color_Detection_AI\data\raw\archive (6)\train\purple\e8998b2513.jpg,purple,9
c:\Users\hasibul shaikh\Documents\Car_Color_Detection_AI\data\raw\archive (6)\test\pink\21c3c29c68.jpg,pink,8
c:\Users\hasibul shaikh\Documents\Car_Color_Detection_AI\data\raw\archive (6)\val\yellow\27ff53f44a.jpg,yellow,14
c:\Users\hasibul shaikh\Documents\Car_Color_Detection_AI\data\raw\archive (6)\train\blue\ec43a1fddd.jpg,blue,2
c:\Users\hasibul shaikh\Documents\Car_Color_Detection_AI\data\raw\archive (6)\val\purple\de6d419420.jpg,purple,9
c:\Users\hasibul shaikh\Documents\Car_Color_Detection_AI\data\raw\archive (6)\train\yellow\d829ef77c0.jpg,yellow,14
c:\Users\hasibul shaikh\Documents\Car_Color_Detection_AI\data\raw\archive (6)\train\brown\267310fead.jpg,brown,3
c:\Users\hasibul shaikh\Documents\Car_Color_Detection_AI\data\raw\archive (6)\train\black\544a4f8adb.jpg,black,1
c:\Users\hasibul shaikh\Documents\Car_Color_Detection_AI\data\raw\archive (6)\train\yellow\6b37c50208.jpg,yellow,14
c:\Users\hasibul shaikh\Documents\Car_Color_Detection_AI\data\raw\archive (6)\val\brown\c25f3bd6ba.jpg,brown,3
c:\Users\hasibul shaikh\Documents\Car_Color_Detection_AI\data\raw\archive (6)\train\grey\7415960c59.jpg,grey,6
c:\Users\hasibul shaikh\Documents\Car_Color_Detection_AI\data\raw\archive (6)\train\blue\eb22c2228c.jpg,blue,2
c:\Users\hasibul shaikh\Documents\Car_Color_Detection_AI\data\raw\archive (6)\train\pink\48f6494850.jpg,pink,8
c:\Users\hasibul shaikh\Documents\Car_Color_Detection_AI\data\raw\archive (6)\train\purple\3121dd304e.jpg,purple,9
c:\Users\hasibul shaikh\Documents\Car_Color_Detection_AI\data\raw\archive (6)\val\beige\10f73c38e8.jpg,beige,0
c:\Users\hasibul shaikh\Documents\Car_Color_Detection_AI\data\raw\archive (6)\train\green\55d618fa18.jpg,green,5
c:\Users\hasibul shaikh\Documents\Car_Color_Detection_AI\data\raw\archive (6)\train\brown\5f3beaf408.jpg,brown,3
c:\Users\hasibul shaikh\Documents\Car_Color_Detection_AI\data\raw\archive (6)\train\orange\eae2b8608d.jpg,orange,7
c:\Users\hasibul shaikh\Documents\Car_Color_Detection_AI\data\raw\archive (6)\test\purple\76432387d0.jpg,purple,9
c:\Users\hasibul shaikh\Documents\Car_Color_Detection_AI\data\raw\archive (6)\train\tan\c7ad388e22.jpg,tan,12
c:\Users\hasibul shaikh\Documents\Car_Color_Detection_AI\data\raw\archive (6)\train\yellow\5eddd295ed.jpg,yellow,14
c:\Users\hasibul shaikh\Documents\Car_Color_Detection_AI\data\raw\archive (6)\train\tan\1c29b07f3d.jpg,tan,12
c:\Users\hasibul shaikh\Documents\Car_Color_Detection_AI\data\raw\archive (6)\train\green\b9eeb21f1f.jpg,green,5
c:\Users\hasibul shaikh\Documents\Car_Color_Detection_AI\data\raw\archive (6)\train\pink\edf0e3462c.jpg,pink,8
c:\Users\hasibul shaikh\Documents\Car_Color_Detection_AI\data\raw\archive (6)\train\blue\d10a78a190.jpg,blue,2
c:\Users\hasibul shaikh\Documents\Car_Color_Detection_AI\data\raw\archive (6)\val\orange\028bb7c0f9.jpg,orange,7
c:\Users\hasibul shaikh\Documents\Car_Color_Detection_AI\data\raw\archive (6)\train\brown\ada34a8e49.jpg,brown,3
c:\Users\hasibul shaikh\Documents\Car_Color_Detection_AI\data\raw\archive (6)\train\blue\9b15d3e31a.jpg,blue,2
c:\Users\hasibul shaikh\Documents\Car_Color_Detection_AI\data\raw\archive (6)\train\pink\b81b11e5c8.jpg,pink,8
c:\Users\hasibul shaikh\Documents\Car_Color_Detection_AI\data\raw\archive (6)\train\white\9ef8b48f9b.jpg,white,13
c:\Users\hasibul shaikh\Documents\Car_Color_Detection_AI\data\raw\archive (6)\test\blue\5b56254370.jpg,blue,2
c:\Users\hasibul shaikh\Documents\Car_Color_Detection_AI\data\raw\archive (6)\val\red\d7554ca485.jpg,red,10
c:\Users\hasibul shaikh\Documents\Car_Color_Detection_AI\data\raw\archive (6)\test\tan\4f98077bda.jpg,tan,12
c:\Users\hasibul shaikh\Documents\Car_Color_Detection_AI\data\raw\archive (6)\train\white\f5e339003e.jpg,white,13
c:\Users\hasibul shaikh\Documents\Car_Color_Detection_AI\data\raw\archive (6)\train\brown\aa5f068936.jpg,brown,3
c:\Users\hasibul shaikh\Documents\Car_Color_Detection_AI\data\raw\archive (6)\train\orange\aea92a1e88.jpg,orange,7
c:\Users\hasibul shaikh\Documents\Car_Color_Detection_AI\data\raw\archive (6)\test\yellow\a3706fa985.jpg,yellow,14
c:\Users\hasibul shaikh\Documents\Car_Color_Detection_AI\data\raw\archive (6)\train\grey\d029ee029e.jpg,grey,6
c:\Users\hasibul shaikh\Documents\Car_Color_Detection_AI\data\raw\archive (6)\train\yellow\aeafd4afb8.jpg,yellow,14
c:\Users\hasibul shaikh\Documents\Car_Color_Detection_AI\data\raw\archive (6)\test\blue\167826858f.jpg,blue,2
c:\Users\hasibul shaikh\Documents\Car_Color_Detection_AI\data\raw\archive (6)\train\white\f0557dc8d0.jpg,white,13
c:\Users\hasibul shaikh\Documents\Car_Color_Detection_AI\data\raw\archive (6)\train\black\628b358f25.jpg,black,1
c:\Users\hasibul shaikh\Documents\Car_Color_Detection_AI\data\raw\archive (6)\train\black\0b4d184252.jpg,black,1
c:\Users\hasibul shaikh\Documents\Car_Color_Detection_AI\data\raw\archive (6)\train\blue\0896ab4970.jpg,blue,2
c:\Users\hasibul shaikh\Documents\Car_Color_Detection_AI\data\raw\archive (6)\train\white\033ea602eb.jpg,white,13
c:\Users\hasibul shaikh\Documents\Car_Color_Detection_AI\data\raw\archive (6)\test\tan\db4cf1e1d8.jpg,tan,12
c:\Users\hasibul shaikh\Documents\Car_Color_Detection_AI\data\raw\archive (6)\val\silver\f6453e8123.jpg,silver,11
c:\Users\hasibul shaikh\Documents\Car_Color_Detection_AI\data\raw\archive (6)\train\red\ab4bd62589.jpg,red,10
c:\Users\hasibul shaikh\Documents\Car_Color_Detection_AI\data\raw\archive (6)\train\purple\b082462a38.jpg,purple,9
c:\Users\hasibul shaikh\Documents\Car_Color_Detection_AI\data\raw\archive (6)\test\tan\f55aa5a24b.jpg,tan,12
c:\Users\hasibul shaikh\Documents\Car_Color_Detection_AI\data\raw\archive (6)\train\pink\3830280a0c.jpg,pink,8
c:\Users\hasibul shaikh\Documents\Car_Color_Detection_AI\data\raw\archive (6)\test\pink\0ed818b9e1.jpg,pink,8
c:\Users\hasibul shaikh\Documents\Car_Color_Detection_AI\data\raw\archive (6)\val\yellow\472758b188.jpg,yellow,14
c:\Users\hasibul shaikh\Documents\Car_Color_Detection_AI\data\raw\archive (6)\train\brown\ecca963f0c.jpg,brown,3
c:\Users\hasibul shaikh\Documents\Car_Color_Detection_AI\data\raw\archive (6)\val\beige\57ae9c3b7f.jpg,beige,0
c:\Users\hasibul shaikh\Documents\Car_Color_Detection_AI\data\raw\archive (6)\train\grey\a916eafd21.jpg,grey,6
c:\Users\hasibul shaikh\Documents\Car_Color_Detection_AI\data\raw\archive (6)\train\white\c92d531cb3.jpg,white,13
c:\Users\hasibul shaikh\Documents\Car_Color_Detection_AI\data\raw\archive (6)\train\purple\ae704dbaf0.jpg,purple,9
c:\Users\hasibul shaikh\Documents\Car_Color_Detection_AI\data\raw\archive (6)\train\red\0d9d806e0d.jpg,red,10
c:\Users\hasibul shaikh\Documents\Car_Color_Detection_AI\data\raw\archive (6)\train\beige\10b0df8c64.jpg,beige,0
c:\Users\hasibul shaikh\Documents\Car_Color_Detection_AI\data\raw\archive (6)\val\grey\6d70b9ebe9.jpg,grey,6
c:\Users\hasibul shaikh\Documents\Car_Color_Detection_AI\data\raw\archive (6)\train\silver\af7438b2d9.jpg,silver,11
c:\Users\hasibul shaikh\Documents\Car_Color_Detection_AI\data\raw\archive (6)\train\red\34eaa9f2fd.jpg,red,10
c:\Users\hasibul shaikh\Documents\Car_Color_Detection_AI\data\raw\archive (6)\train\beige\cc3fc8d605.jpg,beige,0
c:\Users\hasibul shaikh\Documents\Car_Color_Detection_AI\data\raw\archive (6)\train\white\5962a79dc6.jpg,white,13
c:\Users\hasibul shaikh\Documents\Car_Color_Detection_AI\data\raw\archive (6)\train\black\0e995c127c.jpg,black,1
c:\Users\hasibul shaikh\Documents\Car_Color_Detection_AI\data\raw\archive (6)\val\blue\f149bd6d66.jpg,blue,2
c:\Users\hasibul shaikh\Documents\Car_Color_Detection_AI\data\raw\archive (6)\train\black\5fe63450bb.jpg,black,1
c:\Users\hasibul shaikh\Documents\Car_Color_Detection_AI\data\raw\archive (6)\test\silver\265e0c330a.jpg,silver,11
c:\Users\hasibul shaikh\Documents\Car_Color_Detection_AI\data\raw\archive (6)\train\gold\43f60ffdc0.jpg,gold,4
c:\Users\hasibul shaikh\Documents\Car_Color_Detection_AI\data\raw\archive (6)\train\pink\365c49788e.jpg,pink,8
c:\Users\hasibul shaikh\Documents\Car_Color_Detection_AI\data\raw\archive (6)\test\tan\489ae81885.jpg,tan,12
c:\Users\hasibul shaikh\Documents\Car_Color_Detection_AI\data\raw\archive (6)\train\silver\803d627a88.jpg,silver,11
c:\Users\hasibul shaikh\Documents\Car_Color_Detection_AI\data\raw\archive (6)\test\beige\da718e351b.jpg,beige,0
c:\Users\hasibul shaikh\Documents\Car_Color_Detection_AI\data\raw\archive (6)\train\green\01cdd10376.jpg,green,5
c:\Users\hasibul shaikh\Documents\Car_Color_Detection_AI\data\raw\archive (6)\train\pink\fcdd5f0b5c.jpg,pink,8
c:\Users\hasibul shaikh\Documents\Car_Color_Detection_AI\data\raw\archive (6)\train\purple\3b046afdad.jpg,purple,9
c:\Users\hasibul shaikh\Documents\Car_Color_Detection_AI\data\raw\archive (6)\train\blue\f08195ce87.jpg,blue,2
c:\Users\hasibul shaikh\Documents\Car_Color_Detection_AI\data\raw\archive (6)\train\tan\f9a51d982b.jpg,tan,12
c:\Users\hasibul shaikh\Documents\Car_Color_Detection_AI\data\raw\archive (6)\train\white\3e64e6af4a.jpg,white,13
c:\Users\hasibul shaikh\Documents\Car_Color_Detection_AI\data\raw\archive (6)\test\gold\cfb09c412d.jpg,gold,4
c:\Users\hasibul shaikh\Documents\Car_Color_Detection_AI\data\raw\archive (6)\train\white\fcb6bfcb1a.jpg,white,13
c:\Users\hasibul shaikh\Documents\Car_Color_Detection_AI\data\raw\archive (6)\train\brown\87b263a162.jpg,brown,3
c:\Users\hasibul shaikh\Documents\Car_Color_Detection_AI\data\raw\archive (6)\test\green\5b0c894f7b.jpg,green,5
c:\Users\hasibul shaikh\Documents\Car_Color_Detection_AI\data\raw\archive (6)\train\red\cc58722603.jpg,red,10
c:\Users\hasibul shaikh\Documents\Car_Color_Detection_AI\data\raw\archive (6)\train\grey\742b1e4842.jpg,grey,6
c:\Users\hasibul shaikh\Documents\Car_Color_Detection_AI\data\raw\archive (6)\train\purple\9d9f4bbc48.jpg,purple,9
c:\Users\hasibul shaikh\Documents\Car_Color_Detection_AI\data\raw\archive (6)\train\brown\6fb12ddf4c.jpg,brown,3
c:\Users\hasibul shaikh\Documents\Car_Color_Detection_AI\data\raw\archive (6)\train\silver\bf60c339f2.jpg,silver,11
c:\Users\hasibul shaikh\Documents\Car_Color_Detection_AI\data\raw\archive (6)\train\white\86338312ca.jpg,white,13
c:\Users\hasibul shaikh\Documents\Car_Color_Detection_AI\data\raw\archive (6)\train\red\51af8d5b61.jpg,red,10
c:\Users\hasibul shaikh\Documents\Car_Color_Detection_AI\data\raw\archive (6)\train\white\c1eb71e863.jpg,white,13
c:\Users\hasibul shaikh\Documents\Car_Color_Detection_AI\data\raw\archive (6)\train\pink\0f477bc1c5.jpg,pink,8
c:\Users\hasibul shaikh\Documents\Car_Color_Detection_AI\data\raw\archive (6)\train\red\8fa1eeb8b7.jpg,red,10
c:\Users\hasibul shaikh\Documents\Car_Color_Detection_AI\data\raw\archive (6)\test\red\efd5a75e51.jpg,red,10
c:\Users\hasibul shaikh\Documents\Car_Color_Detection_AI\data\raw\archive (6)\train\green\b04f15e407.jpg,green,5
c:\Users\hasibul shaikh\Documents\Car_Color_Detection_AI\data\raw\archive (6)\train\yellow\a9127fe9ee.jpg,yellow,14
c:\Users\hasibul shaikh\Documents\Car_Color_Detection_AI\data\raw\archive (6)\train\orange\dedcc8e9d3.jpg,orange,7
c:\Users\hasibul shaikh\Documents\Car_Color_Detection_AI\data\raw\archive (6)\train\blue\f767e05993.jpg,blue,2
c:\Users\hasibul shaikh\Documents\Car_Color_Detection_AI\data\raw\archive (6)\train\purple\24e6337734.jpg,purple,9
c:\Users\hasibul shaikh\Documents\Car_Color_Detection_AI\data\raw\archive (6)\train\purple\49a15b9fd8.jpg,purple,9
c:\Users\hasibul shaikh\Documents\Car_Color_Detection_AI\data\raw\archive (6)\train\purple\57a1f9aab8.jpg,purple,9
c:\Users\hasibul shaikh\Documents\Car_Color_Detection_AI\data\raw\archive (6)\train\blue\fbd04c9b11.jpg,blue,2
c:\Users\hasibul shaikh\Documents\Car_Color_Detection_AI\data\raw\archive (6)\train\red\84d22ac261.jpg,red,10
c:\Users\hasibul shaikh\Documents\Car_Color_Detection_AI\data\raw\archive (6)\train\purple\5e6c9515dd.jpg,purple,9
c:\Users\hasibul shaikh\Documents\Car_Color_Detection_AI\data\raw\archive (6)\train\black\3127db3a40.jpg,black,1
c:\Users\hasibul shaikh\Documents\Car_Color_Detection_AI\data\raw\archive (6)\train\yellow\e79008988e.jpg,yellow,14
c:\Users\hasibul shaikh\Documents\Car_Color_Detection_AI\data\raw\archive (6)\train\purple\70e3a49b37.jpg,purple,9
c:\Users\hasibul shaikh\Documents\Car_Color_Detection_AI\data\raw\archive (6)\train\blue\1be11a2722.jpg,blue,2
c:\Users\hasibul shaikh\Documents\Car_Color_Detection_AI\data\raw\archive (6)\train\pink\7696bf23c8.jpg,pink,8
c:\Users\hasibul shaikh\Documents\Car_Color_Detection_AI\data\raw\archive (6)\train\yellow\5198e2fcdf.jpg,yellow,14
c:\Users\hasibul shaikh\Documents\Car_Color_Detection_AI\data\raw\archive (6)\test\beige\148b514638.jpg,beige,0
c:\Users\hasibul shaikh\Documents\Car_Color_Detection_AI\data\raw\archive (6)\train\silver\964c55196a.jpg,silver,11
c:\Users\hasibul shaikh\Documents\Car_Color_Detection_AI\data\raw\archive (6)\train\brown\95e411a239.jpg,brown,3
c:\Users\hasibul shaikh\Documents\Car_Color_Detection_AI\data\raw\archive (6)\train\orange\674b902db3.jpg,orange,7
c:\Users\hasibul shaikh\Documents\Car_Color_Detection_AI\data\raw\archive (6)\train\purple\f231153870.jpg,purple,9
c:\Users\hasibul shaikh\Documents\Car_Color_Detection_AI\data\raw\archive (6)\train\blue\80d92fce67.jpg,blue,2
c:\Users\hasibul shaikh\Documents\Car_Color_Detection_AI\data\raw\archive (6)\train\grey\abeedc15fb.jpg,grey,6
c:\Users\hasibul shaikh\Documents\Car_Color_Detection_AI\data\raw\archive (6)\val\blue\dbd67e2198.jpg,blue,2
c:\Users\hasibul shaikh\Documents\Car_Color_Detection_AI\data\raw\archive (6)\train\orange\af78d511d2.jpg,orange,7
c:\Users\hasibul shaikh\Documents\Car_Color_Detection_AI\data\raw\archive (6)\val\pink\59d424e7ac.jpg,pink,8
c:\Users\hasibul shaikh\Documents\Car_Color_Detection_AI\data\raw\archive (6)\train\green\124ca011b6.jpg,green,5
c:\Users\hasibul shaikh\Documents\Car_Color_Detection_AI\data\raw\archive (6)\train\orange\9d63e1d2da.jpg,orange,7
c:\Users\hasibul shaikh\Documents\Car_Color_Detection_AI\data\raw\archive (6)\val\orange\e4a11b289e.jpg,orange,7
c:\Users\hasibul shaikh\Documents\Car_Color_Detection_AI\data\raw\archive (6)\train\black\69ab089d8d.jpg,black,1
c:\Users\hasibul shaikh\Documents\Car_Color_Detection_AI\data\raw\archive (6)\train\black\06bfe44a3e.jpg,black,1
c:\Users\hasibul shaikh\Documents\Car_Color_Detection_AI\data\raw\archive (6)\train\black\994fb51a45.jpg,black,1
c:\Users\hasibul shaikh\Documents\Car_Color_Detection_AI\data\raw\archive (6)\train\blue\5cd1adc5a5.jpg,blue,2
c:\Users\hasibul shaikh\Documents\Car_Color_Detection_AI\data\raw\archive (6)\train\yellow\467f3061e1.jpg,yellow,14
c:\Users\hasibul shaikh\Documents\Car_Color_Detection_AI\data\raw\archive (6)\train\blue\97d64eb16c.jpg,blue,2
c:\Users\hasibul shaikh\Documents\Car_Color_Detection_AI\data\raw\archive (6)\train\silver\09d5f2effe.jpg,silver,11
c:\Users\hasibul shaikh\Documents\Car_Color_Detection_AI\data\raw\archive (6)\train\tan\fb2888690a.jpg,tan,12
c:\Users\hasibul shaikh\Documents\Car_Color_Detection_AI\data\raw\archive (6)\train\yellow\28dd328812.jpg,yellow,14
c:\Users\hasibul shaikh\Documents\Car_Color_Detection_AI\data\raw\archive (6)\val\yellow\3d00679ae0.jpg,yellow,14
c:\Users\hasibul shaikh\Documents\Car_Color_Detection_AI\data\raw\archive (6)\train\gold\6e75438be3.jpg,gold,4
c:\Users\hasibul shaikh\Documents\Car_Color_Detection_AI\data\raw\archive (6)\train\blue\5015d3888c.jpg,blue,2
c:\Users\hasibul shaikh\Documents\Car_Color_Detection_AI\data\raw\archive (6)\train\purple\9c3f0f0094.jpg,purple,9
c:\Users\hasibul shaikh\Documents\Car_Color_Detection_AI\data\raw\archive (6)\train\yellow\ae82e8f68f.jpg,yellow,14
c:\Users\hasibul shaikh\Documents\Car_Color_Detection_AI\data\raw\archive (6)\train\green\522cadf024.jpg,green,5
c:\Users\hasibul shaikh\Documents\Car_Color_Detection_AI\data\raw\archive (6)\train\beige\e92ac8c002.jpg,beige,0
c:\Users\hasibul shaikh\Documents\Car_Color_Detection_AI\data\raw\archive (6)\train\tan\c6c1328c5f.jpg,tan,12
c:\Users\hasibul shaikh\Documents\Car_Color_Detection_AI\data\raw\archive (6)\train\blue\93370eb297.jpg,blue,2
c:\Users\hasibul shaikh\Documents\Car_Color_Detection_AI\data\raw\archive (6)\val\gold\909105fbbb.jpg,gold,4
c:\Users\hasibul shaikh\Documents\Car_Color_Detection_AI\data\raw\archive (6)\train\pink\31ddb8b661.jpg,pink,8
c:\Users\hasibul shaikh\Documents\Car_Color_Detection_AI\data\raw\archive (6)\train\white\c454901e41.jpg,white,13
c:\Users\hasibul shaikh\Documents\Car_Color_Detection_AI\data\raw\archive (6)\train\yellow\b26510ce9a.jpg,yellow,14
c:\Users\hasibul shaikh\Documents\Car_Color_Detection_AI\data\raw\archive (6)\train\green\df910e1f67.jpg,green,5
c:\Users\hasibul shaikh\Documents\Car_Color_Detection_AI\data\raw\archive (6)\val\green\68c5d4c11a.jpg,green,5
c:\Users\hasibul shaikh\Documents\Car_Color_Detection_AI\data\raw\archive (6)\val\beige\c87186f60d.jpg,beige,0
c:\Users\hasibul shaikh\Documents\Car_Color_Detection_AI\data\raw\archive (6)\val\brown\442912722f.jpg,brown,3
c:\Users\hasibul shaikh\Documents\Car_Color_Detection_AI\data\raw\archive (6)\train\brown\51f5124137.jpg,brown,3
c:\Users\hasibul shaikh\Documents\Car_Color_Detection_AI\data\raw\archive (6)\train\black\4c3f7b797b.jpg,black,1
c:\Users\hasibul shaikh\Documents\Car_Color_Detection_AI\data\raw\archive (6)\test\purple\e824d179a9.jpg,purple,9
c:\Users\hasibul shaikh\Documents\Car_Color_Detection_AI\data\raw\archive (6)\val\blue\0715ddcbe2.jpg,blue,2
c:\Users\hasibul shaikh\Documents\Car_Color_Detection_AI\data\raw\archive (6)\train\yellow\0be3b7a43c.jpg,yellow,14
c:\Users\hasibul shaikh\Documents\Car_Color_Detection_AI\data\raw\archive (6)\test\silver\dc34c14a33.jpg,silver,11
c:\Users\hasibul shaikh\Documents\Car_Color_Detection_AI\data\raw\archive (6)\train\pink\714156feda.jpg,pink,8
c:\Users\hasibul shaikh\Documents\Car_Color_Detection_AI\data\raw\archive (6)\train\grey\f338d45f7c.jpg,grey,6
c:\Users\hasibul shaikh\Documents\Car_Color_Detection_AI\data\raw\archive (6)\train\purple\001b1187e7.jpg,purple,9
c:\Users\hasibul shaikh\Documents\Car_Color_Detection_AI\data\raw\archive (6)\train\blue\b8179cdf07.jpg,blue,2
c:\Users\hasibul shaikh\Documents\Car_Color_Detection_AI\data\raw\archive (6)\train\brown\a736254cf9.jpg,brown,3
c:\Users\hasibul shaikh\Documents\Car_Color_Detection_AI\data\raw\archive (6)\train\orange\561ffe1c8b.jpg,orange,7
c:\Users\hasibul shaikh\Documents\Car_Color_Detection_AI\data\raw\archive (6)\val\purple\6f0ce300d4.jpg,purple,9
c:\Users\hasibul shaikh\Documents\Car_Color_Detection_AI\data\raw\archive (6)\train\purple\063715b268.jpg,purple,9
c:\Users\hasibul shaikh\Documents\Car_Color_Detection_AI\data\raw\archive (6)\train\pink\55878b5947.jpg,pink,8
c:\Users\hasibul shaikh\Documents\Car_Color_Detection_AI\data\raw\archive (6)\val\yellow\f568bf052d.jpg,yellow,14
c:\Users\hasibul shaikh\Documents\Car_Color_Detection_AI\data\raw\archive (6)\train\pink\945694f669.jpg,pink,8
c:\Users\hasibul shaikh\Documents\Car_Color_Detection_AI\data\raw\archive (6)\test\brown\9103a8ed4c.jpg,brown,3
c:\Users\hasibul shaikh\Documents\Car_Color_Detection_AI\data\raw\archive (6)\train\silver\413e016541.jpg,silver,11
c:\Users\hasibul shaikh\Documents\Car_Color_Detection_AI\data\raw\archive (6)\train\yellow\34f2c5c82d.jpg,yellow,14
c:\Users\hasibul shaikh\Documents\Car_Color_Detection_AI\data\raw\archive (6)\test\red\d4c7d330ed.jpg,red,10
c:\Users\hasibul shaikh\Documents\Car_Color_Detection_AI\data\raw\archive (6)\train\yellow\3a7f0dd0ad.jpg,yellow,14
c:\Users\hasibul shaikh\Documents\Car_Color_Detection_AI\data\raw\archive (6)\train\black\c1f0309d27.jpg,black,1
c:\Users\hasibul shaikh\Documents\Car_Color_Detection_AI\data\raw\archive (6)\train\silver\8ba45e63f5.jpg,silver,11
c:\Users\hasibul shaikh\Documents\Car_Color_Detection_AI\data\raw\archive (6)\test\silver\e461d87ee0.jpg,silver,11
c:\Users\hasibul shaikh\Documents\Car_Color_Detection_AI\data\raw\archive (6)\train\silver\d9ac4e3d35.jpg,silver,11
c:\Users\hasibul shaikh\Documents\Car_Color_Detection_AI\data\raw\archive (6)\train\beige\66f0c9d4e1.jpg,beige,0
c:\Users\hasibul shaikh\Documents\Car_Color_Detection_AI\data\raw\archive (6)\test\white\9a11b0e2dc.jpg,white,13
c:\Users\hasibul shaikh\Documents\Car_Color_Detection_AI\data\raw\archive (6)\train\black\f7c82adc38.jpg,black,1
c:\Users\hasibul shaikh\Documents\Car_Color_Detection_AI\data\raw\archive (6)\val\green\253b10a9fe.jpg,green,5
c:\Users\hasibul shaikh\Documents\Car_Color_Detection_AI\data\raw\archive (6)\train\white\d21f75bab4.jpg,white,13
c:\Users\hasibul shaikh\Documents\Car_Color_Detection_AI\data\raw\archive (6)\val\pink\5c4373389d.jpg,pink,8
c:\Users\hasibul shaikh\Documents\Car_Color_Detection_AI\data\raw\archive (6)\val\yellow\a9b7c2b7f8.jpg,yellow,14
c:\Users\hasibul shaikh\Documents\Car_Color_Detection_AI\data\raw\archive (6)\train\yellow\6dac3c432d.jpg,yellow,14
c:\Users\hasibul shaikh\Documents\Car_Color_Detection_AI\data\raw\archive (6)\test\purple\6346f701f0.jpg,purple,9
c:\Users\hasibul shaikh\Documents\Car_Color_Detection_AI\data\raw\archive (6)\train\white\6d9ab4ea2a.jpg,white,13
c:\Users\hasibul shaikh\Documents\Car_Color_Detection_AI\data\raw\archive (6)\val\black\c52b9cf508.jpg,black,1
c:\Users\hasibul shaikh\Documents\Car_Color_Detection_AI\data\raw\archive (6)\train\black\d1c1f5eef6.jpg,black,1
c:\Users\hasibul shaikh\Documents\Car_Color_Detection_AI\data\raw\archive (6)\test\purple\3cba1f144e.jpg,purple,9
c:\Users\hasibul shaikh\Documents\Car_Color_Detection_AI\data\raw\archive (6)\train\purple\4b59ebf2e7.jpg,purple,9
c:\Users\hasibul shaikh\Documents\Car_Color_Detection_AI\data\raw\archive (6)\train\black\7ece314d2f.jpg,black,1
c:\Users\hasibul shaikh\Documents\Car_Color_Detection_AI\data\raw\archive (6)\train\green\9716a0e259.jpg,green,5
c:\Users\hasibul shaikh\Documents\Car_Color_Detection_AI\data\raw\archive (6)\train\brown\ce5a865ce0.jpg,brown,3
c:\Users\hasibul shaikh\Documents\Car_Color_Detection_AI\data\raw\archive (6)\test\brown\be36fb4f95.jpg,brown,3
c:\Users\hasibul shaikh\Documents\Car_Color_Detection_AI\data\raw\archive (6)\train\blue\83e5f2b462.jpg,blue,2
c:\Users\hasibul shaikh\Documents\Car_Color_Detection_AI\data\raw\archive (6)\train\red\9f520bfe0e.jpg,red,10
c:\Users\hasibul shaikh\Documents\Car_Color_Detection_AI\data\raw\archive (6)\test\red\f195146de0.jpg,red,10
c:\Users\hasibul shaikh\Documents\Car_Color_Detection_AI\data\raw\archive (6)\train\black\20b3e9b9e4.jpg,black,1
c:\Users\hasibul shaikh\Documents\Car_Color_Detection_AI\data\raw\archive (6)\train\pink\59d60dd423.jpg,pink,8
c:\Users\hasibul shaikh\Documents\Car_Color_Detection_AI\data\raw\archive (6)\train\pink\75a2ece149.jpg,pink,8
c:\Users\hasibul shaikh\Documents\Car_Color_Detection_AI\data\raw\archive (6)\train\silver\65e3914b75.jpg,silver,11
c:\Users\hasibul shaikh\Documents\Car_Color_Detection_AI\data\raw\archive (6)\train\blue\fd487d4d9d.jpg,blue,2
c:\Users\hasibul shaikh\Documents\Car_Color_Detection_AI\data\raw\archive (6)\val\black\589abb2cea.jpg,black,1
c:\Users\hasibul shaikh\Documents\Car_Color_Detection_AI\data\raw\archive (6)\train\blue\1f2ec4c534.jpg,blue,2
c:\Users\hasibul shaikh\Documents\Car_Color_Detection_AI\data\raw\archive (6)\val\yellow\498a3b3853.jpg,yellow,14
c:\Users\hasibul shaikh\Documents\Car_Color_Detection_AI\data\raw\archive (6)\test\yellow\5c6cce6639.jpg,yellow,14
c:\Users\hasibul shaikh\Documents\Car_Color_Detection_AI\data\raw\archive (6)\train\grey\89481da36d.jpg,grey,6
c:\Users\hasibul shaikh\Documents\Car_Color_Detection_AI\data\raw\archive (6)\test\orange\dcd1ad3267.jpg,orange,7
c:\Users\hasibul shaikh\Documents\Car_Color_Detection_AI\data\raw\archive (6)\test\gold\629690eb4c.jpg,gold,4
c:\Users\hasibul shaikh\Documents\Car_Color_Detection_AI\data\raw\archive (6)\train\gold\0e78214ee8.jpg,gold,4
c:\Users\hasibul shaikh\Documents\Car_Color_Detection_AI\data\raw\archive (6)\val\black\d63774792c.jpg,black,1
c:\Users\hasibul shaikh\Documents\Car_Color_Detection_AI\data\raw\archive (6)\train\orange\197e4d2e45.jpg,orange,7
c:\Users\hasibul shaikh\Documents\Car_Color_Detection_AI\data\raw\archive (6)\train\blue\54958b11d8.jpg,blue,2
c:\Users\hasibul shaikh\Documents\Car_Color_Detection_AI\data\raw\archive (6)\val\black\b1fd5d42e9.jpg,black,1
c:\Users\hasibul shaikh\Documents\Car_Color_Detection_AI\data\raw\archive (6)\train\brown\901678697d.jpg,brown,3
c:\Users\hasibul shaikh\Documents\Car_Color_Detection_AI\data\raw\archive (6)\train\white\628ba3436f.jpg,white,13
c:\Users\hasibul shaikh\Documents\Car_Color_Detection_AI\data\raw\archive (6)\train\pink\2afa3d33ad.jpg,pink,8
c:\Users\hasibul shaikh\Documents\Car_Color_Detection_AI\data\raw\archive (6)\train\black\f79f10cc1d.jpg,black,1
c:\Users\hasibul shaikh\Documents\Car_Color_Detection_AI\data\raw\archive (6)\train\yellow\ae59208e7e.jpg,yellow,14
c:\Users\hasibul shaikh\Documents\Car_Color_Detection_AI\data\raw\archive (6)\train\blue\ad5f0f70d6.jpg,blue,2
c:\Users\hasibul shaikh\Documents\Car_Color_Detection_AI\data\raw\archive (6)\train\silver\0deb34a45f.jpg,silver,11
c:\Users\hasibul shaikh\Documents\Car_Color_Detection_AI\data\raw\archive (6)\train\blue\089722a833.jpg,blue,2
c:\Users\hasibul shaikh\Documents\Car_Color_Detection_AI\data\raw\archive (6)\test\yellow\5cc357cd3d.jpg,yellow,14
c:\Users\hasibul shaikh\Documents\Car_Color_Detection_AI\data\raw\archive (6)\train\yellow\72f193a5ec.jpg,yellow,14
c:\Users\hasibul shaikh\Documents\Car_Color_Detection_AI\data\raw\archive (6)\train\red\1baea76186.jpg,red,10
c:\Users\hasibul shaikh\Documents\Car_Color_Detection_AI\data\raw\archive (6)\train\black\2307f09833.jpg,black,1
c:\Users\hasibul shaikh\Documents\Car_Color_Detection_AI\data\raw\archive (6)\test\orange\f121875aec.jpg,orange,7
c:\Users\hasibul shaikh\Documents\Car_Color_Detection_AI\data\raw\archive (6)\train\orange\a7db9db754.jpg,orange,7
c:\Users\hasibul shaikh\Documents\Car_Color_Detection_AI\data\raw\archive (6)\train\green\dccf31d105.jpg,green,5
c:\Users\hasibul shaikh\Documents\Car_Color_Detection_AI\data\raw\archive (6)\train\black\9e69d12bcd.jpg,black,1
c:\Users\hasibul shaikh\Documents\Car_Color_Detection_AI\data\raw\archive (6)\train\brown\c2b1da8f8c.jpg,brown,3
c:\Users\hasibul shaikh\Documents\Car_Color_Detection_AI\data\raw\archive (6)\train\green\a648ac0877.jpg,green,5
c:\Users\hasibul shaikh\Documents\Car_Color_Detection_AI\data\raw\archive (6)\train\red\59e58888d7.jpg,red,10
c:\Users\hasibul shaikh\Documents\Car_Color_Detection_AI\data\raw\archive (6)\train\brown\023d832d32.jpg,brown,3
c:\Users\hasibul shaikh\Documents\Car_Color_Detection_AI\data\raw\archive (6)\train\beige\7333c63c49.jpg,beige,0
c:\Users\hasibul shaikh\Documents\Car_Color_Detection_AI\data\raw\archive (6)\train\pink\970eaeaaee.jpg,pink,8
c:\Users\hasibul shaikh\Documents\Car_Color_Detection_AI\data\raw\archive (6)\train\blue\0a217b9d50.jpg,blue,2
c:\Users\hasibul shaikh\Documents\Car_Color_Detection_AI\data\raw\archive (6)\val\brown\7f9073a9a3.jpg,brown,3
c:\Users\hasibul shaikh\Documents\Car_Color_Detection_AI\data\raw\archive (6)\train\purple\cb549a64a5.jpg,purple,9
c:\Users\hasibul shaikh\Documents\Car_Color_Detection_AI\data\raw\archive (6)\train\blue\6109f110df.jpg,blue,2
c:\Users\hasibul shaikh\Documents\Car_Color_Detection_AI\data\raw\archive (6)\train\tan\480ddcd5b5.jpg,tan,12
c:\Users\hasibul shaikh\Documents\Car_Color_Detection_AI\data\raw\archive (6)\train\blue\57205d6da3.jpg,blue,2
c:\Users\hasibul shaikh\Documents\Car_Color_Detection_AI\data\raw\archive (6)\train\tan\b5f3f5fd85.jpg,tan,12
c:\Users\hasibul shaikh\Documents\Car_Color_Detection_AI\data\raw\archive (6)\train\silver\f478189783.jpg,silver,11
c:\Users\hasibul shaikh\Documents\Car_Color_Detection_AI\data\raw\archive (6)\train\green\08b28569c5.jpg,green,5
c:\Users\hasibul shaikh\Documents\Car_Color_Detection_AI\data\raw\archive (6)\train\beige\ede3b030e9.jpg,beige,0
c:\Users\hasibul shaikh\Documents\Car_Color_Detection_AI\data\raw\archive (6)\train\tan\00b347d81d.jpg,tan,12
c:\Users\hasibul shaikh\Documents\Car_Color_Detection_AI\data\raw\archive (6)\val\black\1a63574a5b.jpg,black,1
c:\Users\hasibul shaikh\Documents\Car_Color_Detection_AI\data\raw\archive (6)\train\purple\eea0d88842.jpg,purple,9
c:\Users\hasibul shaikh\Documents\Car_Color_Detection_AI\data\raw\archive (6)\train\black\ec8390f728.jpg,black,1
c:\Users\hasibul shaikh\Documents\Car_Color_Detection_AI\data\raw\archive (6)\train\red\679d803974.jpg,red,10
c:\Users\hasibul shaikh\Documents\Car_Color_Detection_AI\data\raw\archive (6)\test\purple\915e06be35.jpg,purple,9
c:\Users\hasibul shaikh\Documents\Car_Color_Detection_AI\data\raw\archive (6)\test\tan\b203393ff1.jpg,tan,12
c:\Users\hasibul shaikh\Documents\Car_Color_Detection_AI\data\raw\archive (6)\train\black\38899cbc1e.jpg,black,1
c:\Users\hasibul shaikh\Documents\Car_Color_Detection_AI\data\raw\archive (6)\train\brown\b04c9d7093.jpg,brown,3
c:\Users\hasibul shaikh\Documents\Car_Color_Detection_AI\data\raw\archive (6)\test\blue\18f0112097.jpg,blue,2
c:\Users\hasibul shaikh\Documents\Car_Color_Detection_AI\data\raw\archive (6)\train\pink\f32799241d.jpg,pink,8
c:\Users\hasibul shaikh\Documents\Car_Color_Detection_AI\data\raw\archive (6)\train\gold\df653ec716.jpg,gold,4
c:\Users\hasibul shaikh\Documents\Car_Color_Detection_AI\data\raw\archive (6)\train\grey\84e21770f3.jpg,grey,6
c:\Users\hasibul shaikh\Documents\Car_Color_Detection_AI\data\raw\archive (6)\train\pink\19a6c18ff6.jpg,pink,8
c:\Users\hasibul shaikh\Documents\Car_Color_Detection_AI\data\raw\archive (6)\train\white\565ee7cfef.jpg,white,13
c:\Users\hasibul shaikh\Documents\Car_Color_Detection_AI\data\raw\archive (6)\test\green\680dec6895.jpg,green,5
c:\Users\hasibul shaikh\Documents\Car_Color_Detection_AI\data\raw\archive (6)\train\blue\c8bc14bdde.jpg,blue,2
c:\Users\hasibul shaikh\Documents\Car_Color_Detection_AI\data\raw\archive (6)\train\brown\da4c76c9b9.jpg,brown,3
c:\Users\hasibul shaikh\Documents\Car_Color_Detection_AI\data\raw\archive (6)\train\beige\c37c54a48a.jpg,beige,0
c:\Users\hasibul shaikh\Documents\Car_Color_Detection_AI\data\raw\archive (6)\val\green\c47c545370.jpg,green,5
c:\Users\hasibul shaikh\Documents\Car_Color_Detection_AI\data\raw\archive (6)\train\tan\0d5ec25904.jpg,tan,12
c:\Users\hasibul shaikh\Documents\Car_Color_Detection_AI\data\raw\archive (6)\train\beige\1da13c6e0d.jpg,beige,0
c:\Users\hasibul shaikh\Documents\Car_Color_Detection_AI\data\raw\archive (6)\train\grey\c2681f4ece.jpg,grey,6
c:\Users\hasibul shaikh\Documents\Car_Color_Detection_AI\data\raw\archive (6)\train\brown\da5bd2e383.jpg,brown,3
c:\Users\hasibul shaikh\Documents\Car_Color_Detection_AI\data\raw\archive (6)\val\blue\9eb0949b56.jpg,blue,2
c:\Users\hasibul shaikh\Documents\Car_Color_Detection_AI\data\raw\archive (6)\train\beige\28b7f32d66.jpg,beige,0
c:\Users\hasibul shaikh\Documents\Car_Color_Detection_AI\data\raw\archive (6)\test\pink\b05c0e0287.jpg,pink,8
c:\Users\hasibul shaikh\Documents\Car_Color_Detection_AI\data\raw\archive (6)\train\yellow\6c1d9845dc.jpg,yellow,14
c:\Users\hasibul shaikh\Documents\Car_Color_Detection_AI\data\raw\archive (6)\val\tan\10eaf8f01c.jpg,tan,12
c:\Users\hasibul shaikh\Documents\Car_Color_Detection_AI\data\raw\archive (6)\train\brown\d1750b303e.jpg,brown,3
c:\Users\hasibul shaikh\Documents\Car_Color_Detection_AI\data\raw\archive (6)\train\grey\37dca0033c.jpg,grey,6
c:\Users\hasibul shaikh\Documents\Car_Color_Detection_AI\data\raw\archive (6)\train\yellow\e0bb74624b.jpg,yellow,14
c:\Users\hasibul shaikh\Documents\Car_Color_Detection_AI\data\raw\archive (6)\train\orange\5a63fd9b62.jpg,orange,7
c:\Users\hasibul shaikh\Documents\Car_Color_Detection_AI\data\raw\archive (6)\train\red\53c55b176e.jpg,red,10
c:\Users\hasibul shaikh\Documents\Car_Color_Detection_AI\data\raw\archive (6)\val\green\4f7f8ed4ac.jpg,green,5
c:\Users\hasibul shaikh\Documents\Car_Color_Detection_AI\data\raw\archive (6)\val\red\3a1df5dfeb.jpg,red,10
c:\Users\hasibul shaikh\Documents\Car_Color_Detection_AI\data\raw\archive (6)\train\pink\cff471afd3.jpg,pink,8
c:\Users\hasibul shaikh\Documents\Car_Color_Detection_AI\data\raw\archive (6)\test\purple\c14bd23347.jpg,purple,9
c:\Users\hasibul shaikh\Documents\Car_Color_Detection_AI\data\raw\archive (6)\train\yellow\3f0ff1a542.jpg,yellow,14
c:\Users\hasibul shaikh\Documents\Car_Color_Detection_AI\data\raw\archive (6)\test\red\5b1f38423d.jpg,red,10
c:\Users\hasibul shaikh\Documents\Car_Color_Detection_AI\data\raw\archive (6)\train\red\3ab2a42fb8.jpg,red,10
c:\Users\hasibul shaikh\Documents\Car_Color_Detection_AI\data\raw\archive (6)\train\tan\4289f2d3e4.jpg,tan,12
c:\Users\hasibul shaikh\Documents\Car_Color_Detection_AI\data\raw\archive (6)\train\green\1864a38a18.jpg,green,5
c:\Users\hasibul shaikh\Documents\Car_Color_Detection_AI\data\raw\archive (6)\train\blue\6ae0376ede.jpg,blue,2
c:\Users\hasibul shaikh\Documents\Car_Color_Detection_AI\data\raw\archive (6)\train\green\164511ac28.jpg,green,5
c:\Users\hasibul shaikh\Documents\Car_Color_Detection_AI\data\raw\archive (6)\train\grey\57ad4ff0ef.jpg,grey,6
c:\Users\hasibul shaikh\Documents\Car_Color_Detection_AI\data\raw\archive (6)\train\yellow\2adf86431f.jpg,yellow,14
c:\Users\hasibul shaikh\Documents\Car_Color_Detection_AI\data\raw\archive (6)\train\green\20f08ea796.jpg,green,5
c:\Users\hasibul shaikh\Documents\Car_Color_Detection_AI\data\raw\archive (6)\train\purple\8b562a845e.jpg,purple,9
c:\Users\hasibul shaikh\Documents\Car_Color_Detection_AI\data\raw\archive (6)\train\blue\c0b579d074.jpg,blue,2
c:\Users\hasibul shaikh\Documents\Car_Color_Detection_AI\data\raw\archive (6)\train\purple\86d0b9a052.jpg,purple,9
c:\Users\hasibul shaikh\Documents\Car_Color_Detection_AI\data\raw\archive (6)\val\grey\6fca97f062.jpg,grey,6
c:\Users\hasibul shaikh\Documents\Car_Color_Detection_AI\data\raw\archive (6)\val\silver\fe4f831cd0.jpg,silver,11
c:\Users\hasibul shaikh\Documents\Car_Color_Detection_AI\data\raw\archive (6)\train\orange\47c335652d.jpg,orange,7
c:\Users\hasibul shaikh\Documents\Car_Color_Detection_AI\data\raw\archive (6)\train\red\8c6fe6e411.jpg,red,10
c:\Users\hasibul shaikh\Documents\Car_Color_Detection_AI\data\raw\archive (6)\train\yellow\4445e9602d.jpg,yellow,14
c:\Users\hasibul shaikh\Documents\Car_Color_Detection_AI\data\raw\archive (6)\train\grey\a6f81e02c3.jpg,grey,6
c:\Users\hasibul shaikh\Documents\Car_Color_Detection_AI\data\raw\archive (6)\val\pink\ca08b132a5.jpg,pink,8
c:\Users\hasibul shaikh\Documents\Car_Color_Detection_AI\data\raw\archive (6)\train\brown\032eb74482.jpg,brown,3
c:\Users\hasibul shaikh\Documents\Car_Color_Detection_AI\data\raw\archive (6)\train\silver\85a3cdd32b.jpg,silver,11
c:\Users\hasibul shaikh\Documents\Car_Color_Detection_AI\data\raw\archive (6)\test\green\66f040fa36.jpg,green,5
c:\Users\hasibul shaikh\Documents\Car_Color_Detection_AI\data\raw\archive (6)\train\red\dd6e529180.jpg,red,10
c:\Users\hasibul shaikh\Documents\Car_Color_Detection_AI\data\raw\archive (6)\test\red\ea44e4e379.jpg,red,10
c:\Users\hasibul shaikh\Documents\Car_Color_Detection_AI\data\raw\archive (6)\test\silver\360f1f4a15.jpg,silver,11
c:\Users\hasibul shaikh\Documents\Car_Color_Detection_AI\data\raw\archive (6)\train\red\e178b79195.jpg,red,10
c:\Users\hasibul shaikh\Documents\Car_Color_Detection_AI\data\raw\archive (6)\test\yellow\c91c8665a8.jpg,yellow,14
c:\Users\hasibul shaikh\Documents\Car_Color_Detection_AI\data\raw\archive (6)\train\beige\9fc01b8b2f.jpg,beige,0
c:\Users\hasibul shaikh\Documents\Car_Color_Detection_AI\data\raw\archive (6)\train\orange\eb704000fa.jpg,orange,7
c:\Users\hasibul shaikh\Documents\Car_Color_Detection_AI\data\raw\archive (6)\train\white\75363b4358.jpg,white,13
c:\Users\hasibul shaikh\Documents\Car_Color_Detection_AI\data\raw\archive (6)\train\tan\8ebb343188.jpg,tan,12
c:\Users\hasibul shaikh\Documents\Car_Color_Detection_AI\data\raw\archive (6)\train\red\3d1de0a6ee.jpg,red,10
c:\Users\hasibul shaikh\Documents\Car_Color_Detection_AI\data\raw\archive (6)\train\beige\dc9ef3a14d.jpg,beige,0
c:\Users\hasibul shaikh\Documents\Car_Color_Detection_AI\data\raw\archive (6)\test\blue\9f2de59e2f.jpg,blue,2
c:\Users\hasibul shaikh\Documents\Car_Color_Detection_AI\data\raw\archive (6)\train\white\230a8df1fe.jpg,white,13
c:\Users\hasibul shaikh\Documents\Car_Color_Detection_AI\data\raw\archive (6)\train\pink\ba8ca6c67f.jpg,pink,8
c:\Users\hasibul shaikh\Documents\Car_Color_Detection_AI\data\raw\archive (6)\train\black\d9146e2b15.jpg,black,1
c:\Users\hasibul shaikh\Documents\Car_Color_Detection_AI\data\raw\archive (6)\train\black\f63414a2e8.jpg,black,1
c:\Users\hasibul shaikh\Documents\Car_Color_Detection_AI\data\raw\archive (6)\train\black\04a93c94ca.jpg,black,1
c:\Users\hasibul shaikh\Documents\Car_Color_Detection_AI\data\raw\archive (6)\train\brown\fefb6a03cb.jpg,brown,3
c:\Users\hasibul shaikh\Documents\Car_Color_Detection_AI\data\raw\archive (6)\train\black\ff024b7bce.jpg,black,1
c:\Users\hasibul shaikh\Documents\Car_Color_Detection_AI\data\raw\archive (6)\train\purple\36d7c137a5.jpg,purple,9
c:\Users\hasibul shaikh\Documents\Car_Color_Detection_AI\data\raw\archive (6)\train\blue\d1739f364a.jpg,blue,2
c:\Users\hasibul shaikh\Documents\Car_Color_Detection_AI\data\raw\archive (6)\train\orange\cd03208aea.jpg,orange,7
c:\Users\hasibul shaikh\Documents\Car_Color_Detection_AI\data\raw\archive (6)\test\green\d752ca4d63.jpg,green,5
c:\Users\hasibul shaikh\Documents\Car_Color_Detection_AI\data\raw\archive (6)\train\tan\40f6173b68.jpg,tan,12
c:\Users\hasibul shaikh\Documents\Car_Color_Detection_AI\data\raw\archive (6)\train\blue\97009294fb.jpg,blue,2
c:\Users\hasibul shaikh\Documents\Car_Color_Detection_AI\data\raw\archive (6)\train\white\35d9818347.jpg,white,13
c:\Users\hasibul shaikh\Documents\Car_Color_Detection_AI\data\raw\archive (6)\train\blue\ee0068e561.jpg,blue,2
c:\Users\hasibul shaikh\Documents\Car_Color_Detection_AI\data\raw\archive (6)\val\beige\a77eebd1f5.jpg,beige,0
c:\Users\hasibul shaikh\Documents\Car_Color_Detection_AI\data\raw\archive (6)\test\purple\6dce0ea478.jpg,purple,9
c:\Users\hasibul shaikh\Documents\Car_Color_Detection_AI\data\raw\archive (6)\train\green\2f894917e7.jpg,green,5
c:\Users\hasibul shaikh\Documents\Car_Color_Detection_AI\data\raw\archive (6)\train\grey\a2474452a7.jpg,grey,6
c:\Users\hasibul shaikh\Documents\Car_Color_Detection_AI\data\raw\archive (6)\train\red\cfe60b4496.jpg,red,10
c:\Users\hasibul shaikh\Documents\Car_Color_Detection_AI\data\raw\archive (6)\train\grey\796cd3681d.jpg,grey,6
c:\Users\hasibul shaikh\Documents\Car_Color_Detection_AI\data\raw\archive (6)\train\white\93447ff842.jpg,white,13
c:\Users\hasibul shaikh\Documents\Car_Color_Detection_AI\data\raw\archive (6)\val\brown\d1a639f858.jpg,brown,3
c:\Users\hasibul shaikh\Documents\Car_Color_Detection_AI\data\raw\archive (6)\train\beige\4a7affc330.jpg,beige,0
c:\Users\hasibul shaikh\Documents\Car_Color_Detection_AI\data\raw\archive (6)\train\white\76f0a4b782.jpg,white,13
c:\Users\hasibul shaikh\Documents\Car_Color_Detection_AI\data\raw\archive (6)\train\grey\a2c1317f75.jpg,grey,6
c:\Users\hasibul shaikh\Documents\Car_Color_Detection_AI\data\raw\archive (6)\val\brown\7374351f6e.jpg,brown,3
c:\Users\hasibul shaikh\Documents\Car_Color_Detection_AI\data\raw\archive (6)\test\yellow\ff029a0e58.jpg,yellow,14
c:\Users\hasibul shaikh\Documents\Car_Color_Detection_AI\data\raw\archive (6)\train\beige\b99264c1ce.jpg,beige,0
c:\Users\hasibul shaikh\Documents\Car_Color_Detection_AI\data\raw\archive (6)\train\grey\a0d90a4f1e.jpg,grey,6
c:\Users\hasibul shaikh\Documents\Car_Color_Detection_AI\data\raw\archive (6)\train\pink\08840f85bf.jpg,pink,8
c:\Users\hasibul shaikh\Documents\Car_Color_Detection_AI\data\raw\archive (6)\train\white\d9532aacb1.jpg,white,13
c:\Users\hasibul shaikh\Documents\Car_Color_Detection_AI\data\raw\archive (6)\train\pink\c7854ea6ea.jpg,pink,8
c:\Users\hasibul shaikh\Documents\Car_Color_Detection_AI\data\raw\archive (6)\train\black\80faec444d.jpg,black,1
c:\Users\hasibul shaikh\Documents\Car_Color_Detection_AI\data\raw\archive (6)\test\pink\8548abfe8a.jpg,pink,8
c:\Users\hasibul shaikh\Documents\Car_Color_Detection_AI\data\raw\archive (6)\train\white\11558e7916.jpg,white,13
c:\Users\hasibul shaikh\Documents\Car_Color_Detection_AI\data\raw\archive (6)\train\silver\d003e02868.jpg,silver,11
c:\Users\hasibul shaikh\Documents\Car_Color_Detection_AI\data\raw\archive (6)\train\orange\452e7c99d9.jpg,orange,7
c:\Users\hasibul shaikh\Documents\Car_Color_Detection_AI\data\raw\archive (6)\train\silver\44a0265b0d.jpg,silver,11
c:\Users\hasibul shaikh\Documents\Car_Color_Detection_AI\data\raw\archive (6)\train\red\b24b74f077.jpg,red,10
c:\Users\hasibul shaikh\Documents\Car_Color_Detection_AI\data\raw\archive (6)\test\tan\f064efac51.jpg,tan,12
c:\Users\hasibul shaikh\Documents\Car_Color_Detection_AI\data\raw\archive (6)\train\orange\8e3845997f.jpg,orange,7
c:\Users\hasibul shaikh\Documents\Car_Color_Detection_AI\data\raw\archive (6)\train\brown\5c32d3fdcc.jpg,brown,3
c:\Users\hasibul shaikh\Documents\Car_Color_Detection_AI\data\raw\archive (6)\train\purple\074fa8c058.jpg,purple,9
c:\Users\hasibul shaikh\Documents\Car_Color_Detection_AI\data\raw\archive (6)\test\silver\16688c8e1e.jpg,silver,11
c:\Users\hasibul shaikh\Documents\Car_Color_Detection_AI\data\raw\archive (6)\train\yellow\8bb38861e4.jpg,yellow,14
c:\Users\hasibul shaikh\Documents\Car_Color_Detection_AI\data\raw\archive (6)\train\grey\6b397fe82d.jpg,grey,6
c:\Users\hasibul shaikh\Documents\Car_Color_Detection_AI\data\raw\archive (6)\train\tan\5d11769887.jpg,tan,12
c:\Users\hasibul shaikh\Documents\Car_Color_Detection_AI\data\raw\archive (6)\val\pink\2c609cba5a.jpg,pink,8
c:\Users\hasibul shaikh\Documents\Car_Color_Detection_AI\data\raw\archive (6)\val\purple\909481bb1b.jpg,purple,9
c:\Users\hasibul shaikh\Documents\Car_Color_Detection_AI\data\raw\archive (6)\train\blue\c54a0d4305.jpg,blue,2
c:\Users\hasibul shaikh\Documents\Car_Color_Detection_AI\data\raw\archive (6)\train\yellow\980fff3271.jpg,yellow,14
c:\Users\hasibul shaikh\Documents\Car_Color_Detection_AI\data\raw\archive (6)\train\blue\3d3ea36bbb.jpg,blue,2
c:\Users\hasibul shaikh\Documents\Car_Color_Detection_AI\data\raw\archive (6)\test\pink\d9690f803b.jpg,pink,8
c:\Users\hasibul shaikh\Documents\Car_Color_Detection_AI\data\raw\archive (6)\train\orange\8cb82eef2b.jpg,orange,7
c:\Users\hasibul shaikh\Documents\Car_Color_Detection_AI\data\raw\archive (6)\train\beige\a416ad728f.jpg,beige,0
c:\Users\hasibul shaikh\Documents\Car_Color_Detection_AI\data\raw\archive (6)\test\brown\7a1b4d9466.jpg,brown,3
c:\Users\hasibul shaikh\Documents\Car_Color_Detection_AI\data\raw\archive (6)\val\grey\afc643fa10.jpg,grey,6
c:\Users\hasibul shaikh\Documents\Car_Color_Detection_AI\data\raw\archive (6)\train\pink\9ac55cbb57.jpg,pink,8
c:\Users\hasibul shaikh\Documents\Car_Color_Detection_AI\data\raw\archive (6)\test\yellow\181360906a.jpg,yellow,14
c:\Users\hasibul shaikh\Documents\Car_Color_Detection_AI\data\raw\archive (6)\train\gold\ab0d2af88d.jpg,gold,4
c:\Users\hasibul shaikh\Documents\Car_Color_Detection_AI\data\raw\archive (6)\train\purple\28f4847594.jpg,purple,9
c:\Users\hasibul shaikh\Documents\Car_Color_Detection_AI\data\raw\archive (6)\train\brown\a9d22c2d69.jpg,brown,3
c:\Users\hasibul shaikh\Documents\Car_Color_Detection_AI\data\raw\archive (6)\test\brown\765e152ecc.jpg,brown,3
c:\Users\hasibul shaikh\Documents\Car_Color_Detection_AI\data\raw\archive (6)\train\brown\04e5f93e07.jpg,brown,3
c:\Users\hasibul shaikh\Documents\Car_Color_Detection_AI\data\raw\archive (6)\train\black\a354afa346.jpg,black,1
c:\Users\hasibul shaikh\Documents\Car_Color_Detection_AI\data\raw\archive (6)\train\blue\bda4171b39.jpg,blue,2
c:\Users\hasibul shaikh\Documents\Car_Color_Detection_AI\data\raw\archive (6)\train\brown\136601a820.jpg,brown,3
c:\Users\hasibul shaikh\Documents\Car_Color_Detection_AI\data\raw\archive (6)\train\purple\7594d8f7de.jpg,purple,9
c:\Users\hasibul shaikh\Documents\Car_Color_Detection_AI\data\raw\archive (6)\test\tan\2fe819fa8a.jpg,tan,12
c:\Users\hasibul shaikh\Documents\Car_Color_Detection_AI\data\raw\archive (6)\train\yellow\9912dadb56.jpg,yellow,14
c:\Users\hasibul shaikh\Documents\Car_Color_Detection_AI\data\raw\archive (6)\train\red\44de632752.jpg,red,10
c:\Users\hasibul shaikh\Documents\Car_Color_Detection_AI\data\raw\archive (6)\test\red\4cef79d525.jpg,red,10
c:\Users\hasibul shaikh\Documents\Car_Color_Detection_AI\data\raw\archive (6)\train\blue\967aff7022.jpg,blue,2
c:\Users\hasibul shaikh\Documents\Car_Color_Detection_AI\data\raw\archive (6)\test\purple\12427190fc.jpg,purple,9
c:\Users\hasibul shaikh\Documents\Car_Color_Detection_AI\data\raw\archive (6)\val\yellow\60a14cb620.jpg,yellow,14
c:\Users\hasibul shaikh\Documents\Car_Color_Detection_AI\data\raw\archive (6)\train\yellow\b81b204467.jpg,yellow,14
c:\Users\hasibul shaikh\Documents\Car_Color_Detection_AI\data\raw\archive (6)\train\tan\1e56452c89.jpg,tan,12
c:\Users\hasibul shaikh\Documents\Car_Color_Detection_AI\data\raw\archive (6)\train\red\9a50ed7b27.jpg,red,10
c:\Users\hasibul shaikh\Documents\Car_Color_Detection_AI\data\raw\archive (6)\train\white\814e205a3b.jpg,white,13
c:\Users\hasibul shaikh\Documents\Car_Color_Detection_AI\data\raw\archive (6)\train\pink\be26412c82.jpg,pink,8
c:\Users\hasibul shaikh\Documents\Car_Color_Detection_AI\data\raw\archive (6)\train\orange\01c934fb54.jpg,orange,7
c:\Users\hasibul shaikh\Documents\Car_Color_Detection_AI\data\raw\archive (6)\test\pink\21522ef536.jpg,pink,8
c:\Users\hasibul shaikh\Documents\Car_Color_Detection_AI\data\raw\archive (6)\train\pink\83c5c571e8.jpg,pink,8
c:\Users\hasibul shaikh\Documents\Car_Color_Detection_AI\data\raw\archive (6)\train\blue\09f5ffc371.jpg,blue,2
c:\Users\hasibul shaikh\Documents\Car_Color_Detection_AI\data\raw\archive (6)\train\yellow\b3567d893e.jpg,yellow,14
c:\Users\hasibul shaikh\Documents\Car_Color_Detection_AI\data\raw\archive (6)\val\pink\bea5023785.jpg,pink,8
c:\Users\hasibul shaikh\Documents\Car_Color_Detection_AI\data\raw\archive (6)\val\purple\7161cfb7f5.jpg,purple,9
c:\Users\hasibul shaikh\Documents\Car_Color_Detection_AI\data\raw\archive (6)\test\orange\dcefb537da.jpg,orange,7
c:\Users\hasibul shaikh\Documents\Car_Color_Detection_AI\data\raw\archive (6)\train\red\db9b140619.jpg,red,10
c:\Users\hasibul shaikh\Documents\Car_Color_Detection_AI\data\raw\archive (6)\train\beige\de811fb510.jpg,beige,0
c:\Users\hasibul shaikh\Documents\Car_Color_Detection_AI\data\raw\archive (6)\val\beige\be6dc6e46e.jpg,beige,0
c:\Users\hasibul shaikh\Documents\Car_Color_Detection_AI\data\raw\archive (6)\train\beige\479589b18a.jpg,beige,0
c:\Users\hasibul shaikh\Documents\Car_Color_Detection_AI\data\raw\archive (6)\test\black\d0a67f122c.jpg,black,1
c:\Users\hasibul shaikh\Documents\Car_Color_Detection_AI\data\raw\archive (6)\train\red\073bf979ed.jpg,red,10
c:\Users\hasibul shaikh\Documents\Car_Color_Detection_AI\data\raw\archive (6)\val\brown\29e2d0f6de.jpg,brown,3
c:\Users\hasibul shaikh\Documents\Car_Color_Detection_AI\data\raw\archive (6)\test\yellow\a2afe3c93e.jpg,yellow,14
c:\Users\hasibul shaikh\Documents\Car_Color_Detection_AI\data\raw\archive (6)\test\brown\89f76226d2.jpg,brown,3
c:\Users\hasibul shaikh\Documents\Car_Color_Detection_AI\data\raw\archive (6)\test\green\96a6c09c80.jpg,green,5
c:\Users\hasibul shaikh\Documents\Car_Color_Detection_AI\data\raw\archive (6)\train\blue\f07699b9ce.jpg,blue,2
c:\Users\hasibul shaikh\Documents\Car_Color_Detection_AI\data\raw\archive (6)\train\green\b14cf89c0c.jpg,green,5
c:\Users\hasibul shaikh\Documents\Car_Color_Detection_AI\data\raw\archive (6)\train\green\50e79995af.jpg,green,5
c:\Users\hasibul shaikh\Documents\Car_Color_Detection_AI\data\raw\archive (6)\train\yellow\c849b1ebde.jpg,yellow,14
c:\Users\hasibul shaikh\Documents\Car_Color_Detection_AI\data\raw\archive (6)\train\tan\e62548bbc9.jpg,tan,12
c:\Users\hasibul shaikh\Documents\Car_Color_Detection_AI\data\raw\archive (6)\train\pink\c951957d4f.jpg,pink,8
c:\Users\hasibul shaikh\Documents\Car_Color_Detection_AI\data\raw\archive (6)\train\red\cbc3553b32.jpg,red,10
c:\Users\hasibul shaikh\Documents\Car_Color_Detection_AI\data\raw\archive (6)\test\black\470c40fc60.jpg,black,1
c:\Users\hasibul shaikh\Documents\Car_Color_Detection_AI\data\raw\archive (6)\val\orange\216b23135c.jpg,orange,7
c:\Users\hasibul shaikh\Documents\Car_Color_Detection_AI\data\raw\archive (6)\test\tan\90b6591da0.jpg,tan,12
c:\Users\hasibul shaikh\Documents\Car_Color_Detection_AI\data\raw\archive (6)\train\silver\8068a667da.jpg,silver,11
c:\Users\hasibul shaikh\Documents\Car_Color_Detection_AI\data\raw\archive (6)\train\silver\e2eb1e617c.jpg,silver,11
c:\Users\hasibul shaikh\Documents\Car_Color_Detection_AI\data\raw\archive (6)\train\beige\858c5c8272.jpg,beige,0
c:\Users\hasibul shaikh\Documents\Car_Color_Detection_AI\data\raw\archive (6)\val\blue\0733ff646b.jpg,blue,2
c:\Users\hasibul shaikh\Documents\Car_Color_Detection_AI\data\raw\archive (6)\train\pink\2e298e37bb.jpg,pink,8
c:\Users\hasibul shaikh\Documents\Car_Color_Detection_AI\data\raw\archive (6)\val\blue\8c6a60565e.jpg,blue,2
c:\Users\hasibul shaikh\Documents\Car_Color_Detection_AI\data\raw\archive (6)\train\grey\cd43334a90.jpg,grey,6
c:\Users\hasibul shaikh\Documents\Car_Color_Detection_AI\data\raw\archive (6)\val\purple\0c88f66c2e.jpg,purple,9
c:\Users\hasibul shaikh\Documents\Car_Color_Detection_AI\data\raw\archive (6)\train\grey\dce19a396b.jpg,grey,6
c:\Users\hasibul shaikh\Documents\Car_Color_Detection_AI\data\raw\archive (6)\test\black\c9e4c7d795.jpg,black,1
c:\Users\hasibul shaikh\Documents\Car_Color_Detection_AI\data\raw\archive (6)\train\blue\1052aef969.jpg,blue,2
c:\Users\hasibul shaikh\Documents\Car_Color_Detection_AI\data\raw\archive (6)\train\yellow\2b01deb826.jpg,yellow,14
c:\Users\hasibul shaikh\Documents\Car_Color_Detection_AI\data\raw\archive (6)\train\yellow\bbfba4891a.jpg,yellow,14
c:\Users\hasibul shaikh\Documents\Car_Color_Detection_AI\data\raw\archive (6)\test\purple\4da2d44e3d.jpg,purple,9
c:\Users\hasibul shaikh\Documents\Car_Color_Detection_AI\data\raw\archive (6)\test\blue\3b1667b2b8.jpg,blue,2
c:\Users\hasibul shaikh\Documents\Car_Color_Detection_AI\data\raw\archive (6)\train\red\d0e4c92db3.jpg,red,10
c:\Users\hasibul shaikh\Documents\Car_Color_Detection_AI\data\raw\archive (6)\val\beige\a8acb00924.jpg,beige,0
c:\Users\hasibul shaikh\Documents\Car_Color_Detection_AI\data\raw\archive (6)\train\blue\84afe5e1fb.jpg,blue,2
c:\Users\hasibul shaikh\Documents\Car_Color_Detection_AI\data\raw\archive (6)\train\silver\b9ae5004fd.jpg,silver,11
c:\Users\hasibul shaikh\Documents\Car_Color_Detection_AI\data\raw\archive (6)\train\brown\22b1fb499f.jpg,brown,3
c:\Users\hasibul shaikh\Documents\Car_Color_Detection_AI\data\raw\archive (6)\train\blue\6a5171b607.jpg,blue,2
c:\Users\hasibul shaikh\Documents\Car_Color_Detection_AI\data\raw\archive (6)\train\black\befb483833.jpg,black,1
c:\Users\hasibul shaikh\Documents\Car_Color_Detection_AI\data\raw\archive (6)\train\blue\80575d30e6.jpg,blue,2
c:\Users\hasibul shaikh\Documents\Car_Color_Detection_AI\data\raw\archive (6)\test\green\26ca7cfea7.jpg,green,5
c:\Users\hasibul shaikh\Documents\Car_Color_Detection_AI\data\raw\archive (6)\train\gold\5f1f9010b1.jpg,gold,4
c:\Users\hasibul shaikh\Documents\Car_Color_Detection_AI\data\raw\archive (6)\train\beige\7d66d1ce5b.jpg,beige,0
c:\Users\hasibul shaikh\Documents\Car_Color_Detection_AI\data\raw\archive (6)\train\purple\3c7982d284.jpg,purple,9
c:\Users\hasibul shaikh\Documents\Car_Color_Detection_AI\data\raw\archive (6)\test\black\efe4586820.jpg,black,1
c:\Users\hasibul shaikh\Documents\Car_Color_Detection_AI\data\raw\archive (6)\train\pink\059b878f91.jpg,pink,8
c:\Users\hasibul shaikh\Documents\Car_Color_Detection_AI\data\raw\archive (6)\val\red\b632e6bfbc.jpg,red,10
c:\Users\hasibul shaikh\Documents\Car_Color_Detection_AI\data\raw\archive (6)\train\black\a01a6b0c0f.jpg,black,1
c:\Users\hasibul shaikh\Documents\Car_Color_Detection_AI\data\raw\archive (6)\train\red\50a886981a.jpg,red,10
c:\Users\hasibul shaikh\Documents\Car_Color_Detection_AI\data\raw\archive (6)\val\green\26607dbf71.jpg,green,5
c:\Users\hasibul shaikh\Documents\Car_Color_Detection_AI\data\raw\archive (6)\train\orange\3411f22e34.jpg,orange,7
c:\Users\hasibul shaikh\Documents\Car_Color_Detection_AI\data\raw\archive (6)\train\yellow\8163bc42aa.jpg,yellow,14
c:\Users\hasibul shaikh\Documents\Car_Color_Detection_AI\data\raw\archive (6)\train\silver\f7d8ff7336.jpg,silver,11
c:\Users\hasibul shaikh\Documents\Car_Color_Detection_AI\data\raw\archive (6)\train\black\efae457cd0.jpg,black,1
c:\Users\hasibul shaikh\Documents\Car_Color_Detection_AI\data\raw\archive (6)\train\orange\20119bd6d4.jpg,orange,7
c:\Users\hasibul shaikh\Documents\Car_Color_Detection_AI\data\raw\archive (6)\test\black\d1539a4c07.jpg,black,1
c:\Users\hasibul shaikh\Documents\Car_Color_Detection_AI\data\raw\archive (6)\train\black\06f71deb4b.jpg,black,1
c:\Users\hasibul shaikh\Documents\Car_Color_Detection_AI\data\raw\archive (6)\test\yellow\d406471321.jpg,yellow,14
c:\Users\hasibul shaikh\Documents\Car_Color_Detection_AI\data\raw\archive (6)\train\yellow\c39c92b0f3.jpg,yellow,14
c:\Users\hasibul shaikh\Documents\Car_Color_Detection_AI\data\raw\archive (6)\train\yellow\226e86a7ef.jpg,yellow,14
c:\Users\hasibul shaikh\Documents\Car_Color_Detection_AI\data\raw\archive (6)\val\black\c539fff3bb.jpg,black,1
c:\Users\hasibul shaikh\Documents\Car_Color_Detection_AI\data\raw\archive (6)\train\pink\bb7d91d0d8.jpg,pink,8
c:\Users\hasibul shaikh\Documents\Car_Color_Detection_AI\data\raw\archive (6)\val\beige\d0b6820f23.jpg,beige,0
c:\Users\hasibul shaikh\Documents\Car_Color_Detection_AI\data\raw\archive (6)\train\brown\364f630410.jpg,brown,3
c:\Users\hasibul shaikh\Documents\Car_Color_Detection_AI\data\raw\archive (6)\val\orange\339e45180f.jpg,orange,7
c:\Users\hasibul shaikh\Documents\Car_Color_Detection_AI\data\raw\archive (6)\train\white\eba69e0dc9.jpg,white,13
c:\Users\hasibul shaikh\Documents\Car_Color_Detection_AI\data\raw\archive (6)\train\tan\6db884aece.jpg,tan,12
c:\Users\hasibul shaikh\Documents\Car_Color_Detection_AI\data\raw\archive (6)\train\white\d2f0d18dad.jpg,white,13
c:\Users\hasibul shaikh\Documents\Car_Color_Detection_AI\data\raw\archive (6)\train\black\1e256031e6.jpg,black,1
c:\Users\hasibul shaikh\Documents\Car_Color_Detection_AI\data\raw\archive (6)\train\black\d9708e52e9.jpg,black,1
c:\Users\hasibul shaikh\Documents\Car_Color_Detection_AI\data\raw\archive (6)\train\green\549f69a219.jpg,green,5
c:\Users\hasibul shaikh\Documents\Car_Color_Detection_AI\data\raw\archive (6)\test\silver\31721f80c1.jpg,silver,11
c:\Users\hasibul shaikh\Documents\Car_Color_Detection_AI\data\raw\archive (6)\train\beige\e3d6872772.jpg,beige,0
c:\Users\hasibul shaikh\Documents\Car_Color_Detection_AI\data\raw\archive (6)\val\red\103a0bd2c8.jpg,red,10
c:\Users\hasibul shaikh\Documents\Car_Color_Detection_AI\data\raw\archive (6)\train\brown\1f8f025caa.jpg,brown,3
c:\Users\hasibul shaikh\Documents\Car_Color_Detection_AI\data\raw\archive (6)\train\blue\6a6aa43a85.jpg,blue,2
c:\Users\hasibul shaikh\Documents\Car_Color_Detection_AI\data\raw\archive (6)\train\yellow\2c4b383ccb.jpg,yellow,14
c:\Users\hasibul shaikh\Documents\Car_Color_Detection_AI\data\raw\archive (6)\val\black\98b230dc17.jpg,black,1
c:\Users\hasibul shaikh\Documents\Car_Color_Detection_AI\data\raw\archive (6)\train\black\6e33be3a16.jpg,black,1
c:\Users\hasibul shaikh\Documents\Car_Color_Detection_AI\data\raw\archive (6)\train\yellow\d792fb65eb.jpg,yellow,14
c:\Users\hasibul shaikh\Documents\Car_Color_Detection_AI\data\raw\archive (6)\train\yellow\02c14819f4.jpg,yellow,14
c:\Users\hasibul shaikh\Documents\Car_Color_Detection_AI\data\raw\archive (6)\train\red\36e3ff7974.jpg,red,10
c:\Users\hasibul shaikh\Documents\Car_Color_Detection_AI\data\raw\archive (6)\val\white\e9ea67cd61.jpg,white,13
c:\Users\hasibul shaikh\Documents\Car_Color_Detection_AI\data\raw\archive (6)\train\green\6f7b636db1.jpg,green,5
c:\Users\hasibul shaikh\Documents\Car_Color_Detection_AI\data\raw\archive (6)\train\white\e0f88fb161.jpg,white,13
c:\Users\hasibul shaikh\Documents\Car_Color_Detection_AI\data\raw\archive (6)\test\gold\a577a6f6d1.jpg,gold,4
c:\Users\hasibul shaikh\Documents\Car_Color_Detection_AI\data\raw\archive (6)\test\blue\2227dbf0ea.jpg,blue,2
c:\Users\hasibul shaikh\Documents\Car_Color_Detection_AI\data\raw\archive (6)\val\white\04d5efb551.jpg,white,13
c:\Users\hasibul shaikh\Documents\Car_Color_Detection_AI\data\raw\archive (6)\val\yellow\49e7c9f2a8.jpg,yellow,14
c:\Users\hasibul shaikh\Documents\Car_Color_Detection_AI\data\raw\archive (6)\train\green\3a2fea16da.jpg,green,5
c:\Users\hasibul shaikh\Documents\Car_Color_Detection_AI\data\raw\archive (6)\train\blue\c30fc10417.jpg,blue,2
c:\Users\hasibul shaikh\Documents\Car_Color_Detection_AI\data\raw\archive (6)\train\yellow\cfd11cedcb.jpg,yellow,14
c:\Users\hasibul shaikh\Documents\Car_Color_Detection_AI\data\raw\archive (6)\train\red\cae4c796dd.jpg,red,10
c:\Users\hasibul shaikh\Documents\Car_Color_Detection_AI\data\raw\archive (6)\val\orange\06d9e37e10.jpg,orange,7
c:\Users\hasibul shaikh\Documents\Car_Color_Detection_AI\data\raw\archive (6)\val\beige\596338077b.jpg,beige,0
c:\Users\hasibul shaikh\Documents\Car_Color_Detection_AI\data\raw\archive (6)\train\red\4f5ead4a85.jpg,red,10
c:\Users\hasibul shaikh\Documents\Car_Color_Detection_AI\data\raw\archive (6)\val\yellow\6956a03a8d.jpg,yellow,14
c:\Users\hasibul shaikh\Documents\Car_Color_Detection_AI\data\raw\archive (6)\train\silver\792a67d7a4.jpg,silver,11
c:\Users\hasibul shaikh\Documents\Car_Color_Detection_AI\data\raw\archive (6)\train\blue\3b580f6564.jpg,blue,2
c:\Users\hasibul shaikh\Documents\Car_Color_Detection_AI\data\raw\archive (6)\val\white\344a108e06.jpg,white,13
c:\Users\hasibul shaikh\Documents\Car_Color_Detection_AI\data\raw\archive (6)\train\red\d2febf2953.jpg,red,10
c:\Users\hasibul shaikh\Documents\Car_Color_Detection_AI\data\raw\archive (6)\train\red\334d5dc3f8.jpg,red,10
c:\Users\hasibul shaikh\Documents\Car_Color_Detection_AI\data\raw\archive (6)\test\blue\edc94f614a.jpg,blue,2
c:\Users\hasibul shaikh\Documents\Car_Color_Detection_AI\data\raw\archive (6)\test\brown\e0ad903155.jpg,brown,3
c:\Users\hasibul shaikh\Documents\Car_Color_Detection_AI\data\raw\archive (6)\train\white\fc151a9af2.jpg,white,13
c:\Users\hasibul shaikh\Documents\Car_Color_Detection_AI\data\raw\archive (6)\train\green\18ac663a05.jpg,green,5
c:\Users\hasibul shaikh\Documents\Car_Color_Detection_AI\data\raw\archive (6)\train\beige\02c2e8bbc2.jpg,beige,0
c:\Users\hasibul shaikh\Documents\Car_Color_Detection_AI\data\raw\archive (6)\train\yellow\9d92be153d.jpg,yellow,14
c:\Users\hasibul shaikh\Documents\Car_Color_Detection_AI\data\raw\archive (6)\train\red\0b2aa65ace.jpg,red,10
c:\Users\hasibul shaikh\Documents\Car_Color_Detection_AI\data\raw\archive (6)\train\blue\14374279dd.jpg,blue,2
c:\Users\hasibul shaikh\Documents\Car_Color_Detection_AI\data\raw\archive (6)\val\orange\bf84c5055b.jpg,orange,7
c:\Users\hasibul shaikh\Documents\Car_Color_Detection_AI\data\raw\archive (6)\train\tan\b8fea5f4fd.jpg,tan,12
c:\Users\hasibul shaikh\Documents\Car_Color_Detection_AI\data\raw\archive (6)\train\purple\80a8cb64ec.jpg,purple,9
c:\Users\hasibul shaikh\Documents\Car_Color_Detection_AI\data\raw\archive (6)\val\beige\f8b5505589.jpg,beige,0
c:\Users\hasibul shaikh\Documents\Car_Color_Detection_AI\data\raw\archive (6)\train\yellow\8ef27db956.jpg,yellow,14
c:\Users\hasibul shaikh\Documents\Car_Color_Detection_AI\data\raw\archive (6)\train\yellow\62954efaf2.jpg,yellow,14
c:\Users\hasibul shaikh\Documents\Car_Color_Detection_AI\data\raw\archive (6)\train\purple\575d4251da.jpg,purple,9
c:\Users\hasibul shaikh\Documents\Car_Color_Detection_AI\data\raw\archive (6)\train\white\29074a9a48.jpg,white,13
c:\Users\hasibul shaikh\Documents\Car_Color_Detection_AI\data\raw\archive (6)\train\yellow\274a184f6d.jpg,yellow,14
c:\Users\hasibul shaikh\Documents\Car_Color_Detection_AI\data\raw\archive (6)\val\purple\86d2ae268b.jpg,purple,9
c:\Users\hasibul shaikh\Documents\Car_Color_Detection_AI\data\raw\archive (6)\val\orange\3389762a14.jpg,orange,7
c:\Users\hasibul shaikh\Documents\Car_Color_Detection_AI\data\raw\archive (6)\train\silver\78e9f34923.jpg,silver,11
c:\Users\hasibul shaikh\Documents\Car_Color_Detection_AI\data\raw\archive (6)\test\green\a0d92655f6.jpg,green,5
c:\Users\hasibul shaikh\Documents\Car_Color_Detection_AI\data\raw\archive (6)\train\green\cc270a28a6.jpg,green,5
c:\Users\hasibul shaikh\Documents\Car_Color_Detection_AI\data\raw\archive (6)\train\tan\da63e19dde.jpg,tan,12
c:\Users\hasibul shaikh\Documents\Car_Color_Detection_AI\data\raw\archive (6)\train\blue\efc8d739e2.jpg,blue,2
c:\Users\hasibul shaikh\Documents\Car_Color_Detection_AI\data\raw\archive (6)\train\tan\f6252c9725.jpg,tan,12
c:\Users\hasibul shaikh\Documents\Car_Color_Detection_AI\data\raw\archive (6)\test\tan\3f396dce67.jpg,tan,12
c:\Users\hasibul shaikh\Documents\Car_Color_Detection_AI\data\raw\archive (6)\train\black\7a2dc34ab2.jpg,black,1
c:\Users\hasibul shaikh\Documents\Car_Color_Detection_AI\data\raw\archive (6)\train\blue\c6d8438080.jpg,blue,2
c:\Users\hasibul shaikh\Documents\Car_Color_Detection_AI\data\raw\archive (6)\test\tan\a31e66b805.jpg,tan,12
c:\Users\hasibul shaikh\Documents\Car_Color_Detection_AI\data\raw\archive (6)\train\silver\c051aa321a.jpg,silver,11
c:\Users\hasibul shaikh\Documents\Car_Color_Detection_AI\data\raw\archive (6)\train\red\42423fdfeb.jpg,red,10
c:\Users\hasibul shaikh\Documents\Car_Color_Detection_AI\data\raw\archive (6)\train\green\16640dccee.jpg,green,5
c:\Users\hasibul shaikh\Documents\Car_Color_Detection_AI\data\raw\archive (6)\train\green\24108fe4ae.jpg,green,5
c:\Users\hasibul shaikh\Documents\Car_Color_Detection_AI\data\raw\archive (6)\train\red\34cfa25405.jpg,red,10
c:\Users\hasibul shaikh\Documents\Car_Color_Detection_AI\data\raw\archive (6)\train\brown\0f854a7816.jpg,brown,3
c:\Users\hasibul shaikh\Documents\Car_Color_Detection_AI\data\raw\archive (6)\train\yellow\dfd24ab509.jpg,yellow,14
c:\Users\hasibul shaikh\Documents\Car_Color_Detection_AI\data\raw\archive (6)\train\green\0f85f65e50.jpg,green,5
c:\Users\hasibul shaikh\Documents\Car_Color_Detection_AI\data\raw\archive (6)\val\red\0f659d6968.jpg,red,10
c:\Users\hasibul shaikh\Documents\Car_Color_Detection_AI\data\raw\archive (6)\test\pink\fe99515bef.jpg,pink,8
c:\Users\hasibul shaikh\Documents\Car_Color_Detection_AI\data\raw\archive (6)\train\red\2cd66ae0d7.jpg,red,10
c:\Users\hasibul shaikh\Documents\Car_Color_Detection_AI\data\raw\archive (6)\train\orange\003c4e5ecc.jpg,orange,7
c:\Users\hasibul shaikh\Documents\Car_Color_Detection_AI\data\raw\archive (6)\train\red\efc062a29c.jpg,red,10
c:\Users\hasibul shaikh\Documents\Car_Color_Detection_AI\data\raw\archive (6)\train\pink\7b2a006f45.jpg,pink,8
c:\Users\hasibul shaikh\Documents\Car_Color_Detection_AI\data\raw\archive (6)\test\red\135358467b.jpg,red,10
c:\Users\hasibul shaikh\Documents\Car_Color_Detection_AI\data\raw\archive (6)\train\blue\013d9e041c.jpg,blue,2
c:\Users\hasibul shaikh\Documents\Car_Color_Detection_AI\data\raw\archive (6)\train\pink\cd1f796d93.jpg,pink,8
c:\Users\hasibul shaikh\Documents\Car_Color_Detection_AI\data\raw\archive (6)\val\pink\153e4d5cf8.jpg,pink,8
c:\Users\hasibul shaikh\Documents\Car_Color_Detection_AI\data\raw\archive (6)\train\orange\bafa38f623.jpg,orange,7
c:\Users\hasibul shaikh\Documents\Car_Color_Detection_AI\data\raw\archive (6)\train\red\d11166145c.jpg,red,10
c:\Users\hasibul shaikh\Documents\Car_Color_Detection_AI\data\raw\archive (6)\test\tan\670bd06f5e.jpg,tan,12
c:\Users\hasibul shaikh\Documents\Car_Color_Detection_AI\data\raw\archive (6)\train\red\82f8ed9c3d.jpg,red,10
c:\Users\hasibul shaikh\Documents\Car_Color_Detection_AI\data\raw\archive (6)\train\blue\d765c79227.jpg,blue,2
c:\Users\hasibul shaikh\Documents\Car_Color_Detection_AI\data\raw\archive (6)\test\orange\0d2670ce51.jpg,orange,7
c:\Users\hasibul shaikh\Documents\Car_Color_Detection_AI\data\raw\archive (6)\train\white\705360a932.jpg,white,13
c:\Users\hasibul shaikh\Documents\Car_Color_Detection_AI\data\raw\archive (6)\train\brown\a23b83894d.jpg,brown,3
c:\Users\hasibul shaikh\Documents\Car_Color_Detection_AI\data\raw\archive (6)\train\black\8bbad4b97f.jpg,black,1
c:\Users\hasibul shaikh\Documents\Car_Color_Detection_AI\data\raw\archive (6)\val\pink\8cb1750a0c.jpg,pink,8
c:\Users\hasibul shaikh\Documents\Car_Color_Detection_AI\data\raw\archive (6)\train\blue\6c4c585049.jpg,blue,2
c:\Users\hasibul shaikh\Documents\Car_Color_Detection_AI\data\raw\archive (6)\train\black\5b35dce141.jpg,black,1
c:\Users\hasibul shaikh\Documents\Car_Color_Detection_AI\data\raw\archive (6)\train\silver\bd10623e62.jpg,silver,11
c:\Users\hasibul shaikh\Documents\Car_Color_Detection_AI\data\raw\archive (6)\train\yellow\0a2cc61b27.jpg,yellow,14
c:\Users\hasibul shaikh\Documents\Car_Color_Detection_AI\data\raw\archive (6)\val\blue\14b7c010b6.jpg,blue,2
c:\Users\hasibul shaikh\Documents\Car_Color_Detection_AI\data\raw\archive (6)\val\grey\c07c98e53c.jpg,grey,6
c:\Users\hasibul shaikh\Documents\Car_Color_Detection_AI\data\raw\archive (6)\train\pink\3f6c34521c.jpg,pink,8
c:\Users\hasibul shaikh\Documents\Car_Color_Detection_AI\data\raw\archive (6)\train\orange\c9c375527d.jpg,orange,7
c:\Users\hasibul shaikh\Documents\Car_Color_Detection_AI\data\raw\archive (6)\train\blue\2359a1b1dc.jpg,blue,2
c:\Users\hasibul shaikh\Documents\Car_Color_Detection_AI\data\raw\archive (6)\train\red\dc30577b08.jpg,red,10
c:\Users\hasibul shaikh\Documents\Car_Color_Detection_AI\data\raw\archive (6)\train\yellow\22bed4ce9d.jpg,yellow,14
c:\Users\hasibul shaikh\Documents\Car_Color_Detection_AI\data\raw\archive (6)\test\purple\b9e0927dc9.jpg,purple,9
c:\Users\hasibul shaikh\Documents\Car_Color_Detection_AI\data\raw\archive (6)\test\green\3d0f92031f.jpg,green,5
c:\Users\hasibul shaikh\Documents\Car_Color_Detection_AI\data\raw\archive (6)\val\tan\6c1f803299.jpg,tan,12
c:\Users\hasibul shaikh\Documents\Car_Color_Detection_AI\data\raw\archive (6)\train\orange\45b8ac81a3.jpg,orange,7
c:\Users\hasibul shaikh\Documents\Car_Color_Detection_AI\data\raw\archive (6)\train\orange\f10eb441ef.jpg,orange,7
c:\Users\hasibul shaikh\Documents\Car_Color_Detection_AI\data\raw\archive (6)\val\tan\851db32162.jpg,tan,12
c:\Users\hasibul shaikh\Documents\Car_Color_Detection_AI\data\raw\archive (6)\test\black\52e2308e4e.jpg,black,1
c:\Users\hasibul shaikh\Documents\Car_Color_Detection_AI\data\raw\archive (6)\train\orange\66ce80d5fe.jpg,orange,7
c:\Users\hasibul shaikh\Documents\Car_Color_Detection_AI\data\raw\archive (6)\train\silver\dab92cad87.jpg,silver,11
c:\Users\hasibul shaikh\Documents\Car_Color_Detection_AI\data\raw\archive (6)\val\green\d69e91edae.jpg,green,5
c:\Users\hasibul shaikh\Documents\Car_Color_Detection_AI\data\raw\archive (6)\train\black\48c8135fae.jpg,black,1
c:\Users\hasibul shaikh\Documents\Car_Color_Detection_AI\data\raw\archive (6)\train\black\f7183feb3b.jpg,black,1
c:\Users\hasibul shaikh\Documents\Car_Color_Detection_AI\data\raw\archive (6)\train\blue\8551d9fe67.jpg,blue,2
c:\Users\hasibul shaikh\Documents\Car_Color_Detection_AI\data\raw\archive (6)\train\brown\6a622bec3f.jpg,brown,3
c:\Users\hasibul shaikh\Documents\Car_Color_Detection_AI\data\raw\archive (6)\train\purple\d352d456ab.jpg,purple,9
c:\Users\hasibul shaikh\Documents\Car_Color_Detection_AI\data\raw\archive (6)\val\grey\ab3dabf6ff.jpg,grey,6
c:\Users\hasibul shaikh\Documents\Car_Color_Detection_AI\data\raw\archive (6)\test\black\79bbf557cb.jpg,black,1
c:\Users\hasibul shaikh\Documents\Car_Color_Detection_AI\data\raw\archive (6)\train\pink\1b2e89e4ac.jpg,pink,8
c:\Users\hasibul shaikh\Documents\Car_Color_Detection_AI\data\raw\archive (6)\train\blue\e6974a2964.jpg,blue,2
c:\Users\hasibul shaikh\Documents\Car_Color_Detection_AI\data\raw\archive (6)\train\purple\928ccff194.jpg,purple,9
c:\Users\hasibul shaikh\Documents\Car_Color_Detection_AI\data\raw\archive (6)\val\pink\00745999d3.jpg,pink,8
c:\Users\hasibul shaikh\Documents\Car_Color_Detection_AI\data\raw\archive (6)\test\tan\0a6e186cc0.jpg,tan,12
c:\Users\hasibul shaikh\Documents\Car_Color_Detection_AI\data\raw\archive (6)\val\pink\b8535a4c95.jpg,pink,8
c:\Users\hasibul shaikh\Documents\Car_Color_Detection_AI\data\raw\archive (6)\train\white\60ecebd951.jpg,white,13
c:\Users\hasibul shaikh\Documents\Car_Color_Detection_AI\data\raw\archive (6)\train\purple\f8fb39ce30.jpg,purple,9
c:\Users\hasibul shaikh\Documents\Car_Color_Detection_AI\data\raw\archive (6)\train\red\392186f3ab.jpg,red,10
c:\Users\hasibul shaikh\Documents\Car_Color_Detection_AI\data\raw\archive (6)\val\silver\64ca2f0ecd.jpg,silver,11
c:\Users\hasibul shaikh\Documents\Car_Color_Detection_AI\data\raw\archive (6)\test\beige\23273d7910.jpg,beige,0
c:\Users\hasibul shaikh\Documents\Car_Color_Detection_AI\data\raw\archive (6)\train\blue\de8b7207ba.jpg,blue,2
c:\Users\hasibul shaikh\Documents\Car_Color_Detection_AI\data\raw\archive (6)\train\blue\deecde6955.jpg,blue,2
c:\Users\hasibul shaikh\Documents\Car_Color_Detection_AI\data\raw\archive (6)\train\brown\ad9fea9725.jpg,brown,3
c:\Users\hasibul shaikh\Documents\Car_Color_Detection_AI\data\raw\archive (6)\test\purple\8006a39d75.jpg,purple,9
c:\Users\hasibul shaikh\Documents\Car_Color_Detection_AI\data\raw\archive (6)\train\green\7dce62259d.jpg,green,5
c:\Users\hasibul shaikh\Documents\Car_Color_Detection_AI\data\raw\archive (6)\train\yellow\464baef3cf.jpg,yellow,14
c:\Users\hasibul shaikh\Documents\Car_Color_Detection_AI\data\raw\archive (6)\train\blue\c2af772a51.jpg,blue,2
c:\Users\hasibul shaikh\Documents\Car_Color_Detection_AI\data\raw\archive (6)\train\beige\8a9b847b00.jpg,beige,0
c:\Users\hasibul shaikh\Documents\Car_Color_Detection_AI\data\raw\archive (6)\train\black\3223af8cd7.jpg,black,1
c:\Users\hasibul shaikh\Documents\Car_Color_Detection_AI\data\raw\archive (6)\val\pink\5d7c6ba424.jpg,pink,8
c:\Users\hasibul shaikh\Documents\Car_Color_Detection_AI\data\raw\archive (6)\train\white\7e55606a95.jpg,white,13
c:\Users\hasibul shaikh\Documents\Car_Color_Detection_AI\data\raw\archive (6)\train\blue\0f2c47a824.jpg,blue,2
c:\Users\hasibul shaikh\Documents\Car_Color_Detection_AI\data\raw\archive (6)\test\gold\5328e22606.jpg,gold,4
c:\Users\hasibul shaikh\Documents\Car_Color_Detection_AI\data\raw\archive (6)\val\green\e9e293bb6c.jpg,green,5
c:\Users\hasibul shaikh\Documents\Car_Color_Detection_AI\data\raw\archive (6)\train\orange\8fe4a31b94.jpg,orange,7
c:\Users\hasibul shaikh\Documents\Car_Color_Detection_AI\data\raw\archive (6)\train\purple\c7cb0bbda1.jpg,purple,9
c:\Users\hasibul shaikh\Documents\Car_Color_Detection_AI\data\raw\archive (6)\test\grey\5a73abcd1b.jpg,grey,6
c:\Users\hasibul shaikh\Documents\Car_Color_Detection_AI\data\raw\archive (6)\train\silver\befb7f1153.jpg,silver,11
c:\Users\hasibul shaikh\Documents\Car_Color_Detection_AI\data\raw\archive (6)\test\blue\db62c7abc2.jpg,blue,2
c:\Users\hasibul shaikh\Documents\Car_Color_Detection_AI\data\raw\archive (6)\val\black\e717d5f437.jpg,black,1
c:\Users\hasibul shaikh\Documents\Car_Color_Detection_AI\data\raw\archive (6)\train\yellow\3df1fd0d39.jpg,yellow,14
c:\Users\hasibul shaikh\Documents\Car_Color_Detection_AI\data\raw\archive (6)\train\blue\15b1310c28.jpg,blue,2
c:\Users\hasibul shaikh\Documents\Car_Color_Detection_AI\data\raw\archive (6)\train\red\c94a0449f3.jpg,red,10
c:\Users\hasibul shaikh\Documents\Car_Color_Detection_AI\data\raw\archive (6)\test\orange\c31fa33758.jpg,orange,7
c:\Users\hasibul shaikh\Documents\Car_Color_Detection_AI\data\raw\archive (6)\train\beige\2822298e3a.jpg,beige,0
c:\Users\hasibul shaikh\Documents\Car_Color_Detection_AI\data\raw\archive (6)\train\orange\1fafa198f6.jpg,orange,7
c:\Users\hasibul shaikh\Documents\Car_Color_Detection_AI\data\raw\archive (6)\train\beige\8dcf1a2c9c.jpg,beige,0
c:\Users\hasibul shaikh\Documents\Car_Color_Detection_AI\data\raw\archive (6)\train\silver\5a7811a3e4.jpg,silver,11
c:\Users\hasibul shaikh\Documents\Car_Color_Detection_AI\data\raw\archive (6)\test\blue\32afd5695d.jpg,blue,2
c:\Users\hasibul shaikh\Documents\Car_Color_Detection_AI\data\raw\archive (6)\train\beige\d7a241d6e0.jpg,beige,0
c:\Users\hasibul shaikh\Documents\Car_Color_Detection_AI\data\raw\archive (6)\train\purple\fff39de206.jpg,purple,9
c:\Users\hasibul shaikh\Documents\Car_Color_Detection_AI\data\raw\archive (6)\train\grey\fb4b3a401d.jpg,grey,6
c:\Users\hasibul shaikh\Documents\Car_Color_Detection_AI\data\raw\archive (6)\train\purple\02cd9db55b.jpg,purple,9
c:\Users\hasibul shaikh\Documents\Car_Color_Detection_AI\data\raw\archive (6)\train\brown\2bb00fa216.jpg,brown,3
c:\Users\hasibul shaikh\Documents\Car_Color_Detection_AI\data\raw\archive (6)\val\blue\d40ed9bf64.jpg,blue,2
c:\Users\hasibul shaikh\Documents\Car_Color_Detection_AI\data\raw\archive (6)\train\orange\719b1e142b.jpg,orange,7
c:\Users\hasibul shaikh\Documents\Car_Color_Detection_AI\data\raw\archive (6)\train\grey\84d9de42d6.jpg,grey,6
c:\Users\hasibul shaikh\Documents\Car_Color_Detection_AI\data\raw\archive (6)\val\white\a6b240dcd4.jpg,white,13
c:\Users\hasibul shaikh\Documents\Car_Color_Detection_AI\data\raw\archive (6)\train\red\089a2f105c.jpg,red,10
c:\Users\hasibul shaikh\Documents\Car_Color_Detection_AI\data\raw\archive (6)\train\gold\37795889be.jpg,gold,4
c:\Users\hasibul shaikh\Documents\Car_Color_Detection_AI\data\raw\archive (6)\val\beige\43425aa845.jpg,beige,0
c:\Users\hasibul shaikh\Documents\Car_Color_Detection_AI\data\raw\archive (6)\test\green\95b873b66e.jpg,green,5
c:\Users\hasibul shaikh\Documents\Car_Color_Detection_AI\data\raw\archive (6)\train\yellow\58feaae7cc.jpg,yellow,14
c:\Users\hasibul shaikh\Documents\Car_Color_Detection_AI\data\raw\archive (6)\train\grey\71531c7504.jpg,grey,6
c:\Users\hasibul shaikh\Documents\Car_Color_Detection_AI\data\raw\archive (6)\train\tan\9a5f972de8.jpg,tan,12
c:\Users\hasibul shaikh\Documents\Car_Color_Detection_AI\data\raw\archive (6)\train\yellow\346a41096d.jpg,yellow,14
c:\Users\hasibul shaikh\Documents\Car_Color_Detection_AI\data\raw\archive (6)\train\grey\5289ff09a4.jpg,grey,6
c:\Users\hasibul shaikh\Documents\Car_Color_Detection_AI\data\raw\archive (6)\test\purple\fb6a0e3528.jpg,purple,9
c:\Users\hasibul shaikh\Documents\Car_Color_Detection_AI\data\raw\archive (6)\train\tan\512a03954d.jpg,tan,12
c:\Users\hasibul shaikh\Documents\Car_Color_Detection_AI\data\raw\archive (6)\train\green\a14f3a42f1.jpg,green,5
c:\Users\hasibul shaikh\Documents\Car_Color_Detection_AI\data\raw\archive (6)\train\orange\ef6959e880.jpg,orange,7
c:\Users\hasibul shaikh\Documents\Car_Color_Detection_AI\data\raw\archive (6)\train\pink\1ae2656d09.jpg,pink,8
c:\Users\hasibul shaikh\Documents\Car_Color_Detection_AI\data\raw\archive (6)\val\beige\93104d08ed.jpg,beige,0
c:\Users\hasibul shaikh\Documents\Car_Color_Detection_AI\data\raw\archive (6)\train\tan\20db835b43.jpg,tan,12
c:\Users\hasibul shaikh\Documents\Car_Color_Detection_AI\data\raw\archive (6)\train\tan\5be022315a.jpg,tan,12
c:\Users\hasibul shaikh\Documents\Car_Color_Detection_AI\data\raw\archive (6)\train\blue\eceeb4c04b.jpg,blue,2
c:\Users\hasibul shaikh\Documents\Car_Color_Detection_AI\data\raw\archive (6)\train\gold\170235711a.jpg,gold,4
c:\Users\hasibul shaikh\Documents\Car_Color_Detection_AI\data\raw\archive (6)\val\tan\e7939887b2.jpg,tan,12
c:\Users\hasibul shaikh\Documents\Car_Color_Detection_AI\data\raw\archive (6)\train\white\e5a96ed792.jpg,white,13
c:\Users\hasibul shaikh\Documents\Car_Color_Detection_AI\data\raw\archive (6)\train\orange\e4ea185304.jpg,orange,7
c:\Users\hasibul shaikh\Documents\Car_Color_Detection_AI\data\raw\archive (6)\train\brown\56901b3a95.jpg,brown,3
c:\Users\hasibul shaikh\Documents\Car_Color_Detection_AI\data\raw\archive (6)\train\blue\a1c9cdd0b0.jpg,blue,2
c:\Users\hasibul shaikh\Documents\Car_Color_Detection_AI\data\raw\archive (6)\train\brown\5d57bc9170.jpg,brown,3
c:\Users\hasibul shaikh\Documents\Car_Color_Detection_AI\data\raw\archive (6)\test\brown\39449932ee.jpg,brown,3
c:\Users\hasibul shaikh\Documents\Car_Color_Detection_AI\data\raw\archive (6)\train\grey\bb5cc477bb.jpg,grey,6
c:\Users\hasibul shaikh\Documents\Car_Color_Detection_AI\data\raw\archive (6)\train\white\119357b266.jpg,white,13
c:\Users\hasibul shaikh\Documents\Car_Color_Detection_AI\data\raw\archive (6)\train\pink\e059d5147e.jpg,pink,8
c:\Users\hasibul shaikh\Documents\Car_Color_Detection_AI\data\raw\archive (6)\train\grey\6eaa8a2f0e.jpg,grey,6
c:\Users\hasibul shaikh\Documents\Car_Color_Detection_AI\data\raw\archive (6)\train\blue\1a77aeaa94.jpg,blue,2
c:\Users\hasibul shaikh\Documents\Car_Color_Detection_AI\data\raw\archive (6)\val\white\f702a8d3df.jpg,white,13
c:\Users\hasibul shaikh\Documents\Car_Color_Detection_AI\data\raw\archive (6)\train\brown\bc2e965414.jpg,brown,3
c:\Users\hasibul shaikh\Documents\Car_Color_Detection_AI\data\raw\archive (6)\test\yellow\ce0c37a14c.jpg,yellow,14
c:\Users\hasibul shaikh\Documents\Car_Color_Detection_AI\data\raw\archive (6)\train\orange\d0e96673e6.jpg,orange,7
c:\Users\hasibul shaikh\Documents\Car_Color_Detection_AI\data\raw\archive (6)\train\orange\4d6b2c872f.jpg,orange,7
c:\Users\hasibul shaikh\Documents\Car_Color_Detection_AI\data\raw\archive (6)\train\purple\7bd5f30d87.jpg,purple,9
c:\Users\hasibul shaikh\Documents\Car_Color_Detection_AI\data\raw\archive (6)\train\yellow\7f7d29b497.jpg,yellow,14
c:\Users\hasibul shaikh\Documents\Car_Color_Detection_AI\data\raw\archive (6)\train\purple\42f5f96fca.jpg,purple,9
c:\Users\hasibul shaikh\Documents\Car_Color_Detection_AI\data\raw\archive (6)\train\black\744d42f636.jpg,black,1
c:\Users\hasibul shaikh\Documents\Car_Color_Detection_AI\data\raw\archive (6)\test\silver\0d90eeb5ef.jpg,silver,11
c:\Users\hasibul shaikh\Documents\Car_Color_Detection_AI\data\raw\archive (6)\val\purple\908de34de4.jpg,purple,9
c:\Users\hasibul shaikh\Documents\Car_Color_Detection_AI\data\raw\archive (6)\train\orange\43cd652743.jpg,orange,7
c:\Users\hasibul shaikh\Documents\Car_Color_Detection_AI\data\raw\archive (6)\train\tan\a20085459d.jpg,tan,12
c:\Users\hasibul shaikh\Documents\Car_Color_Detection_AI\data\raw\archive (6)\val\green\3df4fe3c25.jpg,green,5
c:\Users\hasibul shaikh\Documents\Car_Color_Detection_AI\data\raw\archive (6)\val\blue\dd1f27018e.jpg,blue,2
c:\Users\hasibul shaikh\Documents\Car_Color_Detection_AI\data\raw\archive (6)\val\brown\9c403353f4.jpg,brown,3
c:\Users\hasibul shaikh\Documents\Car_Color_Detection_AI\data\raw\archive (6)\train\red\41b80012de.jpg,red,10
c:\Users\hasibul shaikh\Documents\Car_Color_Detection_AI\data\raw\archive (6)\test\gold\513f867ad3.jpg,gold,4
c:\Users\hasibul shaikh\Documents\Car_Color_Detection_AI\data\raw\archive (6)\test\yellow\b76f223244.jpg,yellow,14
c:\Users\hasibul shaikh\Documents\Car_Color_Detection_AI\data\raw\archive (6)\train\blue\ccadf60d9f.jpg,blue,2
c:\Users\hasibul shaikh\Documents\Car_Color_Detection_AI\data\raw\archive (6)\train\grey\b58b388d8f.jpg,grey,6
c:\Users\hasibul shaikh\Documents\Car_Color_Detection_AI\data\raw\archive (6)\train\brown\2149fdb1eb.jpg,brown,3
c:\Users\hasibul shaikh\Documents\Car_Color_Detection_AI\data\raw\archive (6)\train\brown\797791265d.jpg,brown,3
c:\Users\hasibul shaikh\Documents\Car_Color_Detection_AI\data\raw\archive (6)\train\orange\784267eee2.jpg,orange,7
c:\Users\hasibul shaikh\Documents\Car_Color_Detection_AI\data\raw\archive (6)\train\gold\d6d3daf4da.jpg,gold,4
c:\Users\hasibul shaikh\Documents\Car_Color_Detection_AI\data\raw\archive (6)\train\grey\f2791bb4dc.jpg,grey,6
c:\Users\hasibul shaikh\Documents\Car_Color_Detection_AI\data\raw\archive (6)\train\blue\c01350d3d7.jpg,blue,2
c:\Users\hasibul shaikh\Documents\Car_Color_Detection_AI\data\raw\archive (6)\train\grey\6f54c3a569.jpg,grey,6
c:\Users\hasibul shaikh\Documents\Car_Color_Detection_AI\data\raw\archive (6)\train\silver\8d984c6348.jpg,silver,11
c:\Users\hasibul shaikh\Documents\Car_Color_Detection_AI\data\raw\archive (6)\val\tan\36b3ebd3b7.jpg,tan,12
c:\Users\hasibul shaikh\Documents\Car_Color_Detection_AI\data\raw\archive (6)\val\grey\e73fe06ba8.jpg,grey,6
c:\Users\hasibul shaikh\Documents\Car_Color_Detection_AI\data\raw\archive (6)\train\red\e80ef46c74.jpg,red,10
c:\Users\hasibul shaikh\Documents\Car_Color_Detection_AI\data\raw\archive (6)\train\purple\de04aff3cf.jpg,purple,9
c:\Users\hasibul shaikh\Documents\Car_Color_Detection_AI\data\raw\archive (6)\train\purple\ff9fdb4509.jpg,purple,9
c:\Users\hasibul shaikh\Documents\Car_Color_Detection_AI\data\raw\archive (6)\train\green\1a8cee0742.jpg,green,5
c:\Users\hasibul shaikh\Documents\Car_Color_Detection_AI\data\raw\archive (6)\test\orange\616d8b5d86.jpg,orange,7
c:\Users\hasibul shaikh\Documents\Car_Color_Detection_AI\data\raw\archive (6)\train\silver\0040874d85.jpg,silver,11
c:\Users\hasibul shaikh\Documents\Car_Color_Detection_AI\data\raw\archive (6)\val\brown\4b923c96cb.jpg,brown,3
c:\Users\hasibul shaikh\Documents\Car_Color_Detection_AI\data\raw\archive (6)\train\grey\b6898d4e7a.jpg,grey,6
c:\Users\hasibul shaikh\Documents\Car_Color_Detection_AI\data\raw\archive (6)\train\purple\9a11ff2f68.jpg,purple,9
c:\Users\hasibul shaikh\Documents\Car_Color_Detection_AI\data\raw\archive (6)\train\tan\57b2ab8fc3.jpg,tan,12
c:\Users\hasibul shaikh\Documents\Car_Color_Detection_AI\data\raw\archive (6)\train\brown\0e8bbae31a.jpg,brown,3
c:\Users\hasibul shaikh\Documents\Car_Color_Detection_AI\data\raw\archive (6)\train\white\5a960fcaab.jpg,white,13
c:\Users\hasibul shaikh\Documents\Car_Color_Detection_AI\data\raw\archive (6)\train\purple\09989d4671.jpg,purple,9
c:\Users\hasibul shaikh\Documents\Car_Color_Detection_AI\data\raw\archive (6)\train\brown\e912bccedd.jpg,brown,3
c:\Users\hasibul shaikh\Documents\Car_Color_Detection_AI\data\raw\archive (6)\train\yellow\8b2464a6c4.jpg,yellow,14
c:\Users\hasibul shaikh\Documents\Car_Color_Detection_AI\data\raw\archive (6)\train\pink\a14705332d.jpg,pink,8
c:\Users\hasibul shaikh\Documents\Car_Color_Detection_AI\data\raw\archive (6)\train\orange\5b66ac780e.jpg,orange,7
c:\Users\hasibul shaikh\Documents\Car_Color_Detection_AI\data\raw\archive (6)\test\yellow\33e193b821.jpg,yellow,14
c:\Users\hasibul shaikh\Documents\Car_Color_Detection_AI\data\raw\archive (6)\val\tan\b1497d9877.jpg,tan,12
c:\Users\hasibul shaikh\Documents\Car_Color_Detection_AI\data\raw\archive (6)\train\orange\2873f2f2b4.jpg,orange,7
c:\Users\hasibul shaikh\Documents\Car_Color_Detection_AI\data\raw\archive (6)\test\yellow\7c8cb481b0.jpg,yellow,14
c:\Users\hasibul shaikh\Documents\Car_Color_Detection_AI\data\raw\archive (6)\train\green\6d7d902cea.jpg,green,5
c:\Users\hasibul shaikh\Documents\Car_Color_Detection_AI\data\raw\archive (6)\train\gold\bb498f3c22.jpg,gold,4
c:\Users\hasibul shaikh\Documents\Car_Color_Detection_AI\data\raw\archive (6)\train\yellow\9059f274be.jpg,yellow,14
c:\Users\hasibul shaikh\Documents\Car_Color_Detection_AI\data\raw\archive (6)\train\pink\4b33c40b4d.jpg,pink,8
c:\Users\hasibul shaikh\Documents\Car_Color_Detection_AI\data\raw\archive (6)\train\green\5ce69378e7.jpg,green,5
c:\Users\hasibul shaikh\Documents\Car_Color_Detection_AI\data\raw\archive (6)\val\grey\b3038dc8e5.jpg,grey,6
c:\Users\hasibul shaikh\Documents\Car_Color_Detection_AI\data\raw\archive (6)\train\white\23346783ff.jpg,white,13
c:\Users\hasibul shaikh\Documents\Car_Color_Detection_AI\data\raw\archive (6)\val\orange\19cbdacfcd.jpg,orange,7
c:\Users\hasibul shaikh\Documents\Car_Color_Detection_AI\data\raw\archive (6)\test\brown\0cef664e53.jpg,brown,3
c:\Users\hasibul shaikh\Documents\Car_Color_Detection_AI\data\raw\archive (6)\train\green\a432d5566c.jpg,green,5
c:\Users\hasibul shaikh\Documents\Car_Color_Detection_AI\data\raw\archive (6)\train\purple\1f40a0c27b.jpg,purple,9
c:\Users\hasibul shaikh\Documents\Car_Color_Detection_AI\data\raw\archive (6)\train\pink\efa8d41453.jpg,pink,8
c:\Users\hasibul shaikh\Documents\Car_Color_Detection_AI\data\raw\archive (6)\val\orange\5ce6ea8649.jpg,orange,7
c:\Users\hasibul shaikh\Documents\Car_Color_Detection_AI\data\raw\archive (6)\val\purple\724f53017f.jpg,purple,9
c:\Users\hasibul shaikh\Documents\Car_Color_Detection_AI\data\raw\archive (6)\train\tan\728952c6a9.jpg,tan,12
c:\Users\hasibul shaikh\Documents\Car_Color_Detection_AI\data\raw\archive (6)\train\tan\141ec0c6b7.jpg,tan,12
c:\Users\hasibul shaikh\Documents\Car_Color_Detection_AI\data\raw\archive (6)\train\purple\13b9e8c001.jpg,purple,9
c:\Users\hasibul shaikh\Documents\Car_Color_Detection_AI\data\raw\archive (6)\train\red\68cf03582d.jpg,red,10
c:\Users\hasibul shaikh\Documents\Car_Color_Detection_AI\data\raw\archive (6)\train\blue\b9c9c12402.jpg,blue,2
c:\Users\hasibul shaikh\Documents\Car_Color_Detection_AI\data\raw\archive (6)\train\red\5b9482434e.jpg,red,10
c:\Users\hasibul shaikh\Documents\Car_Color_Detection_AI\data\raw\archive (6)\train\blue\340a1324bb.jpg,blue,2
c:\Users\hasibul shaikh\Documents\Car_Color_Detection_AI\data\raw\archive (6)\val\yellow\48888c6652.jpg,yellow,14
c:\Users\hasibul shaikh\Documents\Car_Color_Detection_AI\data\raw\archive (6)\train\silver\35dda8e9fa.jpg,silver,11
c:\Users\hasibul shaikh\Documents\Car_Color_Detection_AI\data\raw\archive (6)\train\black\aa65619515.jpg,black,1
c:\Users\hasibul shaikh\Documents\Car_Color_Detection_AI\data\raw\archive (6)\train\orange\926956e333.jpg,orange,7
c:\Users\hasibul shaikh\Documents\Car_Color_Detection_AI\data\raw\archive (6)\train\pink\9435fb1e1c.jpg,pink,8
c:\Users\hasibul shaikh\Documents\Car_Color_Detection_AI\data\raw\archive (6)\train\purple\7d44e4fefe.jpg,purple,9
c:\Users\hasibul shaikh\Documents\Car_Color_Detection_AI\data\raw\archive (6)\train\brown\7f96d2c931.jpg,brown,3
c:\Users\hasibul shaikh\Documents\Car_Color_Detection_AI\data\raw\archive (6)\val\red\3a391943be.jpg,red,10
c:\Users\hasibul shaikh\Documents\Car_Color_Detection_AI\data\raw\archive (6)\train\green\1f2c44f798.jpg,green,5
c:\Users\hasibul shaikh\Documents\Car_Color_Detection_AI\data\raw\archive (6)\train\brown\b885933db6.jpg,brown,3
c:\Users\hasibul shaikh\Documents\Car_Color_Detection_AI\data\raw\archive (6)\val\yellow\9eb1a5a165.jpg,yellow,14
c:\Users\hasibul shaikh\Documents\Car_Color_Detection_AI\data\raw\archive (6)\val\blue\4b1df8db3b.jpg,blue,2
c:\Users\hasibul shaikh\Documents\Car_Color_Detection_AI\data\raw\archive (6)\train\orange\52bbe0aec7.jpg,orange,7
c:\Users\hasibul shaikh\Documents\Car_Color_Detection_AI\data\raw\archive (6)\train\blue\8b472f2cad.jpg,blue,2
c:\Users\hasibul shaikh\Documents\Car_Color_Detection_AI\data\raw\archive (6)\test\white\e21839168d.jpg,white,13
c:\Users\hasibul shaikh\Documents\Car_Color_Detection_AI\data\raw\archive (6)\train\blue\415dd8b665.jpg,blue,2
c:\Users\hasibul shaikh\Documents\Car_Color_Detection_AI\data\raw\archive (6)\train\purple\68842a80ae.jpg,purple,9
c:\Users\hasibul shaikh\Documents\Car_Color_Detection_AI\data\raw\archive (6)\train\black\15f74a2083.jpg,black,1
c:\Users\hasibul shaikh\Documents\Car_Color_Detection_AI\data\raw\archive (6)\train\green\32b7c99f44.jpg,green,5
c:\Users\hasibul shaikh\Documents\Car_Color_Detection_AI\data\raw\archive (6)\train\tan\ed1222204e.jpg,tan,12
c:\Users\hasibul shaikh\Documents\Car_Color_Detection_AI\data\raw\archive (6)\train\white\163afb1a5f.jpg,white,13
c:\Users\hasibul shaikh\Documents\Car_Color_Detection_AI\data\raw\archive (6)\train\pink\3145703a18.jpg,pink,8
c:\Users\hasibul shaikh\Documents\Car_Color_Detection_AI\data\raw\archive (6)\train\silver\8e0515583c.jpg,silver,11
c:\Users\hasibul shaikh\Documents\Car_Color_Detection_AI\data\raw\archive (6)\train\red\e47240bdc0.jpg,red,10
c:\Users\hasibul shaikh\Documents\Car_Color_Detection_AI\data\raw\archive (6)\train\blue\2ad8c974ea.jpg,blue,2
c:\Users\hasibul shaikh\Documents\Car_Color_Detection_AI\data\raw\archive (6)\val\silver\e40c4b7952.jpg,silver,11
c:\Users\hasibul shaikh\Documents\Car_Color_Detection_AI\data\raw\archive (6)\train\brown\0b5ee99a85.jpg,brown,3
c:\Users\hasibul shaikh\Documents\Car_Color_Detection_AI\data\raw\archive (6)\train\beige\74f19e455c.jpg,beige,0
c:\Users\hasibul shaikh\Documents\Car_Color_Detection_AI\data\raw\archive (6)\val\blue\1701740225.jpg,blue,2
c:\Users\hasibul shaikh\Documents\Car_Color_Detection_AI\data\raw\archive (6)\test\pink\1c61b889e0.jpg,pink,8
c:\Users\hasibul shaikh\Documents\Car_Color_Detection_AI\data\raw\archive (6)\train\pink\a07ec5f14c.jpg,pink,8
c:\Users\hasibul shaikh\Documents\Car_Color_Detection_AI\data\raw\archive (6)\train\grey\1d230b0afd.jpg,grey,6
c:\Users\hasibul shaikh\Documents\Car_Color_Detection_AI\data\raw\archive (6)\train\purple\007f2db65b.jpg,purple,9
c:\Users\hasibul shaikh\Documents\Car_Color_Detection_AI\data\raw\archive (6)\train\tan\e338c473ab.jpg,tan,12
c:\Users\hasibul shaikh\Documents\Car_Color_Detection_AI\data\raw\archive (6)\train\black\2a66eb96be.jpg,black,1
c:\Users\hasibul shaikh\Documents\Car_Color_Detection_AI\data\raw\archive (6)\train\tan\86af90ce64.jpg,tan,12
c:\Users\hasibul shaikh\Documents\Car_Color_Detection_AI\data\raw\archive (6)\val\orange\be7564fc5d.jpg,orange,7
c:\Users\hasibul shaikh\Documents\Car_Color_Detection_AI\data\raw\archive (6)\test\red\83ab77c69e.jpg,red,10
c:\Users\hasibul shaikh\Documents\Car_Color_Detection_AI\data\raw\archive (6)\train\green\155751dcb8.jpg,green,5
c:\Users\hasibul shaikh\Documents\Car_Color_Detection_AI\data\raw\archive (6)\train\orange\faeed2e13e.jpg,orange,7
c:\Users\hasibul shaikh\Documents\Car_Color_Detection_AI\data\raw\archive (6)\val\white\6f61853f84.jpg,white,13
c:\Users\hasibul shaikh\Documents\Car_Color_Detection_AI\data\raw\archive (6)\train\beige\5255f8b570.jpg,beige,0
c:\Users\hasibul shaikh\Documents\Car_Color_Detection_AI\data\raw\archive (6)\val\orange\285ce83574.jpg,orange,7
c:\Users\hasibul shaikh\Documents\Car_Color_Detection_AI\data\raw\archive (6)\train\grey\8edc8fcdcc.jpg,grey,6
c:\Users\hasibul shaikh\Documents\Car_Color_Detection_AI\data\raw\archive (6)\train\green\f1252a96c5.jpg,green,5
c:\Users\hasibul shaikh\Documents\Car_Color_Detection_AI\data\raw\archive (6)\test\yellow\ce4598c5b6.jpg,yellow,14
c:\Users\hasibul shaikh\Documents\Car_Color_Detection_AI\data\raw\archive (6)\train\pink\c9d7d1a020.jpg,pink,8
c:\Users\hasibul shaikh\Documents\Car_Color_Detection_AI\data\raw\archive (6)\train\white\9a093aaf42.jpg,white,13
c:\Users\hasibul shaikh\Documents\Car_Color_Detection_AI\data\raw\archive (6)\train\green\2c2005460c.jpg,green,5
c:\Users\hasibul shaikh\Documents\Car_Color_Detection_AI\data\raw\archive (6)\train\orange\2a3fa6a7ef.jpg,orange,7
c:\Users\hasibul shaikh\Documents\Car_Color_Detection_AI\data\raw\archive (6)\train\green\091f3603a1.jpg,green,5
c:\Users\hasibul shaikh\Documents\Car_Color_Detection_AI\data\raw\archive (6)\val\gold\1f9e637b41.jpg,gold,4
c:\Users\hasibul shaikh\Documents\Car_Color_Detection_AI\data\raw\archive (6)\val\orange\f3a0ddc562.jpg,orange,7
c:\Users\hasibul shaikh\Documents\Car_Color_Detection_AI\data\raw\archive (6)\val\grey\1ff1ce21a4.jpg,grey,6
c:\Users\hasibul shaikh\Documents\Car_Color_Detection_AI\data\raw\archive (6)\train\black\adc4d6aeab.jpg,black,1
c:\Users\hasibul shaikh\Documents\Car_Color_Detection_AI\data\raw\archive (6)\train\orange\e734cc9748.jpg,orange,7
c:\Users\hasibul shaikh\Documents\Car_Color_Detection_AI\data\raw\archive (6)\val\blue\cb8bf921f7.jpg,blue,2
c:\Users\hasibul shaikh\Documents\Car_Color_Detection_AI\data\raw\archive (6)\train\grey\950795d0bf.jpg,grey,6
c:\Users\hasibul shaikh\Documents\Car_Color_Detection_AI\data\raw\archive (6)\test\silver\83c31bc7ae.jpg,silver,11
c:\Users\hasibul shaikh\Documents\Car_Color_Detection_AI\data\raw\archive (6)\test\red\755ba4edc8.jpg,red,10
c:\Users\hasibul shaikh\Documents\Car_Color_Detection_AI\data\raw\archive (6)\val\orange\69d555b38c.jpg,orange,7
c:\Users\hasibul shaikh\Documents\Car_Color_Detection_AI\data\raw\archive (6)\train\green\38e3dfce41.jpg,green,5
c:\Users\hasibul shaikh\Documents\Car_Color_Detection_AI\data\raw\archive (6)\test\green\1fada4c0a8.jpg,green,5
c:\Users\hasibul shaikh\Documents\Car_Color_Detection_AI\data\raw\archive (6)\train\pink\3c74ff08a2.jpg,pink,8
c:\Users\hasibul shaikh\Documents\Car_Color_Detection_AI\data\raw\archive (6)\train\brown\de3fda4a8b.jpg,brown,3
c:\Users\hasibul shaikh\Documents\Car_Color_Detection_AI\data\raw\archive (6)\val\green\859c799c89.jpg,green,5
c:\Users\hasibul shaikh\Documents\Car_Color_Detection_AI\data\raw\archive (6)\train\grey\120d899050.jpg,grey,6
c:\Users\hasibul shaikh\Documents\Car_Color_Detection_AI\data\raw\archive (6)\train\red\a1a4a7bf76.jpg,red,10
c:\Users\hasibul shaikh\Documents\Car_Color_Detection_AI\data\raw\archive (6)\val\beige\45b65bd4e7.jpg,beige,0
c:\Users\hasibul shaikh\Documents\Car_Color_Detection_AI\data\raw\archive (6)\train\blue\fe7c2c5262.jpg,blue,2
c:\Users\hasibul shaikh\Documents\Car_Color_Detection_AI\data\raw\archive (6)\val\pink\0e1b7e2331.jpg,pink,8
c:\Users\hasibul shaikh\Documents\Car_Color_Detection_AI\data\raw\archive (6)\train\green\5a67bb2c8e.jpg,green,5
c:\Users\hasibul shaikh\Documents\Car_Color_Detection_AI\data\raw\archive (6)\train\pink\bd048efc17.jpg,pink,8
c:\Users\hasibul shaikh\Documents\Car_Color_Detection_AI\data\raw\archive (6)\train\red\6f353ebbe7.jpg,red,10
c:\Users\hasibul shaikh\Documents\Car_Color_Detection_AI\data\raw\archive (6)\train\grey\48fd42eb0c.jpg,grey,6
c:\Users\hasibul shaikh\Documents\Car_Color_Detection_AI\data\raw\archive (6)\val\silver\86d28ccc9a.jpg,silver,11
c:\Users\hasibul shaikh\Documents\Car_Color_Detection_AI\data\raw\archive (6)\train\brown\70ab669827.jpg,brown,3
c:\Users\hasibul shaikh\Documents\Car_Color_Detection_AI\data\raw\archive (6)\train\brown\692aae605b.jpg,brown,3
c:\Users\hasibul shaikh\Documents\Car_Color_Detection_AI\data\raw\archive (6)\train\green\086b2a352e.jpg,green,5
c:\Users\hasibul shaikh\Documents\Car_Color_Detection_AI\data\raw\archive (6)\val\pink\9aaf9c7d59.jpg,pink,8
c:\Users\hasibul shaikh\Documents\Car_Color_Detection_AI\data\raw\archive (6)\val\pink\c2bdbbc026.jpg,pink,8
c:\Users\hasibul shaikh\Documents\Car_Color_Detection_AI\data\raw\archive (6)\test\white\fbe92e817b.jpg,white,13
c:\Users\hasibul shaikh\Documents\Car_Color_Detection_AI\data\raw\archive (6)\test\red\3bb01c0486.jpg,red,10
c:\Users\hasibul shaikh\Documents\Car_Color_Detection_AI\data\raw\archive (6)\test\black\911d9c4737.jpg,black,1
c:\Users\hasibul shaikh\Documents\Car_Color_Detection_AI\data\raw\archive (6)\test\green\0ab0ae24e8.jpg,green,5
c:\Users\hasibul shaikh\Documents\Car_Color_Detection_AI\data\raw\archive (6)\val\green\3d42bd1ce6.jpg,green,5
c:\Users\hasibul shaikh\Documents\Car_Color_Detection_AI\data\raw\archive (6)\val\black\1079e5c087.jpg,black,1
c:\Users\hasibul shaikh\Documents\Car_Color_Detection_AI\data\raw\archive (6)\train\blue\f06b96f524.jpg,blue,2
c:\Users\hasibul shaikh\Documents\Car_Color_Detection_AI\data\raw\archive (6)\test\white\2294c7f609.jpg,white,13
c:\Users\hasibul shaikh\Documents\Car_Color_Detection_AI\data\raw\archive (6)\test\yellow\4ea907ffed.jpg,yellow,14
c:\Users\hasibul shaikh\Documents\Car_Color_Detection_AI\data\raw\archive (6)\train\purple\4d2ed0d96a.jpg,purple,9
c:\Users\hasibul shaikh\Documents\Car_Color_Detection_AI\data\raw\archive (6)\train\red\6ad9b64074.jpg,red,10
c:\Users\hasibul shaikh\Documents\Car_Color_Detection_AI\data\raw\archive (6)\val\tan\fc25e60d42.jpg,tan,12
c:\Users\hasibul shaikh\Documents\Car_Color_Detection_AI\data\raw\archive (6)\val\green\e542fbf7d3.jpg,green,5
c:\Users\hasibul shaikh\Documents\Car_Color_Detection_AI\data\raw\archive (6)\val\gold\ebb6965d04.jpg,gold,4
c:\Users\hasibul shaikh\Documents\Car_Color_Detection_AI\data\raw\archive (6)\train\yellow\51c65b3d5d.jpg,yellow,14
c:\Users\hasibul shaikh\Documents\Car_Color_Detection_AI\data\raw\archive (6)\val\green\b9e2833876.jpg,green,5
c:\Users\hasibul shaikh\Documents\Car_Color_Detection_AI\data\raw\archive (6)\train\black\b659242fe6.jpg,black,1
c:\Users\hasibul shaikh\Documents\Car_Color_Detection_AI\data\raw\archive (6)\train\white\83ac3b2a0b.jpg,white,13
c:\Users\hasibul shaikh\Documents\Car_Color_Detection_AI\data\raw\archive (6)\test\pink\49cac9fe53.jpg,pink,8
c:\Users\hasibul shaikh\Documents\Car_Color_Detection_AI\data\raw\archive (6)\train\blue\cc7c0cf350.jpg,blue,2
c:\Users\hasibul shaikh\Documents\Car_Color_Detection_AI\data\raw\archive (6)\train\green\58cfcb6e91.jpg,green,5
c:\Users\hasibul shaikh\Documents\Car_Color_Detection_AI\data\raw\archive (6)\train\green\b7c2cf6450.jpg,green,5
c:\Users\hasibul shaikh\Documents\Car_Color_Detection_AI\data\raw\archive (6)\test\brown\5184a953ca.jpg,brown,3
c:\Users\hasibul shaikh\Documents\Car_Color_Detection_AI\data\raw\archive (6)\train\white\4257725515.jpg,white,13
c:\Users\hasibul shaikh\Documents\Car_Color_Detection_AI\data\raw\archive (6)\test\orange\14696d533b.jpg,orange,7
c:\Users\hasibul shaikh\Documents\Car_Color_Detection_AI\data\raw\archive (6)\test\orange\1ee097ea51.jpg,orange,7
c:\Users\hasibul shaikh\Documents\Car_Color_Detection_AI\data\raw\archive (6)\train\brown\8eddca6d48.jpg,brown,3
c:\Users\hasibul shaikh\Documents\Car_Color_Detection_AI\data\raw\archive (6)\train\purple\02c45355eb.jpg,purple,9
c:\Users\hasibul shaikh\Documents\Car_Color_Detection_AI\data\raw\archive (6)\test\blue\220fcce743.jpg,blue,2
c:\Users\hasibul shaikh\Documents\Car_Color_Detection_AI\data\raw\archive (6)\train\blue\8a99a01bb3.jpg,blue,2
c:\Users\hasibul shaikh\Documents\Car_Color_Detection_AI\data\raw\archive (6)\test\white\83b7791084.jpg,white,13
c:\Users\hasibul shaikh\Documents\Car_Color_Detection_AI\data\raw\archive (6)\train\tan\d6048cf8d0.jpg,tan,12
c:\Users\hasibul shaikh\Documents\Car_Color_Detection_AI\data\raw\archive (6)\val\silver\7393c8adaf.jpg,silver,11
c:\Users\hasibul shaikh\Documents\Car_Color_Detection_AI\data\raw\archive (6)\train\grey\a232f4c53a.jpg,grey,6
c:\Users\hasibul shaikh\Documents\Car_Color_Detection_AI\data\raw\archive (6)\val\black\20652ddd7c.jpg,black,1
c:\Users\hasibul shaikh\Documents\Car_Color_Detection_AI\data\raw\archive (6)\train\blue\35f8dc0447.jpg,blue,2
c:\Users\hasibul shaikh\Documents\Car_Color_Detection_AI\data\raw\archive (6)\train\green\6ff197766a.jpg,green,5
c:\Users\hasibul shaikh\Documents\Car_Color_Detection_AI\data\raw\archive (6)\train\green\b90981df5b.jpg,green,5
c:\Users\hasibul shaikh\Documents\Car_Color_Detection_AI\data\raw\archive (6)\train\pink\52a3c84eab.jpg,pink,8
c:\Users\hasibul shaikh\Documents\Car_Color_Detection_AI\data\raw\archive (6)\train\pink\7ccf4aacf5.jpg,pink,8
c:\Users\hasibul shaikh\Documents\Car_Color_Detection_AI\data\raw\archive (6)\train\silver\85910d7390.jpg,silver,11
c:\Users\hasibul shaikh\Documents\Car_Color_Detection_AI\data\raw\archive (6)\train\blue\d5783d2d4c.jpg,blue,2
c:\Users\hasibul shaikh\Documents\Car_Color_Detection_AI\data\raw\archive (6)\train\beige\87e1b6f077.jpg,beige,0
c:\Users\hasibul shaikh\Documents\Car_Color_Detection_AI\data\raw\archive (6)\train\purple\82fcb45b77.jpg,purple,9
c:\Users\hasibul shaikh\Documents\Car_Color_Detection_AI\data\raw\archive (6)\train\white\5641114e81.jpg,white,13
c:\Users\hasibul shaikh\Documents\Car_Color_Detection_AI\data\raw\archive (6)\train\red\153f02e46e.jpg,red,10
c:\Users\hasibul shaikh\Documents\Car_Color_Detection_AI\data\raw\archive (6)\train\yellow\d838ced315.jpg,yellow,14
c:\Users\hasibul shaikh\Documents\Car_Color_Detection_AI\data\raw\archive (6)\test\silver\e698545a5d.jpg,silver,11
c:\Users\hasibul shaikh\Documents\Car_Color_Detection_AI\data\raw\archive (6)\val\green\833c0f0701.jpg,green,5
c:\Users\hasibul shaikh\Documents\Car_Color_Detection_AI\data\raw\archive (6)\train\orange\0faa71f09d.jpg,orange,7
c:\Users\hasibul shaikh\Documents\Car_Color_Detection_AI\data\raw\archive (6)\train\black\b5f138d357.jpg,black,1
c:\Users\hasibul shaikh\Documents\Car_Color_Detection_AI\data\raw\archive (6)\train\blue\24264a4d91.jpg,blue,2
c:\Users\hasibul shaikh\Documents\Car_Color_Detection_AI\data\raw\archive (6)\train\silver\f593cf3fc7.jpg,silver,11
c:\Users\hasibul shaikh\Documents\Car_Color_Detection_AI\data\raw\archive (6)\train\orange\6915e3a00e.jpg,orange,7
c:\Users\hasibul shaikh\Documents\Car_Color_Detection_AI\data\raw\archive (6)\train\purple\d266db6cd1.jpg,purple,9
c:\Users\hasibul shaikh\Documents\Car_Color_Detection_AI\data\raw\archive (6)\val\silver\405321e818.jpg,silver,11
c:\Users\hasibul shaikh\Documents\Car_Color_Detection_AI\data\raw\archive (6)\train\green\d472b7ebb9.jpg,green,5
c:\Users\hasibul shaikh\Documents\Car_Color_Detection_AI\data\raw\archive (6)\train\blue\5ea1ad8bf9.jpg,blue,2
c:\Users\hasibul shaikh\Documents\Car_Color_Detection_AI\data\raw\archive (6)\test\beige\977915c70d.jpg,beige,0
c:\Users\hasibul shaikh\Documents\Car_Color_Detection_AI\data\raw\archive (6)\train\blue\54ec588879.jpg,blue,2
c:\Users\hasibul shaikh\Documents\Car_Color_Detection_AI\data\raw\archive (6)\train\green\e845b066d8.jpg,green,5
c:\Users\hasibul shaikh\Documents\Car_Color_Detection_AI\data\raw\archive (6)\train\orange\6ae19fea40.jpg,orange,7
c:\Users\hasibul shaikh\Documents\Car_Color_Detection_AI\data\raw\archive (6)\train\blue\ff554b1c8d.jpg,blue,2
c:\Users\hasibul shaikh\Documents\Car_Color_Detection_AI\data\raw\archive (6)\val\yellow\b4517688fb.jpg,yellow,14
c:\Users\hasibul shaikh\Documents\Car_Color_Detection_AI\data\raw\archive (6)\train\black\dc4b36c217.jpg,black,1
c:\Users\hasibul shaikh\Documents\Car_Color_Detection_AI\data\raw\archive (6)\train\tan\16facd17ed.jpg,tan,12
c:\Users\hasibul shaikh\Documents\Car_Color_Detection_AI\data\raw\archive (6)\val\silver\aca2a18d30.jpg,silver,11
c:\Users\hasibul shaikh\Documents\Car_Color_Detection_AI\data\raw\archive (6)\val\yellow\4b333d7de8.jpg,yellow,14
c:\Users\hasibul shaikh\Documents\Car_Color_Detection_AI\data\raw\archive (6)\train\pink\c87114992e.jpg,pink,8
c:\Users\hasibul shaikh\Documents\Car_Color_Detection_AI\data\raw\archive (6)\train\green\f425c06257.jpg,green,5
c:\Users\hasibul shaikh\Documents\Car_Color_Detection_AI\data\raw\archive (6)\train\green\783a0eaf47.jpg,green,5
c:\Users\hasibul shaikh\Documents\Car_Color_Detection_AI\data\raw\archive (6)\train\red\b16c0ae2ef.jpg,red,10
c:\Users\hasibul shaikh\Documents\Car_Color_Detection_AI\data\raw\archive (6)\train\pink\25b04c3fb2.jpg,pink,8
c:\Users\hasibul shaikh\Documents\Car_Color_Detection_AI\data\raw\archive (6)\val\blue\c59440f183.jpg,blue,2
c:\Users\hasibul shaikh\Documents\Car_Color_Detection_AI\data\raw\archive (6)\test\black\b88ad8113e.jpg,black,1
c:\Users\hasibul shaikh\Documents\Car_Color_Detection_AI\data\raw\archive (6)\train\grey\c82163a9a6.jpg,grey,6
c:\Users\hasibul shaikh\Documents\Car_Color_Detection_AI\data\raw\archive (6)\train\red\aa1b923b61.jpg,red,10
c:\Users\hasibul shaikh\Documents\Car_Color_Detection_AI\data\raw\archive (6)\train\blue\9126dc4548.jpg,blue,2
c:\Users\hasibul shaikh\Documents\Car_Color_Detection_AI\data\raw\archive (6)\train\blue\967a7023c1.jpg,blue,2
c:\Users\hasibul shaikh\Documents\Car_Color_Detection_AI\data\raw\archive (6)\train\grey\30fd7c7ce7.jpg,grey,6
c:\Users\hasibul shaikh\Documents\Car_Color_Detection_AI\data\raw\archive (6)\train\orange\75b1948de7.jpg,orange,7
c:\Users\hasibul shaikh\Documents\Car_Color_Detection_AI\data\raw\archive (6)\train\brown\0282b98093.jpg,brown,3
c:\Users\hasibul shaikh\Documents\Car_Color_Detection_AI\data\raw\archive (6)\train\blue\dd1c7db523.jpg,blue,2
c:\Users\hasibul shaikh\Documents\Car_Color_Detection_AI\data\raw\archive (6)\train\black\07533d01ec.jpg,black,1
c:\Users\hasibul shaikh\Documents\Car_Color_Detection_AI\data\raw\archive (6)\train\brown\d5b758b6e3.jpg,brown,3
c:\Users\hasibul shaikh\Documents\Car_Color_Detection_AI\data\raw\archive (6)\test\white\b8cbea2b40.jpg,white,13
c:\Users\hasibul shaikh\Documents\Car_Color_Detection_AI\data\raw\archive (6)\test\beige\55281ab0d1.jpg,beige,0
c:\Users\hasibul shaikh\Documents\Car_Color_Detection_AI\data\raw\archive (6)\train\blue\1069f73363.jpg,blue,2
c:\Users\hasibul shaikh\Documents\Car_Color_Detection_AI\data\raw\archive (6)\train\white\fedc367790.jpg,white,13
c:\Users\hasibul shaikh\Documents\Car_Color_Detection_AI\data\raw\archive (6)\val\yellow\c23bb07d0d.jpg,yellow,14
c:\Users\hasibul shaikh\Documents\Car_Color_Detection_AI\data\raw\archive (6)\train\red\88e452661a.jpg,red,10
c:\Users\hasibul shaikh\Documents\Car_Color_Detection_AI\data\raw\archive (6)\train\green\92df2bb5da.jpg,green,5
c:\Users\hasibul shaikh\Documents\Car_Color_Detection_AI\data\raw\archive (6)\train\grey\5dad3cf611.jpg,grey,6
c:\Users\hasibul shaikh\Documents\Car_Color_Detection_AI\data\raw\archive (6)\train\purple\1199ba0e93.jpg,purple,9
c:\Users\hasibul shaikh\Documents\Car_Color_Detection_AI\data\raw\archive (6)\train\blue\858be08ebe.jpg,blue,2
c:\Users\hasibul shaikh\Documents\Car_Color_Detection_AI\data\raw\archive (6)\train\red\83ffd67c1d.jpg,red,10
c:\Users\hasibul shaikh\Documents\Car_Color_Detection_AI\data\raw\archive (6)\val\tan\a60a77c910.jpg,tan,12
c:\Users\hasibul shaikh\Documents\Car_Color_Detection_AI\data\raw\archive (6)\train\red\96f4675deb.jpg,red,10
c:\Users\hasibul shaikh\Documents\Car_Color_Detection_AI\data\raw\archive (6)\train\yellow\c8b874a220.jpg,yellow,14
c:\Users\hasibul shaikh\Documents\Car_Color_Detection_AI\data\raw\archive (6)\test\blue\83554aa1cd.jpg,blue,2
c:\Users\hasibul shaikh\Documents\Car_Color_Detection_AI\data\raw\archive (6)\test\pink\0fa368d134.jpg,pink,8
c:\Users\hasibul shaikh\Documents\Car_Color_Detection_AI\data\raw\archive (6)\train\yellow\306200b0cc.jpg,yellow,14
c:\Users\hasibul shaikh\Documents\Car_Color_Detection_AI\data\raw\archive (6)\train\blue\4bc948de2d.jpg,blue,2
c:\Users\hasibul shaikh\Documents\Car_Color_Detection_AI\data\raw\archive (6)\val\green\b7ff3574d9.jpg,green,5
c:\Users\hasibul shaikh\Documents\Car_Color_Detection_AI\data\raw\archive (6)\train\tan\3ebcf6ab5c.jpg,tan,12
c:\Users\hasibul shaikh\Documents\Car_Color_Detection_AI\data\raw\archive (6)\test\red\8f4ade2e0e.jpg,red,10
c:\Users\hasibul shaikh\Documents\Car_Color_Detection_AI\data\raw\archive (6)\val\grey\24e30649fa.jpg,grey,6
c:\Users\hasibul shaikh\Documents\Car_Color_Detection_AI\data\raw\archive (6)\train\black\1cc4c79422.jpg,black,1
c:\Users\hasibul shaikh\Documents\Car_Color_Detection_AI\data\raw\archive (6)\test\white\596817dcb0.jpg,white,13
c:\Users\hasibul shaikh\Documents\Car_Color_Detection_AI\data\raw\archive (6)\val\white\c19233e790.jpg,white,13
c:\Users\hasibul shaikh\Documents\Car_Color_Detection_AI\data\raw\archive (6)\test\brown\6e1d7bde15.jpg,brown,3
c:\Users\hasibul shaikh\Documents\Car_Color_Detection_AI\data\raw\archive (6)\test\pink\835fd1fad6.jpg,pink,8
c:\Users\hasibul shaikh\Documents\Car_Color_Detection_AI\data\raw\archive (6)\train\white\f79fc64d0b.jpg,white,13
c:\Users\hasibul shaikh\Documents\Car_Color_Detection_AI\data\raw\archive (6)\val\yellow\b9599b3be7.jpg,yellow,14
c:\Users\hasibul shaikh\Documents\Car_Color_Detection_AI\data\raw\archive (6)\train\brown\ba3d468e15.jpg,brown,3
c:\Users\hasibul shaikh\Documents\Car_Color_Detection_AI\data\raw\archive (6)\train\white\90814d1a4a.jpg,white,13
c:\Users\hasibul shaikh\Documents\Car_Color_Detection_AI\data\raw\archive (6)\train\black\83de44d022.jpg,black,1
c:\Users\hasibul shaikh\Documents\Car_Color_Detection_AI\data\raw\archive (6)\val\green\cf1f52f3dd.jpg,green,5
c:\Users\hasibul shaikh\Documents\Car_Color_Detection_AI\data\raw\archive (6)\train\orange\6a02df35ce.jpg,orange,7
c:\Users\hasibul shaikh\Documents\Car_Color_Detection_AI\data\raw\archive (6)\train\yellow\da2631984b.jpg,yellow,14
c:\Users\hasibul shaikh\Documents\Car_Color_Detection_AI\data\raw\archive (6)\val\beige\b19f96fd93.jpg,beige,0
c:\Users\hasibul shaikh\Documents\Car_Color_Detection_AI\data\raw\archive (6)\train\silver\84467d5bf5.jpg,silver,11
c:\Users\hasibul shaikh\Documents\Car_Color_Detection_AI\data\raw\archive (6)\train\white\12847be305.jpg,white,13
c:\Users\hasibul shaikh\Documents\Car_Color_Detection_AI\data\raw\archive (6)\train\grey\096b0e161e.jpg,grey,6
c:\Users\hasibul shaikh\Documents\Car_Color_Detection_AI\data\raw\archive (6)\val\green\9491c423d6.jpg,green,5
c:\Users\hasibul shaikh\Documents\Car_Color_Detection_AI\data\raw\archive (6)\train\brown\4c43b284d6.jpg,brown,3
c:\Users\hasibul shaikh\Documents\Car_Color_Detection_AI\data\raw\archive (6)\train\blue\f12d142cb6.jpg,blue,2
c:\Users\hasibul shaikh\Documents\Car_Color_Detection_AI\data\raw\archive (6)\train\silver\2afab26192.jpg,silver,11
c:\Users\hasibul shaikh\Documents\Car_Color_Detection_AI\data\raw\archive (6)\val\black\3924dd464a.jpg,black,1
c:\Users\hasibul shaikh\Documents\Car_Color_Detection_AI\data\raw\archive (6)\val\purple\7e33919ea8.jpg,purple,9
c:\Users\hasibul shaikh\Documents\Car_Color_Detection_AI\data\raw\archive (6)\train\orange\d36c3fffba.jpg,orange,7
c:\Users\hasibul shaikh\Documents\Car_Color_Detection_AI\data\raw\archive (6)\val\orange\e48f764d5b.jpg,orange,7
c:\Users\hasibul shaikh\Documents\Car_Color_Detection_AI\data\raw\archive (6)\train\pink\e82991d059.jpg,pink,8
c:\Users\hasibul shaikh\Documents\Car_Color_Detection_AI\data\raw\archive (6)\test\purple\baf9338a89.jpg,purple,9
c:\Users\hasibul shaikh\Documents\Car_Color_Detection_AI\data\raw\archive (6)\train\brown\199d55fb6b.jpg,brown,3
c:\Users\hasibul shaikh\Documents\Car_Color_Detection_AI\data\raw\archive (6)\train\orange\a69a5757a6.jpg,orange,7
c:\Users\hasibul shaikh\Documents\Car_Color_Detection_AI\data\raw\archive (6)\train\blue\668332660a.jpg,blue,2
c:\Users\hasibul shaikh\Documents\Car_Color_Detection_AI\data\raw\archive (6)\train\purple\58af628a4b.jpg,purple,9
c:\Users\hasibul shaikh\Documents\Car_Color_Detection_AI\data\raw\archive (6)\val\blue\9bdd5a6537.jpg,blue,2
c:\Users\hasibul shaikh\Documents\Car_Color_Detection_AI\data\raw\archive (6)\val\silver\0baa5a7add.jpg,silver,11
c:\Users\hasibul shaikh\Documents\Car_Color_Detection_AI\data\raw\archive (6)\test\tan\86ca8bcc08.jpg,tan,12
c:\Users\hasibul shaikh\Documents\Car_Color_Detection_AI\data\raw\archive (6)\train\black\0ebc1c7f65.jpg,black,1
c:\Users\hasibul shaikh\Documents\Car_Color_Detection_AI\data\raw\archive (6)\train\silver\cc27a04353.jpg,silver,11
c:\Users\hasibul shaikh\Documents\Car_Color_Detection_AI\data\raw\archive (6)\train\yellow\23b5709da6.jpg,yellow,14
c:\Users\hasibul shaikh\Documents\Car_Color_Detection_AI\data\raw\archive (6)\train\blue\e4e3bbd38c.jpg,blue,2
c:\Users\hasibul shaikh\Documents\Car_Color_Detection_AI\data\raw\archive (6)\val\yellow\a9800be941.jpg,yellow,14
c:\Users\hasibul shaikh\Documents\Car_Color_Detection_AI\data\raw\archive (6)\val\red\392e2a05ac.jpg,red,10
c:\Users\hasibul shaikh\Documents\Car_Color_Detection_AI\data\raw\archive (6)\train\pink\7a3b20e728.jpg,pink,8
c:\Users\hasibul shaikh\Documents\Car_Color_Detection_AI\data\raw\archive (6)\train\silver\adb725751f.jpg,silver,11
c:\Users\hasibul shaikh\Documents\Car_Color_Detection_AI\data\raw\archive (6)\train\silver\b3540d0591.jpg,silver,11
c:\Users\hasibul shaikh\Documents\Car_Color_Detection_AI\data\raw\archive (6)\val\white\68a89595f7.jpg,white,13
c:\Users\hasibul shaikh\Documents\Car_Color_Detection_AI\data\raw\archive (6)\train\green\859cdeefc8.jpg,green,5
c:\Users\hasibul shaikh\Documents\Car_Color_Detection_AI\data\raw\archive (6)\train\orange\c4c853edcb.jpg,orange,7
c:\Users\hasibul shaikh\Documents\Car_Color_Detection_AI\data\raw\archive (6)\train\blue\fefc73c500.jpg,blue,2
c:\Users\hasibul shaikh\Documents\Car_Color_Detection_AI\data\raw\archive (6)\val\blue\4012f297fd.jpg,blue,2
c:\Users\hasibul shaikh\Documents\Car_Color_Detection_AI\data\raw\archive (6)\train\grey\674a0c58c7.jpg,grey,6
c:\Users\hasibul shaikh\Documents\Car_Color_Detection_AI\data\raw\archive (6)\train\blue\0c25ef51bb.jpg,blue,2
c:\Users\hasibul shaikh\Documents\Car_Color_Detection_AI\data\raw\archive (6)\train\pink\76ac07e3ae.jpg,pink,8
c:\Users\hasibul shaikh\Documents\Car_Color_Detection_AI\data\raw\archive (6)\val\blue\123bb5fab0.jpg,blue,2
c:\Users\hasibul shaikh\Documents\Car_Color_Detection_AI\data\raw\archive (6)\val\red\69f425ca3d.jpg,red,10
c:\Users\hasibul shaikh\Documents\Car_Color_Detection_AI\data\raw\archive (6)\train\purple\c473f2f791.jpg,purple,9
c:\Users\hasibul shaikh\Documents\Car_Color_Detection_AI\data\raw\archive (6)\train\pink\5fe69c7581.jpg,pink,8
c:\Users\hasibul shaikh\Documents\Car_Color_Detection_AI\data\raw\archive (6)\train\pink\f02c6fb5b1.jpg,pink,8
c:\Users\hasibul shaikh\Documents\Car_Color_Detection_AI\data\raw\archive (6)\train\tan\a5d36854a8.jpg,tan,12
c:\Users\hasibul shaikh\Documents\Car_Color_Detection_AI\data\raw\archive (6)\val\yellow\9900039652.jpg,yellow,14
c:\Users\hasibul shaikh\Documents\Car_Color_Detection_AI\data\raw\archive (6)\train\tan\d97d8eb060.jpg,tan,12
c:\Users\hasibul shaikh\Documents\Car_Color_Detection_AI\data\raw\archive (6)\train\green\c57d749428.jpg,green,5
c:\Users\hasibul shaikh\Documents\Car_Color_Detection_AI\data\raw\archive (6)\val\green\628655685d.jpg,green,5
c:\Users\hasibul shaikh\Documents\Car_Color_Detection_AI\data\raw\archive (6)\train\pink\2e6a467aa6.jpg,pink,8
c:\Users\hasibul shaikh\Documents\Car_Color_Detection_AI\data\raw\archive (6)\train\orange\56426cdf22.jpg,orange,7
c:\Users\hasibul shaikh\Documents\Car_Color_Detection_AI\data\raw\archive (6)\test\grey\5f630b5d78.jpg,grey,6
c:\Users\hasibul shaikh\Documents\Car_Color_Detection_AI\data\raw\archive (6)\train\orange\ea48d0930b.jpg,orange,7
c:\Users\hasibul shaikh\Documents\Car_Color_Detection_AI\data\raw\archive (6)\train\grey\9b1c7b527d.jpg,grey,6
c:\Users\hasibul shaikh\Documents\Car_Color_Detection_AI\data\raw\archive (6)\test\brown\5f39cea59f.jpg,brown,3
c:\Users\hasibul shaikh\Documents\Car_Color_Detection_AI\data\raw\archive (6)\test\orange\6dff8f6856.jpg,orange,7
c:\Users\hasibul shaikh\Documents\Car_Color_Detection_AI\data\raw\archive (6)\train\white\867312db2b.jpg,white,13
c:\Users\hasibul shaikh\Documents\Car_Color_Detection_AI\data\raw\archive (6)\train\tan\891095dfc5.jpg,tan,12
c:\Users\hasibul shaikh\Documents\Car_Color_Detection_AI\data\raw\archive (6)\train\brown\0a1db8cbdd.jpg,brown,3
c:\Users\hasibul shaikh\Documents\Car_Color_Detection_AI\data\raw\archive (6)\train\tan\a6a594cad3.jpg,tan,12
c:\Users\hasibul shaikh\Documents\Car_Color_Detection_AI\data\raw\archive (6)\train\green\f9b8a927f5.jpg,green,5
c:\Users\hasibul shaikh\Documents\Car_Color_Detection_AI\data\raw\archive (6)\train\tan\af1597d79e.jpg,tan,12
c:\Users\hasibul shaikh\Documents\Car_Color_Detection_AI\data\raw\archive (6)\test\orange\3a9ddc07b9.jpg,orange,7
c:\Users\hasibul shaikh\Documents\Car_Color_Detection_AI\data\raw\archive (6)\train\purple\30cb6209d0.jpg,purple,9
c:\Users\hasibul shaikh\Documents\Car_Color_Detection_AI\data\raw\archive (6)\val\white\19764a821c.jpg,white,13
c:\Users\hasibul shaikh\Documents\Car_Color_Detection_AI\data\raw\archive (6)\train\red\6f67b329dd.jpg,red,10
c:\Users\hasibul shaikh\Documents\Car_Color_Detection_AI\data\raw\archive (6)\train\pink\015c2c56c9.jpg,pink,8
c:\Users\hasibul shaikh\Documents\Car_Color_Detection_AI\data\raw\archive (6)\val\orange\8944efe648.jpg,orange,7
c:\Users\hasibul shaikh\Documents\Car_Color_Detection_AI\data\raw\archive (6)\train\pink\88308778a3.jpg,pink,8
c:\Users\hasibul shaikh\Documents\Car_Color_Detection_AI\data\raw\archive (6)\train\brown\203089ef0b.jpg,brown,3
c:\Users\hasibul shaikh\Documents\Car_Color_Detection_AI\data\raw\archive (6)\test\gold\70a31da35b.jpg,gold,4
c:\Users\hasibul shaikh\Documents\Car_Color_Detection_AI\data\raw\archive (6)\val\black\007ab0bb16.jpg,black,1
c:\Users\hasibul shaikh\Documents\Car_Color_Detection_AI\data\raw\archive (6)\train\yellow\2928e7b045.jpg,yellow,14
c:\Users\hasibul shaikh\Documents\Car_Color_Detection_AI\data\raw\archive (6)\val\blue\169f4dc818.jpg,blue,2
c:\Users\hasibul shaikh\Documents\Car_Color_Detection_AI\data\raw\archive (6)\train\blue\190dc8b716.jpg,blue,2
c:\Users\hasibul shaikh\Documents\Car_Color_Detection_AI\data\raw\archive (6)\train\purple\934baf42a7.jpg,purple,9
c:\Users\hasibul shaikh\Documents\Car_Color_Detection_AI\data\raw\archive (6)\val\gold\edd2f94c82.jpg,gold,4
c:\Users\hasibul shaikh\Documents\Car_Color_Detection_AI\data\raw\archive (6)\train\green\bd0b017215.jpg,green,5
c:\Users\hasibul shaikh\Documents\Car_Color_Detection_AI\data\raw\archive (6)\train\brown\7b7294ad20.jpg,brown,3
c:\Users\hasibul shaikh\Documents\Car_Color_Detection_AI\data\raw\archive (6)\test\tan\5832cca595.jpg,tan,12
c:\Users\hasibul shaikh\Documents\Car_Color_Detection_AI\data\raw\archive (6)\train\tan\9fb16a73ae.jpg,tan,12
c:\Users\hasibul shaikh\Documents\Car_Color_Detection_AI\data\raw\archive (6)\train\white\59b54fccbd.jpg,white,13
c:\Users\hasibul shaikh\Documents\Car_Color_Detection_AI\data\raw\archive (6)\train\purple\e119e99e24.jpg,purple,9
c:\Users\hasibul shaikh\Documents\Car_Color_Detection_AI\data\raw\archive (6)\test\brown\f3d49f8ded.jpg,brown,3
c:\Users\hasibul shaikh\Documents\Car_Color_Detection_AI\data\raw\archive (6)\train\yellow\d49df52ecd.jpg,yellow,14
c:\Users\hasibul shaikh\Documents\Car_Color_Detection_AI\data\raw\archive (6)\test\blue\4d77258545.jpg,blue,2
c:\Users\hasibul shaikh\Documents\Car_Color_Detection_AI\data\raw\archive (6)\train\pink\a490efbf3d.jpg,pink,8
c:\Users\hasibul shaikh\Documents\Car_Color_Detection_AI\data\raw\archive (6)\val\red\05b3f057ec.jpg,red,10
c:\Users\hasibul shaikh\Documents\Car_Color_Detection_AI\data\raw\archive (6)\train\silver\6d98efe061.jpg,silver,11
c:\Users\hasibul shaikh\Documents\Car_Color_Detection_AI\data\raw\archive (6)\train\black\528fab1c34.jpg,black,1
c:\Users\hasibul shaikh\Documents\Car_Color_Detection_AI\data\raw\archive (6)\train\gold\551205358f.jpg,gold,4
c:\Users\hasibul shaikh\Documents\Car_Color_Detection_AI\data\raw\archive (6)\train\white\f21cc86348.jpg,white,13
c:\Users\hasibul shaikh\Documents\Car_Color_Detection_AI\data\raw\archive (6)\test\orange\0220efcd31.jpg,orange,7
c:\Users\hasibul shaikh\Documents\Car_Color_Detection_AI\data\raw\archive (6)\train\purple\7f2f80253c.jpg,purple,9
c:\Users\hasibul shaikh\Documents\Car_Color_Detection_AI\data\raw\archive (6)\val\green\916e745ddd.jpg,green,5
c:\Users\hasibul shaikh\Documents\Car_Color_Detection_AI\data\raw\archive (6)\train\silver\744d3faf59.jpg,silver,11
c:\Users\hasibul shaikh\Documents\Car_Color_Detection_AI\data\raw\archive (6)\train\purple\321713e1db.jpg,purple,9
c:\Users\hasibul shaikh\Documents\Car_Color_Detection_AI\data\raw\archive (6)\val\gold\e45ede929e.jpg,gold,4
c:\Users\hasibul shaikh\Documents\Car_Color_Detection_AI\data\raw\archive (6)\val\black\e5c62dc04e.jpg,black,1
c:\Users\hasibul shaikh\Documents\Car_Color_Detection_AI\data\raw\archive (6)\test\brown\8cb65d037c.jpg,brown,3
c:\Users\hasibul shaikh\Documents\Car_Color_Detection_AI\data\raw\archive (6)\train\gold\628b4cdcf0.jpg,gold,4
c:\Users\hasibul shaikh\Documents\Car_Color_Detection_AI\data\raw\archive (6)\train\gold\ff14370f4b.jpg,gold,4
c:\Users\hasibul shaikh\Documents\Car_Color_Detection_AI\data\raw\archive (6)\test\blue\9200c2982f.jpg,blue,2
c:\Users\hasibul shaikh\Documents\Car_Color_Detection_AI\data\raw\archive (6)\train\white\8a0f21281c.jpg,white,13
c:\Users\hasibul shaikh\Documents\Car_Color_Detection_AI\data\raw\archive (6)\test\blue\3bb402f644.jpg,blue,2
c:\Users\hasibul shaikh\Documents\Car_Color_Detection_AI\data\raw\archive (6)\test\green\4bef7bbfd0.jpg,green,5
c:\Users\hasibul shaikh\Documents\Car_Color_Detection_AI\data\raw\archive (6)\val\brown\7cddd776d0.jpg,brown,3
c:\Users\hasibul shaikh\Documents\Car_Color_Detection_AI\data\raw\archive (6)\train\yellow\7767c9f8b6.jpg,yellow,14
c:\Users\hasibul shaikh\Documents\Car_Color_Detection_AI\data\raw\archive (6)\val\yellow\98191c9c89.jpg,yellow,14
c:\Users\hasibul shaikh\Documents\Car_Color_Detection_AI\data\raw\archive (6)\train\purple\5575522089.jpg,purple,9
c:\Users\hasibul shaikh\Documents\Car_Color_Detection_AI\data\raw\archive (6)\val\blue\6c83f6033f.jpg,blue,2
c:\Users\hasibul shaikh\Documents\Car_Color_Detection_AI\data\raw\archive (6)\val\brown\a2ec80ab71.jpg,brown,3
c:\Users\hasibul shaikh\Documents\Car_Color_Detection_AI\data\raw\archive (6)\test\blue\6589cada7e.jpg,blue,2
c:\Users\hasibul shaikh\Documents\Car_Color_Detection_AI\data\raw\archive (6)\train\tan\84c16ea59e.jpg,tan,12
c:\Users\hasibul shaikh\Documents\Car_Color_Detection_AI\data\raw\archive (6)\train\tan\c71eddb72b.jpg,tan,12
c:\Users\hasibul shaikh\Documents\Car_Color_Detection_AI\data\raw\archive (6)\train\silver\2941385cae.jpg,silver,11
c:\Users\hasibul shaikh\Documents\Car_Color_Detection_AI\data\raw\archive (6)\val\grey\c27f21032f.jpg,grey,6
c:\Users\hasibul shaikh\Documents\Car_Color_Detection_AI\data\raw\archive (6)\train\brown\1aebcb01e7.jpg,brown,3
c:\Users\hasibul shaikh\Documents\Car_Color_Detection_AI\data\raw\archive (6)\train\grey\9c860107f3.jpg,grey,6
c:\Users\hasibul shaikh\Documents\Car_Color_Detection_AI\data\raw\archive (6)\train\gold\2d77d4fa23.jpg,gold,4
c:\Users\hasibul shaikh\Documents\Car_Color_Detection_AI\data\raw\archive (6)\val\red\ee5011ff58.jpg,red,10
c:\Users\hasibul shaikh\Documents\Car_Color_Detection_AI\data\raw\archive (6)\test\black\e34abb8e4d.jpg,black,1
c:\Users\hasibul shaikh\Documents\Car_Color_Detection_AI\data\raw\archive (6)\train\black\8320db2742.jpg,black,1
c:\Users\hasibul shaikh\Documents\Car_Color_Detection_AI\data\raw\archive (6)\val\white\a945cf2a74.jpg,white,13
c:\Users\hasibul shaikh\Documents\Car_Color_Detection_AI\data\raw\archive (6)\test\brown\8c0eb19c56.jpg,brown,3
c:\Users\hasibul shaikh\Documents\Car_Color_Detection_AI\data\raw\archive (6)\train\grey\5ce037d58e.jpg,grey,6
c:\Users\hasibul shaikh\Documents\Car_Color_Detection_AI\data\raw\archive (6)\train\pink\c10c2f061f.jpg,pink,8
c:\Users\hasibul shaikh\Documents\Car_Color_Detection_AI\data\raw\archive (6)\test\blue\7e5fcef591.jpg,blue,2
c:\Users\hasibul shaikh\Documents\Car_Color_Detection_AI\data\raw\archive (6)\train\blue\c7d4bd3aad.jpg,blue,2
c:\Users\hasibul shaikh\Documents\Car_Color_Detection_AI\data\raw\archive (6)\train\beige\602a824b90.jpg,beige,0
c:\Users\hasibul shaikh\Documents\Car_Color_Detection_AI\data\raw\archive (6)\test\silver\6f31220605.jpg,silver,11
c:\Users\hasibul shaikh\Documents\Car_Color_Detection_AI\data\raw\archive (6)\train\green\e48bb11440.jpg,green,5
c:\Users\hasibul shaikh\Documents\Car_Color_Detection_AI\data\raw\archive (6)\train\gold\9b2e4eeae3.jpg,gold,4
c:\Users\hasibul shaikh\Documents\Car_Color_Detection_AI\data\raw\archive (6)\val\grey\4f00597946.jpg,grey,6
c:\Users\hasibul shaikh\Documents\Car_Color_Detection_AI\data\raw\archive (6)\train\black\493e1fa884.jpg,black,1
c:\Users\hasibul shaikh\Documents\Car_Color_Detection_AI\data\raw\archive (6)\val\purple\35f9f985d6.jpg,purple,9
c:\Users\hasibul shaikh\Documents\Car_Color_Detection_AI\data\raw\archive (6)\train\tan\3174cb500f.jpg,tan,12
c:\Users\hasibul shaikh\Documents\Car_Color_Detection_AI\data\raw\archive (6)\train\blue\6e3e838f72.jpg,blue,2
c:\Users\hasibul shaikh\Documents\Car_Color_Detection_AI\data\raw\archive (6)\val\grey\922ff26f53.jpg,grey,6
c:\Users\hasibul shaikh\Documents\Car_Color_Detection_AI\data\raw\archive (6)\test\black\b2b37522fb.jpg,black,1
